-- Generated by Craft v2.6.2959 on Feb 20, 2017, 9:33:57 PM.

--
-- Disable foreign key checks and autocommit.
--

SET FOREIGN_KEY_CHECKS = 0;
SET SQL_MODE = "NO_AUTO_VALUE_ON_ZERO";
SET AUTOCOMMIT = 0;
SET NAMES utf8;


DROP TABLE IF EXISTS `assetfiles`;


--
-- Schema for table `assetfiles`
--
CREATE TABLE `assetfiles` (
  `id` int(11) NOT NULL,
  `sourceId` int(11) DEFAULT NULL,
  `folderId` int(11) NOT NULL,
  `filename` varchar(255) COLLATE utf8_unicode_ci NOT NULL,
  `kind` varchar(50) COLLATE utf8_unicode_ci NOT NULL DEFAULT 'unknown',
  `width` int(11) unsigned DEFAULT NULL,
  `height` int(11) unsigned DEFAULT NULL,
  `size` bigint(20) unsigned DEFAULT NULL,
  `dateModified` datetime DEFAULT NULL,
  `dateCreated` datetime NOT NULL,
  `dateUpdated` datetime NOT NULL,
  `uid` char(36) COLLATE utf8_unicode_ci NOT NULL DEFAULT '0',
  PRIMARY KEY (`id`),
  UNIQUE KEY `assetfiles_filename_folderId_unq_idx` (`filename`,`folderId`),
  KEY `assetfiles_sourceId_fk` (`sourceId`),
  KEY `assetfiles_folderId_fk` (`folderId`)
) ENGINE=InnoDB DEFAULT CHARSET=utf8 COLLATE=utf8_unicode_ci;

--
-- Data for table `assetfiles`
--

INSERT INTO `assetfiles` (`id`, `sourceId`, `folderId`, `filename`, `kind`, `width`, `height`, `size`, `dateModified`, `dateCreated`, `dateUpdated`, `uid`) VALUES
 ('28', '1', '1', 'slack-imgs.jpg', 'image', '625', '415', '330550', '2017-02-06 19:21:43', '2017-02-06 19:21:43', '2017-02-06 20:07:17', '5efc4aaa-c15b-4d0f-a808-538b87ad550a'),
 ('29', '1', '1', 'slack-imgs-1.jpg', 'image', '640', '476', '114088', '2017-02-06 19:27:08', '2017-02-06 19:27:08', '2017-02-06 20:07:17', '93235f47-ccdf-43d4-88b4-498a098921e6'),
 ('30', NULL, '6', '02-1.jpg', 'image', '867', '1300', '185178', '2017-02-06 19:35:17', '2017-02-06 19:35:17', '2017-02-06 19:35:17', '007e910c-5957-4109-8fae-5c2a9fd59446'),
 ('31', '1', '7', 'eJyVjc0KwjAQhN9lz2lIe1DJTQKeFEQED6WHWNd2dW1KN-IfvruhdwUvwwzMfFPCcp251TxzgRnrSKGTnWfOTK5PfQOqLIEuvsHo5az7IdQoEgbRTHvthtCnRqVe8ABrFNxHbZGaNoLNZyalGx1iC7aYGvOu1A_aBoWeuA0LigmaT9K4uzKro2fB0aajfxCF-YIY5QPtg1Vp.jpg', 'image', '1600', '1067', '266564', '2017-02-06 19:35:44', '2017-02-06 19:35:45', '2017-02-06 20:07:16', 'd711f7fc-18c8-42e8-be2e-17f1256a8afd'),
 ('36', '1', '1', 'Desktop-HD-Copy-4.png', 'image', '1440', '1024', '526959', '2017-02-06 20:08:02', '2017-02-06 20:06:41', '2017-02-06 20:07:15', 'bd56cced-a101-47b2-a57e-80d396c373ee'),
 ('38', NULL, '8', 'eJx9jc0KwjAQhN9lz9uQeqjamxY8KYh4K0ViXJto7JYk_tN3N_QBvHzMwPBNDettVm0W2ZKU5k6zY59p9p50tNwdHhNx6VvAugZ7Uy1FFa6i96wpBPZBOHsUlec-LRr8whtKifAaaci2JkKZy-kM4WlP0aQyz4uhwT-2HQX7oT2vbEzSvJASu7tzeFYu0BjT0dCM-AHy-UCV.jpg', 'image', '1600', '900', '220822', '2017-02-06 20:09:32', '2017-02-06 20:08:11', '2017-02-06 20:08:11', '37023b87-c4ee-4f2d-9fab-5a2186fe0bb0'),
 ('39', '1', '7', 'eJx9jcsKwjAURP_lrpOQuBDtrhS6siDiLmQR67W9NjUlidQH_XdDP8DNMAeGMxoOR141Ja9ti2VIsw8DbyiQHblU4j51wLQGGm2HycZBTMG3GKMPUTi6iCr4KS8M-8IbCsngtWaP1PUJCiV3mWa6pj7DfiMXw_7YThjpg2dfU8pStZWSPZ7OsZt1Edeajxazxg9KXj4p.jpg', 'image', '1600', '900', '117015', '2017-02-06 20:12:37', '2017-02-06 20:11:16', '2017-02-06 20:11:16', 'd6a114d7-5051-4b8d-9f33-564a27409833');



DROP TABLE IF EXISTS `assetfolders`;


--
-- Schema for table `assetfolders`
--
CREATE TABLE `assetfolders` (
  `id` int(11) NOT NULL AUTO_INCREMENT,
  `parentId` int(11) DEFAULT NULL,
  `sourceId` int(11) DEFAULT NULL,
  `name` varchar(255) COLLATE utf8_unicode_ci NOT NULL,
  `path` varchar(255) COLLATE utf8_unicode_ci DEFAULT NULL,
  `dateCreated` datetime NOT NULL,
  `dateUpdated` datetime NOT NULL,
  `uid` char(36) COLLATE utf8_unicode_ci NOT NULL DEFAULT '0',
  PRIMARY KEY (`id`),
  UNIQUE KEY `assetfolders_name_parentId_sourceId_unq_idx` (`name`,`parentId`,`sourceId`),
  KEY `assetfolders_parentId_fk` (`parentId`),
  KEY `assetfolders_sourceId_fk` (`sourceId`)
) ENGINE=InnoDB AUTO_INCREMENT=11 DEFAULT CHARSET=utf8 COLLATE=utf8_unicode_ci;

--
-- Data for table `assetfolders`
--

INSERT INTO `assetfolders` (`id`, `parentId`, `sourceId`, `name`, `path`, `dateCreated`, `dateUpdated`, `uid`) VALUES
 ('1', NULL, '1', 'images', '', '2017-02-01 22:33:32', '2017-02-06 18:49:18', 'cd10f86c-531e-4e51-abba-8d0a76d6dd80'),
 ('2', NULL, NULL, 'Temporary source', NULL, '2017-02-06 18:27:00', '2017-02-06 18:27:00', '0d978ae0-8e75-41a4-a9e4-106170b54296'),
 ('3', '2', NULL, 'user_1', NULL, '2017-02-06 18:27:00', '2017-02-06 18:27:00', '0b72437d-b704-4a22-895d-2a66ee3cce12'),
 ('4', '3', NULL, 'field_27', 'field_27/', '2017-02-06 18:27:00', '2017-02-06 18:27:00', '1fb30e43-09cf-4290-8a28-a0f605464a15'),
 ('6', '3', NULL, 'field_30', 'field_30/', '2017-02-06 19:34:49', '2017-02-06 19:34:49', '30f186a8-63c6-4b0b-a01f-f8cd6464fe4b'),
 ('7', '1', '1', 'electricity2', 'electricity2/', '2017-02-06 19:35:54', '2017-02-06 19:35:54', '819daa4f-68ae-41cb-bff1-749424bae1c8'),
 ('8', '3', NULL, 'field_19', 'field_19/', '2017-02-06 20:07:45', '2017-02-06 20:07:45', 'f1dfc902-3111-4800-9130-9fb427606b0d'),
 ('9', '3', NULL, 'field_46', 'field_46/', '2017-02-20 21:26:27', '2017-02-20 21:26:27', '18f56780-e9f8-4464-bbab-0a91635a7c9c'),
 ('10', '3', NULL, 'field_41', 'field_41/', '2017-02-20 21:26:28', '2017-02-20 21:26:28', '2b92e065-071e-4bd6-83a4-56aff1ff5fa3');



DROP TABLE IF EXISTS `assetindexdata`;


--
-- Schema for table `assetindexdata`
--
CREATE TABLE `assetindexdata` (
  `id` int(11) NOT NULL AUTO_INCREMENT,
  `sessionId` varchar(36) COLLATE utf8_unicode_ci NOT NULL DEFAULT '',
  `sourceId` int(11) NOT NULL,
  `offset` int(11) NOT NULL,
  `uri` varchar(255) COLLATE utf8_unicode_ci DEFAULT NULL,
  `size` varchar(255) COLLATE utf8_unicode_ci DEFAULT NULL,
  `recordId` int(11) DEFAULT NULL,
  `dateCreated` datetime NOT NULL,
  `dateUpdated` datetime NOT NULL,
  `uid` char(36) COLLATE utf8_unicode_ci NOT NULL DEFAULT '0',
  PRIMARY KEY (`id`),
  UNIQUE KEY `assetindexdata_sessionId_sourceId_offset_unq_idx` (`sessionId`,`sourceId`,`offset`),
  KEY `assetindexdata_sourceId_fk` (`sourceId`)
) ENGINE=InnoDB DEFAULT CHARSET=utf8 COLLATE=utf8_unicode_ci;

DROP TABLE IF EXISTS `assetsources`;


--
-- Schema for table `assetsources`
--
CREATE TABLE `assetsources` (
  `id` int(11) NOT NULL AUTO_INCREMENT,
  `name` varchar(255) COLLATE utf8_unicode_ci NOT NULL,
  `handle` varchar(255) COLLATE utf8_unicode_ci NOT NULL,
  `type` varchar(150) COLLATE utf8_unicode_ci NOT NULL,
  `settings` text COLLATE utf8_unicode_ci,
  `sortOrder` smallint(6) unsigned DEFAULT NULL,
  `fieldLayoutId` int(11) DEFAULT NULL,
  `dateCreated` datetime NOT NULL,
  `dateUpdated` datetime NOT NULL,
  `uid` char(36) COLLATE utf8_unicode_ci NOT NULL DEFAULT '0',
  PRIMARY KEY (`id`),
  UNIQUE KEY `assetsources_name_unq_idx` (`name`),
  UNIQUE KEY `assetsources_handle_unq_idx` (`handle`),
  KEY `assetsources_fieldLayoutId_fk` (`fieldLayoutId`)
) ENGINE=InnoDB AUTO_INCREMENT=2 DEFAULT CHARSET=utf8 COLLATE=utf8_unicode_ci;

--
-- Data for table `assetsources`
--

INSERT INTO `assetsources` (`id`, `name`, `handle`, `type`, `settings`, `sortOrder`, `fieldLayoutId`, `dateCreated`, `dateUpdated`, `uid`) VALUES
 ('1', 'images', 'images', 'Local', '{\"path\":\"images\\/\",\"publicURLs\":\"1\",\"url\":\"images\\/\"}', '1', '52', '2017-02-01 22:33:32', '2017-02-20 21:25:34', '70403c67-54b3-482d-ad5e-a736a74fed83');



DROP TABLE IF EXISTS `assettransformindex`;


--
-- Schema for table `assettransformindex`
--
CREATE TABLE `assettransformindex` (
  `id` int(11) NOT NULL AUTO_INCREMENT,
  `fileId` int(11) NOT NULL,
  `filename` varchar(255) COLLATE utf8_unicode_ci DEFAULT NULL,
  `format` varchar(255) COLLATE utf8_unicode_ci DEFAULT NULL,
  `location` varchar(255) COLLATE utf8_unicode_ci NOT NULL,
  `sourceId` int(11) DEFAULT NULL,
  `fileExists` tinyint(1) DEFAULT NULL,
  `inProgress` tinyint(1) DEFAULT NULL,
  `dateIndexed` datetime DEFAULT NULL,
  `dateCreated` datetime NOT NULL,
  `dateUpdated` datetime NOT NULL,
  `uid` char(36) COLLATE utf8_unicode_ci NOT NULL DEFAULT '0',
  PRIMARY KEY (`id`),
  KEY `assettransformindex_sourceId_fileId_location_idx` (`sourceId`,`fileId`,`location`)
) ENGINE=InnoDB DEFAULT CHARSET=utf8 COLLATE=utf8_unicode_ci;

DROP TABLE IF EXISTS `assettransforms`;


--
-- Schema for table `assettransforms`
--
CREATE TABLE `assettransforms` (
  `id` int(11) NOT NULL AUTO_INCREMENT,
  `name` varchar(255) COLLATE utf8_unicode_ci NOT NULL,
  `handle` varchar(255) COLLATE utf8_unicode_ci NOT NULL,
  `mode` enum('stretch','fit','crop') COLLATE utf8_unicode_ci NOT NULL DEFAULT 'crop',
  `position` enum('top-left','top-center','top-right','center-left','center-center','center-right','bottom-left','bottom-center','bottom-right') COLLATE utf8_unicode_ci NOT NULL DEFAULT 'center-center',
  `height` int(11) DEFAULT NULL,
  `width` int(11) DEFAULT NULL,
  `format` varchar(255) COLLATE utf8_unicode_ci DEFAULT NULL,
  `quality` int(11) DEFAULT NULL,
  `dimensionChangeTime` datetime DEFAULT NULL,
  `dateCreated` datetime NOT NULL,
  `dateUpdated` datetime NOT NULL,
  `uid` char(36) COLLATE utf8_unicode_ci NOT NULL DEFAULT '0',
  PRIMARY KEY (`id`),
  UNIQUE KEY `assettransforms_name_unq_idx` (`name`),
  UNIQUE KEY `assettransforms_handle_unq_idx` (`handle`)
) ENGINE=InnoDB AUTO_INCREMENT=3 DEFAULT CHARSET=utf8 COLLATE=utf8_unicode_ci;

--
-- Data for table `assettransforms`
--

INSERT INTO `assettransforms` (`id`, `name`, `handle`, `mode`, `position`, `height`, `width`, `format`, `quality`, `dimensionChangeTime`, `dateCreated`, `dateUpdated`, `uid`) VALUES
 ('1', 'Featured Image', 'featuredImage', 'crop', 'center-center', '740', '1280', 'jpg', '82', '2017-02-01 22:34:14', '2017-02-01 22:34:14', '2017-02-01 22:34:14', '21db5cea-feec-4570-a309-98faf3daed76'),
 ('2', 'standard thumbnail', 'standardThumbnail', 'crop', 'center-center', '300', '1024', 'jpg', '82', '2017-02-01 22:34:59', '2017-02-01 22:34:59', '2017-02-01 22:34:59', '31d6e6fd-cc47-45b1-a468-59608046a358');



DROP TABLE IF EXISTS `categories`;


--
-- Schema for table `categories`
--
CREATE TABLE `categories` (
  `id` int(11) NOT NULL,
  `groupId` int(11) NOT NULL,
  `dateCreated` datetime NOT NULL,
  `dateUpdated` datetime NOT NULL,
  `uid` char(36) COLLATE utf8_unicode_ci NOT NULL DEFAULT '0',
  PRIMARY KEY (`id`),
  KEY `categories_groupId_fk` (`groupId`)
) ENGINE=InnoDB DEFAULT CHARSET=utf8 COLLATE=utf8_unicode_ci;

DROP TABLE IF EXISTS `categorygroups`;


--
-- Schema for table `categorygroups`
--
CREATE TABLE `categorygroups` (
  `id` int(11) NOT NULL AUTO_INCREMENT,
  `structureId` int(11) NOT NULL,
  `fieldLayoutId` int(11) DEFAULT NULL,
  `name` varchar(255) COLLATE utf8_unicode_ci NOT NULL,
  `handle` varchar(255) COLLATE utf8_unicode_ci NOT NULL,
  `hasUrls` tinyint(1) unsigned NOT NULL DEFAULT '1',
  `template` varchar(500) COLLATE utf8_unicode_ci DEFAULT NULL,
  `dateCreated` datetime NOT NULL,
  `dateUpdated` datetime NOT NULL,
  `uid` char(36) COLLATE utf8_unicode_ci NOT NULL DEFAULT '0',
  PRIMARY KEY (`id`),
  UNIQUE KEY `categorygroups_name_unq_idx` (`name`),
  UNIQUE KEY `categorygroups_handle_unq_idx` (`handle`),
  KEY `categorygroups_structureId_fk` (`structureId`),
  KEY `categorygroups_fieldLayoutId_fk` (`fieldLayoutId`)
) ENGINE=InnoDB DEFAULT CHARSET=utf8 COLLATE=utf8_unicode_ci;

DROP TABLE IF EXISTS `categorygroups_i18n`;


--
-- Schema for table `categorygroups_i18n`
--
CREATE TABLE `categorygroups_i18n` (
  `id` int(11) NOT NULL AUTO_INCREMENT,
  `groupId` int(11) NOT NULL,
  `locale` char(12) COLLATE utf8_unicode_ci NOT NULL,
  `urlFormat` text COLLATE utf8_unicode_ci,
  `nestedUrlFormat` text COLLATE utf8_unicode_ci,
  `dateCreated` datetime NOT NULL,
  `dateUpdated` datetime NOT NULL,
  `uid` char(36) COLLATE utf8_unicode_ci NOT NULL DEFAULT '0',
  PRIMARY KEY (`id`),
  UNIQUE KEY `categorygroups_i18n_groupId_locale_unq_idx` (`groupId`,`locale`),
  KEY `categorygroups_i18n_locale_fk` (`locale`)
) ENGINE=InnoDB DEFAULT CHARSET=utf8 COLLATE=utf8_unicode_ci;

DROP TABLE IF EXISTS `content`;


--
-- Schema for table `content`
--
CREATE TABLE `content` (
  `id` int(11) NOT NULL AUTO_INCREMENT,
  `elementId` int(11) NOT NULL,
  `locale` char(12) COLLATE utf8_unicode_ci NOT NULL,
  `title` varchar(255) COLLATE utf8_unicode_ci DEFAULT NULL,
  `field_imageDescription` text COLLATE utf8_unicode_ci,
  `field_representationCompanyLink` text COLLATE utf8_unicode_ci,
  `field_representationCompanyLocation` text COLLATE utf8_unicode_ci,
  `field_representationCompanyText` text COLLATE utf8_unicode_ci,
  `field_showCompanyName` text COLLATE utf8_unicode_ci,
  `field_showDateEnd` datetime DEFAULT NULL,
  `field_showDateStart` datetime DEFAULT NULL,
  `dateCreated` datetime NOT NULL,
  `dateUpdated` datetime NOT NULL,
  `uid` char(36) COLLATE utf8_unicode_ci NOT NULL DEFAULT '0',
  PRIMARY KEY (`id`),
  UNIQUE KEY `content_elementId_locale_unq_idx` (`elementId`,`locale`),
  KEY `content_title_idx` (`title`),
  KEY `content_locale_fk` (`locale`)
) ENGINE=InnoDB AUTO_INCREMENT=31 DEFAULT CHARSET=utf8 COLLATE=utf8_unicode_ci;

--
-- Data for table `content`
--

INSERT INTO `content` (`id`, `elementId`, `locale`, `title`, `field_imageDescription`, `field_representationCompanyLink`, `field_representationCompanyLocation`, `field_representationCompanyText`, `field_showCompanyName`, `field_showDateEnd`, `field_showDateStart`, `dateCreated`, `dateUpdated`, `uid`) VALUES
 ('1', '1', 'en_us', NULL, NULL, NULL, NULL, NULL, NULL, NULL, NULL, '2017-01-26 23:53:36', '2017-01-26 23:53:36', 'bb57f5ea-6ea5-448a-8706-5f489bd3bcf1'),
 ('2', '2', 'en_us', 'Welcome to Craft.dev!', NULL, NULL, NULL, NULL, NULL, NULL, NULL, '2017-01-26 23:53:37', '2017-01-27 00:30:07', 'd9f0d20c-a103-4884-94a0-278bb7a648d8'),
 ('21', '28', 'en_us', 'Slack Imgs', NULL, NULL, NULL, NULL, NULL, NULL, NULL, '2017-02-06 19:21:43', '2017-02-20 21:30:00', '4a57a773-3b8b-4d53-bbe6-5dcdc6275a3e'),
 ('22', '29', 'en_us', 'Slack Imgs 1', NULL, NULL, NULL, NULL, NULL, NULL, NULL, '2017-02-06 19:27:08', '2017-02-20 21:30:00', '8a771504-202d-4dc2-9735-cb3b5fb43fbf'),
 ('23', '30', 'en_us', '02 1', NULL, NULL, NULL, NULL, NULL, NULL, NULL, '2017-02-06 19:35:17', '2017-02-06 19:35:17', 'a19e5b54-f687-4c22-a23a-471d0cdeeb74'),
 ('24', '31', 'en_us', 'New AssetFile', NULL, NULL, NULL, NULL, NULL, NULL, NULL, '2017-02-06 19:35:45', '2017-02-06 20:07:16', '9c81a9b7-abe4-4582-90d9-ffacfdc83fbf'),
 ('26', '36', 'en_us', 'Desktop Hd Copy 4', NULL, NULL, NULL, NULL, NULL, NULL, NULL, '2017-02-06 20:06:41', '2017-02-06 20:07:15', 'da8f34f7-8421-4957-8bb4-087b20ea1b55'),
 ('27', '38', 'en_us', 'E Jx9Jc0 Kwj Aqh N9Lz9U Qeqjamx Y8 Kyh4 K0 Vi Xjto7 Jyk T N3 N Qbv Hz Mw Pbndett Vm0 W2 Zku5K6Z Y59P9P50T Nwd Hh Nx6 Vv Aug Z7 Uy1 Ffa6I96Wp Bpzbohs Ulec Lrr8Wht Kif Aaaci2 Jk Kzy K M4 Wl P0A Qyz4Uhw T 2 Hqx7O T2Vb Ez Sv Jasu7Tze Fyu0 Bj T0D Cm Ahy Ucv', NULL, NULL, NULL, NULL, NULL, NULL, NULL, '2017-02-06 20:08:11', '2017-02-06 20:08:11', '4b005658-b45b-40fd-b9d4-235d0888990d'),
 ('28', '39', 'en_us', 'E Jx9Jcs Kwj Aurp Lrp Oqu Bdtrh S6Si Di Lm Qr67 W9 Nj Ulid Qh Xd Dp8 Dnmae Gmxo Or141 Ja9Ti2 Visw8 Dbyi Qhbl U4J51W Lqggm2 Hyc Zbtmg3 Gkmputi6I Cr4 Ks8 M 8 Ib Csngt Wa P1 Pujci V3M Wa6Pj7 Dfi Mxw 7 Ythjpg2Df U8P St Zwspz7 Os Zt1 Edeajxazxg9 Kxj4P', NULL, NULL, NULL, NULL, NULL, NULL, NULL, '2017-02-06 20:11:16', '2017-02-06 20:11:16', '099e9ac8-2dfa-4224-bad5-ef017f56d9bf'),
 ('29', '28', 'he', 'Slack Imgs', NULL, NULL, NULL, NULL, NULL, NULL, NULL, '2017-02-20 21:30:00', '2017-02-20 21:30:00', '079c478a-8c00-4f70-aa87-197f89762582'),
 ('30', '29', 'he', 'Slack Imgs 1', NULL, NULL, NULL, NULL, NULL, NULL, NULL, '2017-02-20 21:30:00', '2017-02-20 21:30:00', '18361398-2fbb-4248-87db-c0f9eb2fefc5');



DROP TABLE IF EXISTS `deprecationerrors`;


--
-- Schema for table `deprecationerrors`
--
CREATE TABLE `deprecationerrors` (
  `id` int(11) NOT NULL AUTO_INCREMENT,
  `key` varchar(255) COLLATE utf8_unicode_ci NOT NULL,
  `fingerprint` varchar(255) COLLATE utf8_unicode_ci NOT NULL,
  `lastOccurrence` datetime NOT NULL,
  `file` varchar(255) COLLATE utf8_unicode_ci NOT NULL,
  `line` smallint(6) unsigned NOT NULL,
  `class` varchar(255) COLLATE utf8_unicode_ci DEFAULT NULL,
  `method` varchar(255) COLLATE utf8_unicode_ci DEFAULT NULL,
  `template` varchar(255) COLLATE utf8_unicode_ci DEFAULT NULL,
  `templateLine` smallint(6) unsigned DEFAULT NULL,
  `message` varchar(255) COLLATE utf8_unicode_ci DEFAULT NULL,
  `traces` text COLLATE utf8_unicode_ci,
  `dateCreated` datetime NOT NULL,
  `dateUpdated` datetime NOT NULL,
  `uid` char(36) COLLATE utf8_unicode_ci NOT NULL DEFAULT '0',
  PRIMARY KEY (`id`),
  UNIQUE KEY `deprecationerrors_key_fingerprint_unq_idx` (`key`,`fingerprint`)
) ENGINE=InnoDB DEFAULT CHARSET=utf8 COLLATE=utf8_unicode_ci;

DROP TABLE IF EXISTS `elementindexsettings`;


--
-- Schema for table `elementindexsettings`
--
CREATE TABLE `elementindexsettings` (
  `id` int(11) NOT NULL AUTO_INCREMENT,
  `type` varchar(150) COLLATE utf8_unicode_ci NOT NULL,
  `settings` text COLLATE utf8_unicode_ci,
  `dateCreated` datetime NOT NULL,
  `dateUpdated` datetime NOT NULL,
  `uid` char(36) COLLATE utf8_unicode_ci NOT NULL DEFAULT '0',
  PRIMARY KEY (`id`),
  UNIQUE KEY `elementindexsettings_type_unq_idx` (`type`)
) ENGINE=InnoDB DEFAULT CHARSET=utf8 COLLATE=utf8_unicode_ci;

DROP TABLE IF EXISTS `elements`;


--
-- Schema for table `elements`
--
CREATE TABLE `elements` (
  `id` int(11) NOT NULL AUTO_INCREMENT,
  `type` varchar(150) COLLATE utf8_unicode_ci NOT NULL,
  `enabled` tinyint(1) unsigned NOT NULL DEFAULT '1',
  `archived` tinyint(1) unsigned NOT NULL DEFAULT '0',
  `dateCreated` datetime NOT NULL,
  `dateUpdated` datetime NOT NULL,
  `uid` char(36) COLLATE utf8_unicode_ci NOT NULL DEFAULT '0',
  PRIMARY KEY (`id`),
  KEY `elements_type_idx` (`type`),
  KEY `elements_enabled_idx` (`enabled`),
  KEY `elements_archived_dateCreated_idx` (`archived`,`dateCreated`)
) ENGINE=InnoDB AUTO_INCREMENT=42 DEFAULT CHARSET=utf8 COLLATE=utf8_unicode_ci;

--
-- Data for table `elements`
--

INSERT INTO `elements` (`id`, `type`, `enabled`, `archived`, `dateCreated`, `dateUpdated`, `uid`) VALUES
 ('1', 'User', '1', '0', '2017-01-26 23:53:36', '2017-01-26 23:53:36', '0b1810bd-fbe9-4978-bac7-877e166dc6a9'),
 ('2', 'Entry', '1', '0', '2017-01-26 23:53:37', '2017-01-27 00:30:07', '726db238-5bac-42d9-9010-10bc07923d7e'),
 ('28', 'Asset', '1', '0', '2017-02-06 19:21:43', '2017-02-20 21:30:00', 'a8fe8f86-f23b-4674-b10c-914fb5e11ca9'),
 ('29', 'Asset', '1', '0', '2017-02-06 19:27:08', '2017-02-20 21:30:00', 'cccff768-9c54-4ca8-8d3d-2f060644b4a0'),
 ('30', 'Asset', '1', '0', '2017-02-06 19:35:17', '2017-02-06 19:35:17', '17b2cb7f-fe58-468d-b4c0-8259f1ce5050'),
 ('31', 'Asset', '1', '0', '2017-02-06 19:35:45', '2017-02-06 20:07:16', '53da3c4c-806b-46b1-b42e-1ff8e32bf434'),
 ('36', 'Asset', '1', '0', '2017-02-06 20:06:41', '2017-02-06 20:07:15', '54485c47-b444-4a01-8c09-2335400b2edb'),
 ('38', 'Asset', '1', '0', '2017-02-06 20:08:11', '2017-02-06 20:08:11', '9f96a3c8-e280-450f-9b33-f5b726b642d6'),
 ('39', 'Asset', '1', '0', '2017-02-06 20:11:16', '2017-02-06 20:11:16', '50827a2f-a819-49e9-bd5b-08a68d7dcfb7');



DROP TABLE IF EXISTS `elements_i18n`;


--
-- Schema for table `elements_i18n`
--
CREATE TABLE `elements_i18n` (
  `id` int(11) NOT NULL AUTO_INCREMENT,
  `elementId` int(11) NOT NULL,
  `locale` char(12) COLLATE utf8_unicode_ci NOT NULL,
  `slug` varchar(255) COLLATE utf8_unicode_ci DEFAULT NULL,
  `uri` varchar(255) COLLATE utf8_unicode_ci DEFAULT NULL,
  `enabled` tinyint(1) unsigned NOT NULL DEFAULT '1',
  `dateCreated` datetime NOT NULL,
  `dateUpdated` datetime NOT NULL,
  `uid` char(36) COLLATE utf8_unicode_ci NOT NULL DEFAULT '0',
  PRIMARY KEY (`id`),
  UNIQUE KEY `elements_i18n_elementId_locale_unq_idx` (`elementId`,`locale`),
  UNIQUE KEY `elements_i18n_uri_locale_unq_idx` (`uri`,`locale`),
  KEY `elements_i18n_slug_locale_idx` (`slug`,`locale`),
  KEY `elements_i18n_enabled_idx` (`enabled`),
  KEY `elements_i18n_locale_fk` (`locale`)
) ENGINE=InnoDB AUTO_INCREMENT=44 DEFAULT CHARSET=utf8 COLLATE=utf8_unicode_ci;

--
-- Data for table `elements_i18n`
--

INSERT INTO `elements_i18n` (`id`, `elementId`, `locale`, `slug`, `uri`, `enabled`, `dateCreated`, `dateUpdated`, `uid`) VALUES
 ('1', '1', 'en_us', '', NULL, '1', '2017-01-26 23:53:36', '2017-01-26 23:53:36', '5dc30400-3fc6-49a2-87b2-852189edf070'),
 ('2', '2', 'en_us', 'homepage', 'welcome', '1', '2017-01-26 23:53:37', '2017-01-27 00:30:07', 'e8eff42d-d40a-4f77-b119-98f96d1aa89d'),
 ('28', '28', 'en_us', 'slack-imgs', NULL, '1', '2017-02-06 19:21:43', '2017-02-20 21:30:00', 'a56dc0ba-f9bf-43ed-ad4c-d39ddd2fcd47'),
 ('29', '29', 'en_us', 'slack-imgs-1', NULL, '1', '2017-02-06 19:27:08', '2017-02-20 21:30:00', '68b6ad60-9dc5-4736-a91e-52d1860ed62e'),
 ('30', '30', 'en_us', '02-1', NULL, '1', '2017-02-06 19:35:17', '2017-02-06 19:35:17', '4c0e6bc4-c50a-4bb8-a3fa-8a8d12a2b3a8'),
 ('31', '31', 'en_us', 'new-assetfile', NULL, '1', '2017-02-06 19:35:45', '2017-02-06 20:07:16', '14ff000e-eba5-429a-9a5d-4ae0b19e4662'),
 ('36', '36', 'en_us', 'desktop-hd-copy-4', NULL, '1', '2017-02-06 20:06:41', '2017-02-06 20:07:15', '7681d205-35f0-4c49-a6fd-89c7b4da73fd'),
 ('38', '38', 'en_us', 'e-jx9jc0-kwj-aqh-n9lz9u-qeqjamx-y8-kyh4-k0-vi-xjto7-jyk-t-n3-n-qbv-hz-mw-pbndett-vm0-w2-zku5k6z-y59p9p50t-nwd-hh-nx6-vv-aug-z7-uy1-ffa6i96wp-bpzbohs-ulec-lrr8wht-kif-aaaci2-jk-kzy-k-m4-wl-p0a-qyz4uhw-t-2-hqx7o-t2vb-ez-sv-jasu7tze-fyu0-bj-t0d-cm-ahy-ucv', NULL, '1', '2017-02-06 20:08:11', '2017-02-06 20:08:11', 'd9d5d4c8-906c-4d82-8a30-298ed5e58219'),
 ('39', '39', 'en_us', 'e-jx9jcs-kwj-aurp-lrp-oqu-bdtrh-s6si-di-lm-qr67-w9-nj-ulid-qh-xd-dp8-dnmae-gmxo-or141-ja9ti2-visw8-dbyi-qhbl-u4j51w-lqggm2-hyc-zbtmg3-gkmputi6i-cr4-ks8-m-8-ib-csngt-wa-p1-pujci-v3m-wa6pj7-dfi-mxw-7-ythjpg2df-u8p-st-zwspz7-os-zt1-edeajxazxg9-kxj4p', NULL, '1', '2017-02-06 20:11:16', '2017-02-06 20:11:16', 'd756b903-5c08-4b58-9a23-77eab6fad293'),
 ('42', '28', 'he', 'slack-imgs', NULL, '1', '2017-02-20 21:30:00', '2017-02-20 21:30:00', '3dda1508-4b38-4e5c-8db3-b696f742934f'),
 ('43', '29', 'he', 'slack-imgs-1', NULL, '1', '2017-02-20 21:30:00', '2017-02-20 21:30:00', '7c82f3d3-da49-4737-8510-fdabcda845f3');



DROP TABLE IF EXISTS `emailmessages`;


--
-- Schema for table `emailmessages`
--
CREATE TABLE `emailmessages` (
  `id` int(11) NOT NULL AUTO_INCREMENT,
  `key` char(150) COLLATE utf8_unicode_ci NOT NULL,
  `locale` char(12) COLLATE utf8_unicode_ci NOT NULL,
  `subject` varchar(1000) COLLATE utf8_unicode_ci NOT NULL,
  `body` text COLLATE utf8_unicode_ci NOT NULL,
  `dateCreated` datetime NOT NULL,
  `dateUpdated` datetime NOT NULL,
  `uid` char(36) COLLATE utf8_unicode_ci NOT NULL DEFAULT '0',
  PRIMARY KEY (`id`),
  UNIQUE KEY `emailmessages_key_locale_unq_idx` (`key`,`locale`),
  KEY `emailmessages_locale_fk` (`locale`)
) ENGINE=InnoDB DEFAULT CHARSET=utf8 COLLATE=utf8_unicode_ci;

DROP TABLE IF EXISTS `entries`;


--
-- Schema for table `entries`
--
CREATE TABLE `entries` (
  `id` int(11) NOT NULL,
  `sectionId` int(11) NOT NULL,
  `typeId` int(11) DEFAULT NULL,
  `authorId` int(11) DEFAULT NULL,
  `postDate` datetime DEFAULT NULL,
  `expiryDate` datetime DEFAULT NULL,
  `dateCreated` datetime NOT NULL,
  `dateUpdated` datetime NOT NULL,
  `uid` char(36) COLLATE utf8_unicode_ci NOT NULL DEFAULT '0',
  PRIMARY KEY (`id`),
  KEY `entries_sectionId_idx` (`sectionId`),
  KEY `entries_typeId_idx` (`typeId`),
  KEY `entries_postDate_idx` (`postDate`),
  KEY `entries_expiryDate_idx` (`expiryDate`),
  KEY `entries_authorId_fk` (`authorId`)
) ENGINE=InnoDB DEFAULT CHARSET=utf8 COLLATE=utf8_unicode_ci;

--
-- Data for table `entries`
--

INSERT INTO `entries` (`id`, `sectionId`, `typeId`, `authorId`, `postDate`, `expiryDate`, `dateCreated`, `dateUpdated`, `uid`) VALUES
 ('2', '1', '1', NULL, '2017-01-27 00:30:05', NULL, '2017-01-26 23:53:37', '2017-01-27 00:30:05', 'a5f23d3e-ef2b-4b10-a994-890b433fe6c5');



DROP TABLE IF EXISTS `entrydrafts`;


--
-- Schema for table `entrydrafts`
--
CREATE TABLE `entrydrafts` (
  `id` int(11) NOT NULL AUTO_INCREMENT,
  `entryId` int(11) NOT NULL,
  `sectionId` int(11) NOT NULL,
  `creatorId` int(11) NOT NULL,
  `locale` char(12) COLLATE utf8_unicode_ci NOT NULL,
  `name` varchar(255) COLLATE utf8_unicode_ci NOT NULL,
  `notes` tinytext COLLATE utf8_unicode_ci,
  `data` mediumtext COLLATE utf8_unicode_ci NOT NULL,
  `dateCreated` datetime NOT NULL,
  `dateUpdated` datetime NOT NULL,
  `uid` char(36) COLLATE utf8_unicode_ci NOT NULL DEFAULT '0',
  PRIMARY KEY (`id`),
  KEY `entrydrafts_entryId_locale_idx` (`entryId`,`locale`),
  KEY `entrydrafts_sectionId_fk` (`sectionId`),
  KEY `entrydrafts_creatorId_fk` (`creatorId`),
  KEY `entrydrafts_locale_fk` (`locale`)
) ENGINE=InnoDB DEFAULT CHARSET=utf8 COLLATE=utf8_unicode_ci;

DROP TABLE IF EXISTS `entrytypes`;


--
-- Schema for table `entrytypes`
--
CREATE TABLE `entrytypes` (
  `id` int(11) NOT NULL AUTO_INCREMENT,
  `sectionId` int(11) NOT NULL,
  `fieldLayoutId` int(11) DEFAULT NULL,
  `name` varchar(255) COLLATE utf8_unicode_ci NOT NULL,
  `handle` varchar(255) COLLATE utf8_unicode_ci NOT NULL,
  `hasTitleField` tinyint(1) unsigned NOT NULL DEFAULT '1',
  `titleLabel` varchar(255) COLLATE utf8_unicode_ci DEFAULT 'Title',
  `titleFormat` varchar(255) COLLATE utf8_unicode_ci DEFAULT NULL,
  `sortOrder` smallint(6) unsigned DEFAULT NULL,
  `dateCreated` datetime NOT NULL,
  `dateUpdated` datetime NOT NULL,
  `uid` char(36) COLLATE utf8_unicode_ci NOT NULL DEFAULT '0',
  PRIMARY KEY (`id`),
  UNIQUE KEY `entrytypes_name_sectionId_unq_idx` (`name`,`sectionId`),
  UNIQUE KEY `entrytypes_handle_sectionId_unq_idx` (`handle`,`sectionId`),
  KEY `entrytypes_sectionId_fk` (`sectionId`),
  KEY `entrytypes_fieldLayoutId_fk` (`fieldLayoutId`)
) ENGINE=InnoDB AUTO_INCREMENT=7 DEFAULT CHARSET=utf8 COLLATE=utf8_unicode_ci;

--
-- Data for table `entrytypes`
--

INSERT INTO `entrytypes` (`id`, `sectionId`, `fieldLayoutId`, `name`, `handle`, `hasTitleField`, `titleLabel`, `titleFormat`, `sortOrder`, `dateCreated`, `dateUpdated`, `uid`) VALUES
 ('1', '1', '3', 'Homepage', 'homepage', '1', 'Title', NULL, '1', '2017-01-26 23:53:37', '2017-01-26 23:53:37', '494fc57d-f542-4ff8-a53b-72653e1b09f1'),
 ('5', '5', '51', 'Shows', 'shows', '1', 'Title', NULL, '1', '2017-02-01 21:40:51', '2017-02-20 21:24:53', 'cd52850f-109b-449b-9871-72eb16326563'),
 ('6', '6', '50', 'Representation', 'representation', '1', 'Company Name', NULL, '1', '2017-02-01 21:41:08', '2017-02-20 21:23:55', '844b068b-e7fa-4fb6-bd94-b3c53d698d96');



DROP TABLE IF EXISTS `entryversions`;


--
-- Schema for table `entryversions`
--
CREATE TABLE `entryversions` (
  `id` int(11) NOT NULL AUTO_INCREMENT,
  `entryId` int(11) NOT NULL,
  `sectionId` int(11) NOT NULL,
  `creatorId` int(11) DEFAULT NULL,
  `locale` char(12) COLLATE utf8_unicode_ci NOT NULL,
  `num` smallint(6) unsigned NOT NULL,
  `notes` tinytext COLLATE utf8_unicode_ci,
  `data` mediumtext COLLATE utf8_unicode_ci NOT NULL,
  `dateCreated` datetime NOT NULL,
  `dateUpdated` datetime NOT NULL,
  `uid` char(36) COLLATE utf8_unicode_ci NOT NULL DEFAULT '0',
  PRIMARY KEY (`id`),
  KEY `entryversions_entryId_locale_idx` (`entryId`,`locale`),
  KEY `entryversions_sectionId_fk` (`sectionId`),
  KEY `entryversions_creatorId_fk` (`creatorId`),
  KEY `entryversions_locale_fk` (`locale`)
) ENGINE=InnoDB AUTO_INCREMENT=28 DEFAULT CHARSET=utf8 COLLATE=utf8_unicode_ci;

--
-- Data for table `entryversions`
--

INSERT INTO `entryversions` (`id`, `entryId`, `sectionId`, `creatorId`, `locale`, `num`, `notes`, `data`, `dateCreated`, `dateUpdated`, `uid`) VALUES
 ('1', '2', '1', '1', 'en_us', '1', NULL, '{\"typeId\":\"1\",\"authorId\":null,\"title\":\"Homepage\",\"slug\":\"homepage\",\"postDate\":1485474817,\"expiryDate\":null,\"enabled\":1,\"parentId\":null,\"fields\":[]}', '2017-01-26 23:53:37', '2017-01-26 23:53:37', '4ed89912-748d-481c-8eff-a3d375c06222'),
 ('2', '2', '1', '1', 'en_us', '2', NULL, '{\"typeId\":null,\"authorId\":null,\"title\":\"Welcome to Craft.dev!\",\"slug\":\"homepage\",\"postDate\":1485474817,\"expiryDate\":null,\"enabled\":\"1\",\"parentId\":null,\"fields\":{\"1\":\"<p>It\\u2019s true, this site doesn\\u2019t have a whole lot of content yet, but don\\u2019t worry. Our web developers have just installed the CMS, and they\\u2019re setting things up for the content editors this very moment. Soon Craft.dev will be an oasis of fresh perspectives, sharp analyses, and astute opinions that will keep you coming back again and again.<\\/p>\"}}', '2017-01-26 23:53:37', '2017-01-26 23:53:37', '1c9a7a52-d3fe-40d4-81b6-5193b8b3d9e0');



DROP TABLE IF EXISTS `fieldgroups`;


--
-- Schema for table `fieldgroups`
--
CREATE TABLE `fieldgroups` (
  `id` int(11) NOT NULL AUTO_INCREMENT,
  `name` varchar(255) COLLATE utf8_unicode_ci NOT NULL,
  `dateCreated` datetime NOT NULL,
  `dateUpdated` datetime NOT NULL,
  `uid` char(36) COLLATE utf8_unicode_ci NOT NULL DEFAULT '0',
  PRIMARY KEY (`id`),
  UNIQUE KEY `fieldgroups_name_unq_idx` (`name`)
) ENGINE=InnoDB AUTO_INCREMENT=6 DEFAULT CHARSET=utf8 COLLATE=utf8_unicode_ci;

--
-- Data for table `fieldgroups`
--

INSERT INTO `fieldgroups` (`id`, `name`, `dateCreated`, `dateUpdated`, `uid`) VALUES
 ('3', 'Imagery', '2017-02-01 22:26:12', '2017-02-20 21:14:51', 'c2733bd8-68c0-4032-af71-de7eb085cc77'),
 ('4', 'Representation', '2017-02-20 21:14:58', '2017-02-20 21:14:58', '891c583a-a303-4161-b39c-10ddd1b4ddf9'),
 ('5', 'Shows', '2017-02-20 21:15:04', '2017-02-20 21:15:04', 'c0e9f912-80e1-48e9-acd4-574800ee5af6');



DROP TABLE IF EXISTS `fieldlayoutfields`;


--
-- Schema for table `fieldlayoutfields`
--
CREATE TABLE `fieldlayoutfields` (
  `id` int(11) NOT NULL AUTO_INCREMENT,
  `layoutId` int(11) NOT NULL,
  `tabId` int(11) NOT NULL,
  `fieldId` int(11) NOT NULL,
  `required` tinyint(1) unsigned NOT NULL DEFAULT '0',
  `sortOrder` smallint(6) unsigned DEFAULT NULL,
  `dateCreated` datetime NOT NULL,
  `dateUpdated` datetime NOT NULL,
  `uid` char(36) COLLATE utf8_unicode_ci NOT NULL DEFAULT '0',
  PRIMARY KEY (`id`),
  UNIQUE KEY `fieldlayoutfields_layoutId_fieldId_unq_idx` (`layoutId`,`fieldId`),
  KEY `fieldlayoutfields_sortOrder_idx` (`sortOrder`),
  KEY `fieldlayoutfields_tabId_fk` (`tabId`),
  KEY `fieldlayoutfields_fieldId_fk` (`fieldId`)
) ENGINE=InnoDB AUTO_INCREMENT=112 DEFAULT CHARSET=utf8 COLLATE=utf8_unicode_ci;

--
-- Data for table `fieldlayoutfields`
--

INSERT INTO `fieldlayoutfields` (`id`, `layoutId`, `tabId`, `fieldId`, `required`, `sortOrder`, `dateCreated`, `dateUpdated`, `uid`) VALUES
 ('93', '50', '45', '33', '0', '1', '2017-02-20 21:23:55', '2017-02-20 21:23:55', '59d56ec9-14f6-47e3-bd21-5f4d2583e0a7'),
 ('94', '50', '45', '34', '0', '2', '2017-02-20 21:23:55', '2017-02-20 21:23:55', '911211fc-9004-4cb0-9bba-12dd4799e0ab'),
 ('95', '50', '45', '35', '0', '3', '2017-02-20 21:23:55', '2017-02-20 21:23:55', '03d2be0a-6de9-4d3e-967b-ac64d7fe367c'),
 ('96', '50', '45', '36', '0', '4', '2017-02-20 21:23:55', '2017-02-20 21:23:55', 'b3988cb2-a206-4ea7-82e9-d5bc95b00d30'),
 ('97', '51', '46', '46', '0', '1', '2017-02-20 21:24:53', '2017-02-20 21:24:53', '8bd8abb6-ebe1-42c3-964f-c884eb97e882'),
 ('98', '51', '46', '37', '0', '2', '2017-02-20 21:24:53', '2017-02-20 21:24:53', '0dd4a421-29b3-4585-aca4-88a870cd35ad'),
 ('99', '51', '46', '39', '0', '3', '2017-02-20 21:24:53', '2017-02-20 21:24:53', '88608dbf-4c39-4f7e-b5ab-07190d71aac3'),
 ('100', '51', '46', '38', '0', '4', '2017-02-20 21:24:53', '2017-02-20 21:24:53', 'c69bbe66-2d56-49b9-bcb8-dd08d44c3cbe'),
 ('101', '51', '46', '40', '0', '5', '2017-02-20 21:24:53', '2017-02-20 21:24:53', '4c086c00-966a-4794-b1cf-2278afc35aa9'),
 ('102', '51', '47', '47', '0', '1', '2017-02-20 21:24:53', '2017-02-20 21:24:53', '29186a1e-4821-4cbf-bfaa-5e568117d848'),
 ('103', '52', '48', '32', '0', '1', '2017-02-20 21:25:34', '2017-02-20 21:25:34', '17ceecb8-e088-483b-ae35-f30b34b40ec7'),
 ('104', '53', '49', '41', '0', '1', '2017-02-20 21:32:59', '2017-02-20 21:32:59', '683f05e0-feee-4339-b8f1-1300911e7496'),
 ('105', '54', '50', '42', '0', '1', '2017-02-20 21:32:59', '2017-02-20 21:32:59', '5b0cc74c-78c4-4860-9653-7146dc51e97c'),
 ('106', '55', '51', '43', '0', '1', '2017-02-20 21:32:59', '2017-02-20 21:32:59', 'd2f3ee95-66ec-41c1-8d02-2eb84fb05072'),
 ('107', '56', '52', '44', '0', '1', '2017-02-20 21:32:59', '2017-02-20 21:32:59', '858c5653-65c0-48c4-a228-dcd640aa418a'),
 ('108', '56', '52', '45', '0', '2', '2017-02-20 21:32:59', '2017-02-20 21:32:59', 'd100dcbf-8946-480c-9b21-e78acfa75056'),
 ('109', '57', '53', '48', '0', '1', '2017-02-20 21:33:16', '2017-02-20 21:33:16', '7878de80-af65-43d0-882a-e10edbd86ae3'),
 ('110', '57', '53', '49', '0', '2', '2017-02-20 21:33:16', '2017-02-20 21:33:16', '1064d095-3a8f-4d9c-9c7e-0209b902973a'),
 ('111', '57', '53', '50', '0', '3', '2017-02-20 21:33:16', '2017-02-20 21:33:16', '6f176cc0-7895-44c9-88e6-99c8c90ce078');



DROP TABLE IF EXISTS `fieldlayouts`;


--
-- Schema for table `fieldlayouts`
--
CREATE TABLE `fieldlayouts` (
  `id` int(11) NOT NULL AUTO_INCREMENT,
  `type` varchar(150) COLLATE utf8_unicode_ci NOT NULL,
  `dateCreated` datetime NOT NULL,
  `dateUpdated` datetime NOT NULL,
  `uid` char(36) COLLATE utf8_unicode_ci NOT NULL DEFAULT '0',
  PRIMARY KEY (`id`),
  KEY `fieldlayouts_type_idx` (`type`)
) ENGINE=InnoDB AUTO_INCREMENT=58 DEFAULT CHARSET=utf8 COLLATE=utf8_unicode_ci;

--
-- Data for table `fieldlayouts`
--

INSERT INTO `fieldlayouts` (`id`, `type`, `dateCreated`, `dateUpdated`, `uid`) VALUES
 ('1', 'Tag', '2017-01-26 23:53:36', '2017-01-26 23:53:36', 'b009bcc2-e09d-41e9-9f55-4cc0342c3014'),
 ('3', 'Entry', '2017-01-26 23:53:37', '2017-01-26 23:53:37', 'c360c623-b106-421a-9154-6527bc974dba'),
 ('50', 'Entry', '2017-02-20 21:23:55', '2017-02-20 21:23:55', 'a520a8bf-317f-48dc-a500-c60154981adf'),
 ('51', 'Entry', '2017-02-20 21:24:53', '2017-02-20 21:24:53', 'a2fa3b0b-1fe6-4e09-9ffe-c07b642f1b0c'),
 ('52', 'Asset', '2017-02-20 21:25:34', '2017-02-20 21:25:34', 'c880ade5-fca7-4fe6-b7e5-f7bbf5b431d2'),
 ('53', 'MatrixBlock', '2017-02-20 21:32:59', '2017-02-20 21:32:59', '7819fc80-95a3-4405-8193-ddcb1b517fc0'),
 ('54', 'MatrixBlock', '2017-02-20 21:32:59', '2017-02-20 21:32:59', '409d9fd4-de5b-4294-a35c-c7242875e387'),
 ('55', 'MatrixBlock', '2017-02-20 21:32:59', '2017-02-20 21:32:59', 'f2bdc9b7-2599-43af-8d46-3be4f74c4b82'),
 ('56', 'MatrixBlock', '2017-02-20 21:32:59', '2017-02-20 21:32:59', 'd7f598f0-2167-49b0-9597-9903c6b267df'),
 ('57', 'MatrixBlock', '2017-02-20 21:33:16', '2017-02-20 21:33:16', '2e8a2279-6514-4461-8d52-a499c64472ca');



DROP TABLE IF EXISTS `fieldlayouttabs`;


--
-- Schema for table `fieldlayouttabs`
--
CREATE TABLE `fieldlayouttabs` (
  `id` int(11) NOT NULL AUTO_INCREMENT,
  `layoutId` int(11) NOT NULL,
  `name` varchar(255) COLLATE utf8_unicode_ci NOT NULL,
  `sortOrder` smallint(6) unsigned DEFAULT NULL,
  `dateCreated` datetime NOT NULL,
  `dateUpdated` datetime NOT NULL,
  `uid` char(36) COLLATE utf8_unicode_ci NOT NULL DEFAULT '0',
  PRIMARY KEY (`id`),
  KEY `fieldlayouttabs_sortOrder_idx` (`sortOrder`),
  KEY `fieldlayouttabs_layoutId_fk` (`layoutId`)
) ENGINE=InnoDB AUTO_INCREMENT=54 DEFAULT CHARSET=utf8 COLLATE=utf8_unicode_ci;

--
-- Data for table `fieldlayouttabs`
--

INSERT INTO `fieldlayouttabs` (`id`, `layoutId`, `name`, `sortOrder`, `dateCreated`, `dateUpdated`, `uid`) VALUES
 ('1', '3', 'Content', '1', '2017-01-26 23:53:37', '2017-01-26 23:53:37', '0b734964-1347-40d0-affd-242f4768a43b'),
 ('45', '50', 'Representation', '1', '2017-02-20 21:23:55', '2017-02-20 21:23:55', '311a7af7-3d73-4434-aebe-2dc7b13ad35d'),
 ('46', '51', 'Shows', '1', '2017-02-20 21:24:53', '2017-02-20 21:24:53', '8afe4c48-777a-4cd4-8563-4c318ab99558'),
 ('47', '51', 'Tickets', '2', '2017-02-20 21:24:53', '2017-02-20 21:24:53', 'a55c0f37-8349-4087-bbb6-74d32bc46cbc'),
 ('48', '52', 'Content', '1', '2017-02-20 21:25:34', '2017-02-20 21:25:34', '1c9d0c6c-ce2d-4a0d-b205-ba1da840440d'),
 ('49', '53', 'Content', '1', '2017-02-20 21:32:59', '2017-02-20 21:32:59', '94b2682e-6239-4e1c-894b-e0afcba0eaee'),
 ('50', '54', 'Content', '1', '2017-02-20 21:32:59', '2017-02-20 21:32:59', '9a0a3816-5af8-45b5-95e8-4db0501b62d1'),
 ('51', '55', 'Content', '1', '2017-02-20 21:32:59', '2017-02-20 21:32:59', '85b1ed04-ee74-4c5c-8a6f-7605e45d7291'),
 ('52', '56', 'Content', '1', '2017-02-20 21:32:59', '2017-02-20 21:32:59', '4acc4839-92da-4435-9b88-a0c23aa181a5'),
 ('53', '57', 'Content', '1', '2017-02-20 21:33:16', '2017-02-20 21:33:16', '4ac4779a-3dcc-4e3e-b8a7-d2be355b25fa');



DROP TABLE IF EXISTS `fields`;


--
-- Schema for table `fields`
--
CREATE TABLE `fields` (
  `id` int(11) NOT NULL AUTO_INCREMENT,
  `groupId` int(11) DEFAULT NULL,
  `name` varchar(255) COLLATE utf8_unicode_ci NOT NULL,
  `handle` varchar(58) COLLATE utf8_unicode_ci NOT NULL,
  `context` varchar(255) COLLATE utf8_unicode_ci NOT NULL DEFAULT 'global',
  `instructions` text COLLATE utf8_unicode_ci,
  `translatable` tinyint(1) unsigned NOT NULL DEFAULT '0',
  `type` varchar(150) COLLATE utf8_unicode_ci NOT NULL,
  `settings` text COLLATE utf8_unicode_ci,
  `dateCreated` datetime NOT NULL,
  `dateUpdated` datetime NOT NULL,
  `uid` char(36) COLLATE utf8_unicode_ci NOT NULL DEFAULT '0',
  PRIMARY KEY (`id`),
  UNIQUE KEY `fields_handle_context_unq_idx` (`handle`,`context`),
  KEY `fields_context_idx` (`context`),
  KEY `fields_groupId_fk` (`groupId`)
) ENGINE=InnoDB AUTO_INCREMENT=51 DEFAULT CHARSET=utf8 COLLATE=utf8_unicode_ci;

--
-- Data for table `fields`
--

INSERT INTO `fields` (`id`, `groupId`, `name`, `handle`, `context`, `instructions`, `translatable`, `type`, `settings`, `dateCreated`, `dateUpdated`, `uid`) VALUES
 ('32', '3', 'Image Description', 'imageDescription', 'global', '', '1', 'PlainText', '{\"placeholder\":\"\",\"maxLength\":\"\",\"multiline\":\"\",\"initialRows\":\"4\"}', '2017-02-20 21:15:41', '2017-02-20 21:31:52', 'fc0d7102-0f01-4145-b1a8-c29efd923353'),
 ('33', '4', 'Representation Company Link', 'representationCompanyLink', 'global', '', '0', 'PlainText', '{\"placeholder\":\"\",\"maxLength\":\"\",\"multiline\":\"\",\"initialRows\":\"4\"}', '2017-02-20 21:17:20', '2017-02-20 21:17:20', 'ee031e1f-ec5b-4caf-9547-f2db5422e53d'),
 ('34', '4', 'Representation Company Location', 'representationCompanyLocation', 'global', '', '1', 'PlainText', '{\"placeholder\":\"\",\"maxLength\":\"\",\"multiline\":\"\",\"initialRows\":\"4\"}', '2017-02-20 21:17:34', '2017-02-20 21:32:10', 'a48fbb50-61aa-4926-9a62-988aa1bb1e35'),
 ('35', '4', 'Representation Company Text', 'representationCompanyText', 'global', '', '1', 'PlainText', '{\"placeholder\":\"\",\"maxLength\":\"\",\"multiline\":\"\",\"initialRows\":\"4\"}', '2017-02-20 21:17:44', '2017-02-20 21:32:20', 'cb4fa2e1-9a40-4339-80e9-ecb4f81f4067'),
 ('36', '4', 'Representation Company thumbnail', 'representationCompanyThumbnail', 'global', '', '0', 'Assets', '{\"useSingleFolder\":\"1\",\"sources\":\"*\",\"defaultUploadLocationSource\":\"1\",\"defaultUploadLocationSubpath\":\"\",\"singleUploadLocationSource\":\"1\",\"singleUploadLocationSubpath\":\"{section}\\/{slug}\",\"restrictFiles\":\"1\",\"allowedKinds\":[\"image\"],\"limit\":\"1\",\"viewMode\":\"list\",\"selectionLabel\":\"\"}', '2017-02-20 21:18:12', '2017-02-20 21:18:12', 'fe2d663c-8e39-44ab-a1ab-44220f4ef1f9'),
 ('37', '5', 'Show Company Name', 'showCompanyName', 'global', '', '1', 'PlainText', '{\"placeholder\":\"\",\"maxLength\":\"\",\"multiline\":\"\",\"initialRows\":\"4\"}', '2017-02-20 21:18:31', '2017-02-20 21:32:33', '26ab0116-840c-4eb4-ac2f-c86f3760b1ca'),
 ('38', '5', 'Show Date End', 'showDateEnd', 'global', '', '0', 'Date', '{\"minuteIncrement\":\"30\",\"showDate\":1,\"showTime\":0}', '2017-02-20 21:18:51', '2017-02-20 21:18:51', '50440c04-3a8c-4aa9-b7c8-151c9554a41a'),
 ('39', '5', 'Show Date Start', 'showDateStart', 'global', '', '0', 'Date', '{\"minuteIncrement\":\"30\",\"showDate\":1,\"showTime\":0}', '2017-02-20 21:19:04', '2017-02-20 21:19:04', '471fec19-f147-4e91-b48c-e0b2494623aa'),
 ('40', '5', 'Show Marketing', 'showMarketing', 'global', '', '0', 'Matrix', '{\"maxBlocks\":null}', '2017-02-20 21:21:07', '2017-02-20 21:32:59', 'a427c6da-e10c-43c8-9329-4a8053a483bc'),
 ('41', NULL, 'image', 'image', 'matrixBlockType:7', '', '0', 'Assets', '{\"useSingleFolder\":\"\",\"sources\":\"*\",\"defaultUploadLocationSource\":\"1\",\"defaultUploadLocationSubpath\":\"{owner.slug}\",\"singleUploadLocationSource\":\"1\",\"singleUploadLocationSubpath\":\"\",\"restrictFiles\":\"1\",\"allowedKinds\":[\"image\"],\"targetLocale\":\"\",\"limit\":\"1\",\"viewMode\":\"list\",\"selectionLabel\":\"\"}', '2017-02-20 21:21:07', '2017-02-20 21:32:59', 'ac07c155-d32d-4a15-af00-c3ba8e34ab01'),
 ('42', NULL, 'video URL', 'videoUrl', 'matrixBlockType:8', '', '0', 'PlainText', '{\"placeholder\":\"\",\"maxLength\":\"\",\"multiline\":\"\",\"initialRows\":\"4\"}', '2017-02-20 21:21:07', '2017-02-20 21:32:59', 'd6c36b22-a3d8-4870-8dec-f7e0eab16b1a'),
 ('43', NULL, 'text', 'text', 'matrixBlockType:9', '', '1', 'PlainText', '{\"placeholder\":\"\",\"maxLength\":\"\",\"multiline\":\"\",\"initialRows\":\"4\"}', '2017-02-20 21:21:07', '2017-02-20 21:32:59', 'c5b34385-eea7-4cb9-a90e-638dac830679'),
 ('44', NULL, 'Quote', 'quote', 'matrixBlockType:10', '', '1', 'PlainText', '{\"placeholder\":\"\",\"maxLength\":\"\",\"multiline\":\"\",\"initialRows\":\"4\"}', '2017-02-20 21:21:07', '2017-02-20 21:32:59', '859bdac3-98bc-41b1-8276-1dd1a4eb48c4'),
 ('45', NULL, 'Source', 'source', 'matrixBlockType:10', '', '1', 'PlainText', '{\"placeholder\":\"\",\"maxLength\":\"\",\"multiline\":\"\",\"initialRows\":\"4\"}', '2017-02-20 21:21:07', '2017-02-20 21:32:59', '02d81489-4bd2-4c90-a99b-361f7d1648e5'),
 ('46', '5', 'Show Page Header Image', 'showPageHeaderImage', 'global', 'Image displayed as background for header on open show page.', '0', 'Assets', '{\"useSingleFolder\":\"1\",\"sources\":\"*\",\"defaultUploadLocationSource\":\"1\",\"defaultUploadLocationSubpath\":\"{slug}\",\"singleUploadLocationSource\":\"1\",\"singleUploadLocationSubpath\":\"{slug}\",\"restrictFiles\":\"1\",\"allowedKinds\":[\"image\"],\"limit\":\"1\",\"viewMode\":\"list\",\"selectionLabel\":\"\"}', '2017-02-20 21:21:44', '2017-02-20 21:21:44', 'c2bd9498-e062-40f3-853d-026116f96de2'),
 ('47', '5', 'Show Ticket Information', 'showTicketInformation', 'global', 'When/where can we get tickets for each performance?', '0', 'Matrix', '{\"maxBlocks\":null}', '2017-02-20 21:22:58', '2017-02-20 21:33:16', '3d42983b-5247-455e-9cdb-7ed7e2ef3ea3'),
 ('48', NULL, 'Theater Name', 'theaterName', 'matrixBlockType:11', '', '1', 'PlainText', '{\"placeholder\":\"\",\"maxLength\":\"\",\"multiline\":\"\",\"initialRows\":\"4\"}', '2017-02-20 21:22:58', '2017-02-20 21:33:16', '8450c59c-b7e3-4c97-bba8-0b8ce5619fcf'),
 ('49', NULL, 'Show Date & Time', 'showDateTime', 'matrixBlockType:11', '', '0', 'Date', '{\"minuteIncrement\":\"15\",\"showTime\":1,\"showDate\":1}', '2017-02-20 21:22:58', '2017-02-20 21:33:16', '91c60f27-8a66-4ea8-8a14-e34ffff9602d'),
 ('50', NULL, 'Purchase Link', 'purchaseLink', 'matrixBlockType:11', '', '0', 'PlainText', '{\"placeholder\":\"\",\"maxLength\":\"\",\"multiline\":\"\",\"initialRows\":\"4\"}', '2017-02-20 21:22:58', '2017-02-20 21:33:16', 'd07dc291-2959-401e-aa82-bd636333674e');



DROP TABLE IF EXISTS `globalsets`;


--
-- Schema for table `globalsets`
--
CREATE TABLE `globalsets` (
  `id` int(11) NOT NULL,
  `name` varchar(255) COLLATE utf8_unicode_ci NOT NULL,
  `handle` varchar(255) COLLATE utf8_unicode_ci NOT NULL,
  `fieldLayoutId` int(11) DEFAULT NULL,
  `dateCreated` datetime NOT NULL,
  `dateUpdated` datetime NOT NULL,
  `uid` char(36) COLLATE utf8_unicode_ci NOT NULL DEFAULT '0',
  PRIMARY KEY (`id`),
  UNIQUE KEY `globalsets_name_unq_idx` (`name`),
  UNIQUE KEY `globalsets_handle_unq_idx` (`handle`),
  KEY `globalsets_fieldLayoutId_fk` (`fieldLayoutId`)
) ENGINE=InnoDB DEFAULT CHARSET=utf8 COLLATE=utf8_unicode_ci;

DROP TABLE IF EXISTS `info`;


--
-- Schema for table `info`
--
CREATE TABLE `info` (
  `id` int(11) NOT NULL AUTO_INCREMENT,
  `version` varchar(50) COLLATE utf8_unicode_ci NOT NULL,
  `schemaVersion` varchar(15) COLLATE utf8_unicode_ci NOT NULL,
  `edition` tinyint(1) unsigned NOT NULL DEFAULT '0',
  `siteName` varchar(100) COLLATE utf8_unicode_ci NOT NULL,
  `siteUrl` varchar(255) COLLATE utf8_unicode_ci NOT NULL,
  `timezone` varchar(30) COLLATE utf8_unicode_ci DEFAULT NULL,
  `on` tinyint(1) unsigned NOT NULL DEFAULT '0',
  `maintenance` tinyint(1) unsigned NOT NULL DEFAULT '0',
  `dateCreated` datetime NOT NULL,
  `dateUpdated` datetime NOT NULL,
  `uid` char(36) COLLATE utf8_unicode_ci NOT NULL DEFAULT '0',
  PRIMARY KEY (`id`)
) ENGINE=InnoDB AUTO_INCREMENT=2 DEFAULT CHARSET=utf8 COLLATE=utf8_unicode_ci;

--
-- Data for table `info`
--

INSERT INTO `info` (`id`, `version`, `schemaVersion`, `edition`, `siteName`, `siteUrl`, `timezone`, `on`, `maintenance`, `dateCreated`, `dateUpdated`, `uid`) VALUES
 ('1', '2.6.2959', '2.6.9', '2', 'Craft', 'http://craft.dev', 'UTC', '1', '1', '2017-01-26 23:53:34', '2017-02-20 21:33:55', '09329ccb-44f2-45d4-8509-07c73e3e5e5a');



DROP TABLE IF EXISTS `locales`;


--
-- Schema for table `locales`
--
CREATE TABLE `locales` (
  `locale` char(12) COLLATE utf8_unicode_ci NOT NULL,
  `sortOrder` smallint(6) unsigned DEFAULT NULL,
  `dateCreated` datetime NOT NULL,
  `dateUpdated` datetime NOT NULL,
  `uid` char(36) COLLATE utf8_unicode_ci NOT NULL DEFAULT '0',
  PRIMARY KEY (`locale`),
  KEY `locales_sortOrder_idx` (`sortOrder`)
) ENGINE=InnoDB DEFAULT CHARSET=utf8 COLLATE=utf8_unicode_ci;

--
-- Data for table `locales`
--

INSERT INTO `locales` (`locale`, `sortOrder`, `dateCreated`, `dateUpdated`, `uid`) VALUES
 ('en_us', '1', '2017-01-26 23:53:35', '2017-01-26 23:53:35', 'ed0f7e7f-487c-47a1-9caa-73e3a857063e'),
 ('he', '2', '2017-02-20 21:29:59', '2017-02-20 21:29:59', '3538f422-e74e-4547-a2c0-a87e023f39e9');



DROP TABLE IF EXISTS `matrixblocks`;


--
-- Schema for table `matrixblocks`
--
CREATE TABLE `matrixblocks` (
  `id` int(11) NOT NULL,
  `ownerId` int(11) NOT NULL,
  `fieldId` int(11) NOT NULL,
  `typeId` int(11) DEFAULT NULL,
  `sortOrder` smallint(6) unsigned DEFAULT NULL,
  `ownerLocale` char(12) COLLATE utf8_unicode_ci DEFAULT NULL,
  `dateCreated` datetime NOT NULL,
  `dateUpdated` datetime NOT NULL,
  `uid` char(36) COLLATE utf8_unicode_ci NOT NULL DEFAULT '0',
  PRIMARY KEY (`id`),
  KEY `matrixblocks_ownerId_idx` (`ownerId`),
  KEY `matrixblocks_fieldId_idx` (`fieldId`),
  KEY `matrixblocks_typeId_idx` (`typeId`),
  KEY `matrixblocks_sortOrder_idx` (`sortOrder`),
  KEY `matrixblocks_ownerLocale_fk` (`ownerLocale`)
) ENGINE=InnoDB DEFAULT CHARSET=utf8 COLLATE=utf8_unicode_ci;

DROP TABLE IF EXISTS `matrixblocktypes`;


--
-- Schema for table `matrixblocktypes`
--
CREATE TABLE `matrixblocktypes` (
  `id` int(11) NOT NULL AUTO_INCREMENT,
  `fieldId` int(11) NOT NULL,
  `fieldLayoutId` int(11) DEFAULT NULL,
  `name` varchar(255) COLLATE utf8_unicode_ci NOT NULL,
  `handle` varchar(255) COLLATE utf8_unicode_ci NOT NULL,
  `sortOrder` smallint(6) unsigned DEFAULT NULL,
  `dateCreated` datetime NOT NULL,
  `dateUpdated` datetime NOT NULL,
  `uid` char(36) COLLATE utf8_unicode_ci NOT NULL DEFAULT '0',
  PRIMARY KEY (`id`),
  UNIQUE KEY `matrixblocktypes_name_fieldId_unq_idx` (`name`,`fieldId`),
  UNIQUE KEY `matrixblocktypes_handle_fieldId_unq_idx` (`handle`,`fieldId`),
  KEY `matrixblocktypes_fieldId_fk` (`fieldId`),
  KEY `matrixblocktypes_fieldLayoutId_fk` (`fieldLayoutId`)
) ENGINE=InnoDB AUTO_INCREMENT=12 DEFAULT CHARSET=utf8 COLLATE=utf8_unicode_ci;

--
-- Data for table `matrixblocktypes`
--

INSERT INTO `matrixblocktypes` (`id`, `fieldId`, `fieldLayoutId`, `name`, `handle`, `sortOrder`, `dateCreated`, `dateUpdated`, `uid`) VALUES
 ('7', '40', '53', 'Show Images', 'showImages', '1', '2017-02-20 21:21:07', '2017-02-20 21:32:59', 'f4b85da2-e613-42bb-9f8a-6002bf5dd29f'),
 ('8', '40', '54', 'Show Videos', 'showVideos', '2', '2017-02-20 21:21:07', '2017-02-20 21:32:59', '3efed6c9-2d92-419d-9622-32ecceadf9a9'),
 ('9', '40', '55', 'Show Copy', 'showCopy', '3', '2017-02-20 21:21:07', '2017-02-20 21:32:59', 'a4e9cb0b-642b-4d2c-8088-9e230fcf697f'),
 ('10', '40', '56', 'Show Quote', 'showQuote', '4', '2017-02-20 21:21:07', '2017-02-20 21:32:59', '5764ebf2-3353-43f1-beff-1be89bc86fda'),
 ('11', '47', '57', 'Ticket Information', 'ticketInformation', '1', '2017-02-20 21:22:58', '2017-02-20 21:33:16', '9af518c0-412a-45b4-88ce-4a1b2a93980e');



DROP TABLE IF EXISTS `matrixcontent_showmarketing`;


--
-- Schema for table `matrixcontent_showmarketing`
--
CREATE TABLE `matrixcontent_showmarketing` (
  `id` int(11) NOT NULL AUTO_INCREMENT,
  `elementId` int(11) NOT NULL,
  `locale` char(12) COLLATE utf8_unicode_ci NOT NULL,
  `field_showVideos_videoUrl` text COLLATE utf8_unicode_ci,
  `field_showCopy_text` text COLLATE utf8_unicode_ci,
  `field_showQuote_quote` text COLLATE utf8_unicode_ci,
  `field_showQuote_source` text COLLATE utf8_unicode_ci,
  `dateCreated` datetime NOT NULL,
  `dateUpdated` datetime NOT NULL,
  `uid` char(36) COLLATE utf8_unicode_ci NOT NULL DEFAULT '0',
  PRIMARY KEY (`id`),
  UNIQUE KEY `matrixcontent_showmarketing_elementId_locale_unq_idx` (`elementId`,`locale`),
  KEY `matrixcontent_showmarketing_locale_fk` (`locale`)
) ENGINE=InnoDB DEFAULT CHARSET=utf8 COLLATE=utf8_unicode_ci;

DROP TABLE IF EXISTS `matrixcontent_showticketinformation`;


--
-- Schema for table `matrixcontent_showticketinformation`
--
CREATE TABLE `matrixcontent_showticketinformation` (
  `id` int(11) NOT NULL AUTO_INCREMENT,
  `elementId` int(11) NOT NULL,
  `locale` char(12) COLLATE utf8_unicode_ci NOT NULL,
  `field_ticketInformation_theaterName` text COLLATE utf8_unicode_ci,
  `field_ticketInformation_showDateTime` datetime DEFAULT NULL,
  `field_ticketInformation_purchaseLink` text COLLATE utf8_unicode_ci,
  `dateCreated` datetime NOT NULL,
  `dateUpdated` datetime NOT NULL,
  `uid` char(36) COLLATE utf8_unicode_ci NOT NULL DEFAULT '0',
  PRIMARY KEY (`id`),
  UNIQUE KEY `matrixcontent_showticketinformation_elementId_locale_unq_idx` (`elementId`,`locale`),
  KEY `matrixcontent_showticketinformation_locale_fk` (`locale`)
) ENGINE=InnoDB DEFAULT CHARSET=utf8 COLLATE=utf8_unicode_ci;

DROP TABLE IF EXISTS `migrations`;


--
-- Schema for table `migrations`
--
CREATE TABLE `migrations` (
  `id` int(11) NOT NULL AUTO_INCREMENT,
  `pluginId` int(11) DEFAULT NULL,
  `version` varchar(255) COLLATE utf8_unicode_ci NOT NULL,
  `applyTime` datetime NOT NULL,
  `dateCreated` datetime NOT NULL,
  `dateUpdated` datetime NOT NULL,
  `uid` char(36) COLLATE utf8_unicode_ci NOT NULL DEFAULT '0',
  PRIMARY KEY (`id`),
  UNIQUE KEY `migrations_version_unq_idx` (`version`),
  KEY `migrations_pluginId_fk` (`pluginId`)
) ENGINE=InnoDB AUTO_INCREMENT=39 DEFAULT CHARSET=utf8 COLLATE=utf8_unicode_ci;

--
-- Data for table `migrations`
--

INSERT INTO `migrations` (`id`, `pluginId`, `version`, `applyTime`, `dateCreated`, `dateUpdated`, `uid`) VALUES
 ('1', NULL, 'm000000_000000_base', '2017-01-26 23:53:34', '2017-01-26 23:53:35', '2017-01-26 23:53:35', 'f9ff9175-a3df-4a80-bd6c-b1260f7cfeb5'),
 ('2', NULL, 'm140730_000001_add_filename_and_format_to_transformindex', '2017-01-26 23:53:35', '2017-01-26 23:53:35', '2017-01-26 23:53:35', 'f7d845ea-d6c9-4da3-a7b9-569a52477265'),
 ('3', NULL, 'm140815_000001_add_format_to_transforms', '2017-01-26 23:53:35', '2017-01-26 23:53:35', '2017-01-26 23:53:35', '02d614bf-10cc-40d1-bcff-d8cb7cd576ff'),
 ('4', NULL, 'm140822_000001_allow_more_than_128_items_per_field', '2017-01-26 23:53:35', '2017-01-26 23:53:35', '2017-01-26 23:53:35', '05acee92-9b46-4943-8794-ab1555837100'),
 ('5', NULL, 'm140829_000001_single_title_formats', '2017-01-26 23:53:35', '2017-01-26 23:53:35', '2017-01-26 23:53:35', 'c646cae2-f4a4-46a3-b998-9e683fca0669'),
 ('6', NULL, 'm140831_000001_extended_cache_keys', '2017-01-26 23:53:35', '2017-01-26 23:53:35', '2017-01-26 23:53:35', '34c62811-24a2-44fa-a6ed-1cceb3571ce6'),
 ('7', NULL, 'm140922_000001_delete_orphaned_matrix_blocks', '2017-01-26 23:53:35', '2017-01-26 23:53:35', '2017-01-26 23:53:35', '17dc7455-505e-4536-9d1e-522a7e872ea0'),
 ('8', NULL, 'm141008_000001_elements_index_tune', '2017-01-26 23:53:35', '2017-01-26 23:53:35', '2017-01-26 23:53:35', 'e11bbd61-1499-4fbf-aec3-24f4ea00e2c5'),
 ('9', NULL, 'm141009_000001_assets_source_handle', '2017-01-26 23:53:35', '2017-01-26 23:53:35', '2017-01-26 23:53:35', '89b7df05-c2f8-45f2-9a4c-6c105c6399f6'),
 ('10', NULL, 'm141024_000001_field_layout_tabs', '2017-01-26 23:53:35', '2017-01-26 23:53:35', '2017-01-26 23:53:35', 'ef2ed955-7427-4c02-a197-1190e1c0af2d'),
 ('11', NULL, 'm141030_000000_plugin_schema_versions', '2017-01-26 23:53:35', '2017-01-26 23:53:35', '2017-01-26 23:53:35', '9627dfc0-d90b-41c5-ae57-224bcfccf2e3'),
 ('12', NULL, 'm141030_000001_drop_structure_move_permission', '2017-01-26 23:53:35', '2017-01-26 23:53:35', '2017-01-26 23:53:35', '0adc9711-8ee2-4a83-bc09-a1d6609bb994'),
 ('13', NULL, 'm141103_000001_tag_titles', '2017-01-26 23:53:35', '2017-01-26 23:53:35', '2017-01-26 23:53:35', '0eef69ca-783a-4baa-a69a-71966ad4a3a2'),
 ('14', NULL, 'm141109_000001_user_status_shuffle', '2017-01-26 23:53:35', '2017-01-26 23:53:35', '2017-01-26 23:53:35', '4c3af602-6eec-4f17-bd30-4bd0c30d0f81'),
 ('15', NULL, 'm141126_000001_user_week_start_day', '2017-01-26 23:53:35', '2017-01-26 23:53:35', '2017-01-26 23:53:35', 'f205f85d-77c2-4e07-95af-e7c6a42c635b'),
 ('16', NULL, 'm150210_000001_adjust_user_photo_size', '2017-01-26 23:53:35', '2017-01-26 23:53:35', '2017-01-26 23:53:35', '55ca3bc2-7396-4f0b-ac5d-83ec55b0c2bc'),
 ('17', NULL, 'm150724_000001_adjust_quality_settings', '2017-01-26 23:53:35', '2017-01-26 23:53:35', '2017-01-26 23:53:35', '3fe42674-111b-4483-8f33-93c724a855ee'),
 ('18', NULL, 'm150827_000000_element_index_settings', '2017-01-26 23:53:35', '2017-01-26 23:53:35', '2017-01-26 23:53:35', '4fc49a6c-f5d4-409c-95c7-1dbe9a0a1cd9'),
 ('19', NULL, 'm150918_000001_add_colspan_to_widgets', '2017-01-26 23:53:35', '2017-01-26 23:53:35', '2017-01-26 23:53:35', '67046431-22a0-4b10-921b-2f4488099f44'),
 ('20', NULL, 'm151007_000000_clear_asset_caches', '2017-01-26 23:53:35', '2017-01-26 23:53:35', '2017-01-26 23:53:35', '3c31f6fd-8e02-4e5d-82f6-60b8b979e1cb'),
 ('21', NULL, 'm151109_000000_text_url_formats', '2017-01-26 23:53:35', '2017-01-26 23:53:35', '2017-01-26 23:53:35', '49cc8656-06fd-475f-9749-f4f7a7e56c4c'),
 ('22', NULL, 'm151110_000000_move_logo', '2017-01-26 23:53:35', '2017-01-26 23:53:35', '2017-01-26 23:53:35', 'ec718391-c1ca-4ba9-9d0b-8c8c6e6df503'),
 ('23', NULL, 'm151117_000000_adjust_image_widthheight', '2017-01-26 23:53:35', '2017-01-26 23:53:35', '2017-01-26 23:53:35', 'c24e9ea3-97f7-44f9-8880-b3fd90cad217'),
 ('24', NULL, 'm151127_000000_clear_license_key_status', '2017-01-26 23:53:35', '2017-01-26 23:53:35', '2017-01-26 23:53:35', '92dd65c7-374c-4166-913f-a95d80467741'),
 ('25', NULL, 'm151127_000000_plugin_license_keys', '2017-01-26 23:53:35', '2017-01-26 23:53:35', '2017-01-26 23:53:35', 'af72d73b-fe45-4d66-81fe-c01d933d882a'),
 ('26', NULL, 'm151130_000000_update_pt_widget_feeds', '2017-01-26 23:53:35', '2017-01-26 23:53:35', '2017-01-26 23:53:35', '3c4e6681-bb74-4d14-8dcf-feef4a326a94'),
 ('27', NULL, 'm160114_000000_asset_sources_public_url_default_true', '2017-01-26 23:53:35', '2017-01-26 23:53:35', '2017-01-26 23:53:35', '75c4d159-ba04-4247-8f53-1efcf9658b6a'),
 ('28', NULL, 'm160223_000000_sortorder_to_smallint', '2017-01-26 23:53:35', '2017-01-26 23:53:35', '2017-01-26 23:53:35', 'ed2f07ca-8f04-4820-9175-97591f7f5d9f'),
 ('29', NULL, 'm160229_000000_set_default_entry_statuses', '2017-01-26 23:53:35', '2017-01-26 23:53:35', '2017-01-26 23:53:35', '6df07ec3-d7b3-4b14-ba38-323c9a44233e'),
 ('30', NULL, 'm160304_000000_client_permissions', '2017-01-26 23:53:35', '2017-01-26 23:53:35', '2017-01-26 23:53:35', '1cec196f-e927-4a69-bb91-2e87db05163c'),
 ('31', NULL, 'm160322_000000_asset_filesize', '2017-01-26 23:53:35', '2017-01-26 23:53:35', '2017-01-26 23:53:35', 'c14b8eae-1bee-437b-9f84-0beb711725dd'),
 ('32', NULL, 'm160503_000000_orphaned_fieldlayouts', '2017-01-26 23:53:35', '2017-01-26 23:53:35', '2017-01-26 23:53:35', 'f2a6fcdc-0743-427a-8f07-c1ec585f86d9'),
 ('33', NULL, 'm160510_000000_tasksettings', '2017-01-26 23:53:35', '2017-01-26 23:53:35', '2017-01-26 23:53:35', '580060e9-7637-48a3-b22b-688e83efdc20'),
 ('34', NULL, 'm160829_000000_pending_user_content_cleanup', '2017-01-26 23:53:35', '2017-01-26 23:53:35', '2017-01-26 23:53:35', 'b988b082-4012-45fe-9cae-81b88513bfd3'),
 ('35', NULL, 'm160830_000000_asset_index_uri_increase', '2017-01-26 23:53:35', '2017-01-26 23:53:35', '2017-01-26 23:53:35', 'bfbbd3c1-32ec-400b-8039-c9fc2ffae98d'),
 ('36', NULL, 'm160919_000000_usergroup_handle_title_unique', '2017-01-26 23:53:35', '2017-01-26 23:53:35', '2017-01-26 23:53:35', 'cbb103c0-0777-4bb2-bde7-d1bfc37d8f69'),
 ('37', NULL, 'm161108_000000_new_version_format', '2017-01-26 23:53:35', '2017-01-26 23:53:35', '2017-01-26 23:53:35', '8c28e0a3-3fd9-491d-bf50-d8860065e6dc'),
 ('38', NULL, 'm161109_000000_index_shuffle', '2017-01-26 23:53:35', '2017-01-26 23:53:35', '2017-01-26 23:53:35', '25a2476c-f7fa-4c1c-a7d0-11c823c3ef91');



DROP TABLE IF EXISTS `plugins`;


--
-- Schema for table `plugins`
--
CREATE TABLE `plugins` (
  `id` int(11) NOT NULL AUTO_INCREMENT,
  `class` varchar(150) COLLATE utf8_unicode_ci NOT NULL,
  `version` varchar(15) COLLATE utf8_unicode_ci NOT NULL,
  `schemaVersion` varchar(15) COLLATE utf8_unicode_ci DEFAULT NULL,
  `licenseKey` char(24) COLLATE utf8_unicode_ci DEFAULT NULL,
  `licenseKeyStatus` enum('valid','invalid','mismatched','unknown') COLLATE utf8_unicode_ci NOT NULL DEFAULT 'unknown',
  `enabled` tinyint(1) unsigned NOT NULL DEFAULT '0',
  `settings` text COLLATE utf8_unicode_ci,
  `installDate` datetime NOT NULL,
  `dateCreated` datetime NOT NULL,
  `dateUpdated` datetime NOT NULL,
  `uid` char(36) COLLATE utf8_unicode_ci NOT NULL DEFAULT '0',
  PRIMARY KEY (`id`)
) ENGINE=InnoDB AUTO_INCREMENT=2 DEFAULT CHARSET=utf8 COLLATE=utf8_unicode_ci;

--
-- Data for table `plugins`
--

INSERT INTO `plugins` (`id`, `class`, `version`, `schemaVersion`, `licenseKey`, `licenseKeyStatus`, `enabled`, `settings`, `installDate`, `dateCreated`, `dateUpdated`, `uid`) VALUES
 ('1', 'VideoEmbedUtility', '1.0.0', NULL, NULL, 'unknown', '1', NULL, '2017-02-06 20:00:39', '2017-02-06 20:00:39', '2017-02-20 21:33:48', 'bb06d543-a4f1-4679-b860-58430f0f8116');



DROP TABLE IF EXISTS `rackspaceaccess`;


--
-- Schema for table `rackspaceaccess`
--
CREATE TABLE `rackspaceaccess` (
  `id` int(11) NOT NULL AUTO_INCREMENT,
  `connectionKey` varchar(255) COLLATE utf8_unicode_ci NOT NULL,
  `token` varchar(255) COLLATE utf8_unicode_ci NOT NULL,
  `storageUrl` varchar(255) COLLATE utf8_unicode_ci NOT NULL,
  `cdnUrl` varchar(255) COLLATE utf8_unicode_ci NOT NULL,
  `dateCreated` datetime NOT NULL,
  `dateUpdated` datetime NOT NULL,
  `uid` char(36) COLLATE utf8_unicode_ci NOT NULL DEFAULT '0',
  PRIMARY KEY (`id`),
  UNIQUE KEY `rackspaceaccess_connectionKey_unq_idx` (`connectionKey`)
) ENGINE=InnoDB DEFAULT CHARSET=utf8 COLLATE=utf8_unicode_ci;

DROP TABLE IF EXISTS `relations`;


--
-- Schema for table `relations`
--
CREATE TABLE `relations` (
  `id` int(11) NOT NULL AUTO_INCREMENT,
  `fieldId` int(11) NOT NULL,
  `sourceId` int(11) NOT NULL,
  `sourceLocale` char(12) COLLATE utf8_unicode_ci DEFAULT NULL,
  `targetId` int(11) NOT NULL,
  `sortOrder` smallint(6) DEFAULT NULL,
  `dateCreated` datetime NOT NULL,
  `dateUpdated` datetime NOT NULL,
  `uid` char(36) COLLATE utf8_unicode_ci NOT NULL DEFAULT '0',
  PRIMARY KEY (`id`),
  UNIQUE KEY `relations_fieldId_sourceId_sourceLocale_targetId_unq_idx` (`fieldId`,`sourceId`,`sourceLocale`,`targetId`),
  KEY `relations_sourceId_fk` (`sourceId`),
  KEY `relations_sourceLocale_fk` (`sourceLocale`),
  KEY `relations_targetId_fk` (`targetId`)
) ENGINE=InnoDB AUTO_INCREMENT=16 DEFAULT CHARSET=utf8 COLLATE=utf8_unicode_ci;

DROP TABLE IF EXISTS `routes`;


--
-- Schema for table `routes`
--
CREATE TABLE `routes` (
  `id` int(11) NOT NULL AUTO_INCREMENT,
  `locale` char(12) COLLATE utf8_unicode_ci DEFAULT NULL,
  `urlParts` varchar(255) COLLATE utf8_unicode_ci NOT NULL,
  `urlPattern` varchar(255) COLLATE utf8_unicode_ci NOT NULL,
  `template` varchar(255) COLLATE utf8_unicode_ci NOT NULL,
  `sortOrder` smallint(6) unsigned DEFAULT NULL,
  `dateCreated` datetime NOT NULL,
  `dateUpdated` datetime NOT NULL,
  `uid` char(36) COLLATE utf8_unicode_ci NOT NULL DEFAULT '0',
  PRIMARY KEY (`id`),
  UNIQUE KEY `routes_urlPattern_unq_idx` (`urlPattern`),
  KEY `routes_locale_idx` (`locale`)
) ENGINE=InnoDB DEFAULT CHARSET=utf8 COLLATE=utf8_unicode_ci;

DROP TABLE IF EXISTS `searchindex`;


--
-- Schema for table `searchindex`
--
CREATE TABLE `searchindex` (
  `elementId` int(11) NOT NULL,
  `attribute` varchar(25) COLLATE utf8_unicode_ci NOT NULL,
  `fieldId` int(11) NOT NULL,
  `locale` char(12) COLLATE utf8_unicode_ci NOT NULL,
  `keywords` text COLLATE utf8_unicode_ci NOT NULL,
  PRIMARY KEY (`elementId`,`attribute`,`fieldId`,`locale`),
  FULLTEXT KEY `searchindex_keywords_idx` (`keywords`)
) ENGINE=MyISAM DEFAULT CHARSET=utf8 COLLATE=utf8_unicode_ci;

--
-- Data for table `searchindex`
--

INSERT INTO `searchindex` (`elementId`, `attribute`, `fieldId`, `locale`, `keywords`) VALUES
 ('1', 'username', '0', 'en_us', ' diego '),
 ('1', 'firstname', '0', 'en_us', ''),
 ('1', 'lastname', '0', 'en_us', ''),
 ('1', 'fullname', '0', 'en_us', ''),
 ('1', 'email', '0', 'en_us', ' hello diegozaks com '),
 ('1', 'slug', '0', 'en_us', ''),
 ('2', 'slug', '0', 'en_us', ' homepage '),
 ('2', 'title', '0', 'en_us', ' welcome to craft dev '),
 ('2', 'field', '1', 'en_us', ' it s true this site doesn t have a whole lot of content yet but don t worry our web developers have just installed the cms and they re setting things up for the content editors this very moment soon craft dev will be an oasis of fresh perspectives sharp analyses and astute opinions that will keep you coming back again and again '),
 ('28', 'filename', '0', 'en_us', ' slack imgs jpg '),
 ('36', 'slug', '0', 'en_us', ' desktop hd copy 4 '),
 ('36', 'title', '0', 'en_us', ' desktop hd copy 4 '),
 ('28', 'slug', '0', 'en_us', ' slack imgs '),
 ('28', 'title', '0', 'en_us', ' slack imgs '),
 ('28', 'kind', '0', 'en_us', ' image '),
 ('28', 'extension', '0', 'en_us', ' jpg '),
 ('39', 'filename', '0', 'en_us', ' ejx9jcskwjaurp_lrpoqubdtrhs6sidilmqr67w9njulidqh_xddp8dnmaegmxoor141ja9ti2visw8dbyiqhblu4j51wlqggm2hyczbtmg3gkmputi6icr4ks8m 8ibcsngtwap1pujciv3mwa6pj7dfimxw_7ythjpg2dfu8pstzwspz7oszt1edeajxazxg9kxj4p jpg '),
 ('29', 'slug', '0', 'en_us', ' slack imgs 1 '),
 ('29', 'kind', '0', 'en_us', ' image '),
 ('29', 'extension', '0', 'en_us', ' jpg '),
 ('29', 'filename', '0', 'en_us', ' slack imgs 1 jpg '),
 ('36', 'filename', '0', 'en_us', ' desktop hd copy 4 png '),
 ('31', 'extension', '0', 'en_us', ' jpg '),
 ('31', 'kind', '0', 'en_us', ' image '),
 ('31', 'slug', '0', 'en_us', ' new assetfile '),
 ('31', 'title', '0', 'en_us', ' new assetfile '),
 ('28', 'field', '32', 'en_us', ''),
 ('28', 'field', '32', 'he', ''),
 ('29', 'field', '32', 'en_us', ''),
 ('29', 'field', '32', 'he', ''),
 ('36', 'kind', '0', 'en_us', ' image '),
 ('36', 'extension', '0', 'en_us', ' png '),
 ('30', 'title', '0', 'en_us', ' 02 1 '),
 ('31', 'filename', '0', 'en_us', ' ejyvjc0kwjaqhn9lz2lie1djtqkefeqed6whwnd2dw1kn ifvruhdwuvwwzmffpccp251txzgrnrskgtnwfotk5pfqoqlieuvsho5az7idqoegbrthvthtcnrqve8abrfnxhbzganolnzyalgx1ic7aygvou1a_aboweua0ligmat9k4uzkro2fb0aajfxcf yiy5qptg1vp jpg '),
 ('29', 'title', '0', 'en_us', ' slack imgs 1 '),
 ('30', 'slug', '0', 'en_us', ' 02 1 '),
 ('30', 'kind', '0', 'en_us', ' image '),
 ('30', 'filename', '0', 'en_us', ' 02 1 jpg '),
 ('30', 'extension', '0', 'en_us', ' jpg '),
 ('39', 'extension', '0', 'en_us', ' jpg '),
 ('39', 'kind', '0', 'en_us', ' image '),
 ('39', 'slug', '0', 'en_us', ' e jx9jcs kwj aurp lrp oqu bdtrh s6si di lm qr67 w9 nj ulid qh xd dp8 dnmae gmxo or141 ja9ti2 visw8 dbyi qhbl u4j51w lqggm2 hyc zbtmg3 gkmputi6i cr4 ks8 m 8 ib csngt wa p1 pujci v3m wa6pj7 dfi mxw 7 ythjpg2df u8p st zwspz7 os zt1 edeajxazxg9 kxj4p '),
 ('39', 'title', '0', 'en_us', ' e jx9jcs kwj aurp lrp oqu bdtrh s6si di lm qr67 w9 nj ulid qh xd dp8 dnmae gmxo or141 ja9ti2 visw8 dbyi qhbl u4j51w lqggm2 hyc zbtmg3 gkmputi6i cr4 ks8 m 8 ib csngt wa p1 pujci v3m wa6pj7 dfi mxw 7 ythjpg2df u8p st zwspz7 os zt1 edeajxazxg9 kxj4p '),
 ('38', 'title', '0', 'en_us', ' e jx9jc0 kwj aqh n9lz9u qeqjamx y8 kyh4 k0 vi xjto7 jyk t n3 n qbv hz mw pbndett vm0 w2 zku5k6z y59p9p50t nwd hh nx6 vv aug z7 uy1 ffa6i96wp bpzbohs ulec lrr8wht kif aaaci2 jk kzy k m4 wl p0a qyz4uhw t 2 hqx7o t2vb ez sv jasu7tze fyu0 bj t0d cm ahy ucv '),
 ('38', 'slug', '0', 'en_us', ' e jx9jc0 kwj aqh n9lz9u qeqjamx y8 kyh4 k0 vi xjto7 jyk t n3 n qbv hz mw pbndett vm0 w2 zku5k6z y59p9p50t nwd hh nx6 vv aug z7 uy1 ffa6i96wp bpzbohs ulec lrr8wht kif aaaci2 jk kzy k m4 wl p0a qyz4uhw t 2 hqx7o t2vb ez sv jasu7tze fyu0 bj t0d cm ahy ucv '),
 ('38', 'kind', '0', 'en_us', ' image '),
 ('38', 'extension', '0', 'en_us', ' jpg '),
 ('38', 'filename', '0', 'en_us', ' ejx9jc0kwjaqhn9lz9uqeqjamxy8kyh4k0vixjto7jyk_tn3n_qbvhzmwpbndettvm0w2zku5k6zy59p9p50tnwdhhnx6vvaugz7uy1ffa6i96wpbpzbohsulec lrr8whtkifaaaci2jkkzy km4wlp0aqyz4uhwt 2hqx7ot2vbezsvjasu7tzefyu0bjt0dcm ahy ucv jpg ');



DROP TABLE IF EXISTS `sections`;


--
-- Schema for table `sections`
--
CREATE TABLE `sections` (
  `id` int(11) NOT NULL AUTO_INCREMENT,
  `structureId` int(11) DEFAULT NULL,
  `name` varchar(255) COLLATE utf8_unicode_ci NOT NULL,
  `handle` varchar(255) COLLATE utf8_unicode_ci NOT NULL,
  `type` enum('single','channel','structure') COLLATE utf8_unicode_ci NOT NULL DEFAULT 'channel',
  `hasUrls` tinyint(1) unsigned NOT NULL DEFAULT '1',
  `template` varchar(500) COLLATE utf8_unicode_ci DEFAULT NULL,
  `enableVersioning` tinyint(1) unsigned NOT NULL DEFAULT '0',
  `dateCreated` datetime NOT NULL,
  `dateUpdated` datetime NOT NULL,
  `uid` char(36) COLLATE utf8_unicode_ci NOT NULL DEFAULT '0',
  PRIMARY KEY (`id`),
  UNIQUE KEY `sections_name_unq_idx` (`name`),
  UNIQUE KEY `sections_handle_unq_idx` (`handle`),
  KEY `sections_structureId_fk` (`structureId`)
) ENGINE=InnoDB AUTO_INCREMENT=7 DEFAULT CHARSET=utf8 COLLATE=utf8_unicode_ci;

--
-- Data for table `sections`
--

INSERT INTO `sections` (`id`, `structureId`, `name`, `handle`, `type`, `hasUrls`, `template`, `enableVersioning`, `dateCreated`, `dateUpdated`, `uid`) VALUES
 ('1', NULL, 'Homepage', 'homepage', 'single', '1', '', '1', '2017-01-26 23:53:37', '2017-01-27 00:30:05', '09a214d2-f320-4d2b-af00-0420daa9f6e5'),
 ('5', NULL, 'Shows', 'shows', 'channel', '1', 'show/_entry', '1', '2017-02-01 21:40:51', '2017-02-20 21:31:01', 'ccfee366-cdd8-44b0-8809-3444958ff35b'),
 ('6', NULL, 'Representation', 'representation', 'channel', '1', 'representation/_entry', '1', '2017-02-01 21:41:08', '2017-02-20 21:31:25', 'f7756083-b7c5-42ca-aac9-9a165e967e08');



DROP TABLE IF EXISTS `sections_i18n`;


--
-- Schema for table `sections_i18n`
--
CREATE TABLE `sections_i18n` (
  `id` int(11) NOT NULL AUTO_INCREMENT,
  `sectionId` int(11) NOT NULL,
  `locale` char(12) COLLATE utf8_unicode_ci NOT NULL,
  `enabledByDefault` tinyint(1) unsigned NOT NULL DEFAULT '1',
  `urlFormat` text COLLATE utf8_unicode_ci,
  `nestedUrlFormat` text COLLATE utf8_unicode_ci,
  `dateCreated` datetime NOT NULL,
  `dateUpdated` datetime NOT NULL,
  `uid` char(36) COLLATE utf8_unicode_ci NOT NULL DEFAULT '0',
  PRIMARY KEY (`id`),
  UNIQUE KEY `sections_i18n_sectionId_locale_unq_idx` (`sectionId`,`locale`),
  KEY `sections_i18n_locale_fk` (`locale`)
) ENGINE=InnoDB AUTO_INCREMENT=9 DEFAULT CHARSET=utf8 COLLATE=utf8_unicode_ci;

--
-- Data for table `sections_i18n`
--

INSERT INTO `sections_i18n` (`id`, `sectionId`, `locale`, `enabledByDefault`, `urlFormat`, `nestedUrlFormat`, `dateCreated`, `dateUpdated`, `uid`) VALUES
 ('1', '1', 'en_us', '1', 'welcome', NULL, '2017-01-26 23:53:37', '2017-01-27 00:30:05', 'e11ea16b-764d-4846-8108-21d948324fa4'),
 ('5', '5', 'en_us', '1', 'show/{slug}', NULL, '2017-02-01 21:40:51', '2017-02-01 21:40:51', '7e66f2dc-66f1-4864-9631-f850277baba7'),
 ('6', '6', 'en_us', '1', 'representation/{slug}', NULL, '2017-02-01 21:41:08', '2017-02-01 21:41:08', '051aee9a-7bae-4ea6-98b5-46da85e8d61f'),
 ('7', '5', 'he', '1', 'shows/{slug}', NULL, '2017-02-20 21:31:01', '2017-02-20 21:31:01', 'f98df144-5103-4829-a667-d3045fb8b8a0'),
 ('8', '6', 'he', '1', 'representation/{slug}', NULL, '2017-02-20 21:31:25', '2017-02-20 21:31:25', '1846934c-0ba5-4a29-8bce-c7e2fc4a59fc');



DROP TABLE IF EXISTS `sessions`;


--
-- Schema for table `sessions`
--
CREATE TABLE `sessions` (
  `id` int(11) NOT NULL AUTO_INCREMENT,
  `userId` int(11) NOT NULL,
  `token` char(100) COLLATE utf8_unicode_ci NOT NULL,
  `dateCreated` datetime NOT NULL,
  `dateUpdated` datetime NOT NULL,
  `uid` char(36) COLLATE utf8_unicode_ci NOT NULL DEFAULT '0',
  PRIMARY KEY (`id`),
  KEY `sessions_uid_idx` (`uid`),
  KEY `sessions_token_idx` (`token`),
  KEY `sessions_dateUpdated_idx` (`dateUpdated`),
  KEY `sessions_userId_fk` (`userId`)
) ENGINE=InnoDB AUTO_INCREMENT=9 DEFAULT CHARSET=utf8 COLLATE=utf8_unicode_ci;

DROP TABLE IF EXISTS `shunnedmessages`;


--
-- Schema for table `shunnedmessages`
--
CREATE TABLE `shunnedmessages` (
  `id` int(11) NOT NULL AUTO_INCREMENT,
  `userId` int(11) NOT NULL,
  `message` varchar(255) COLLATE utf8_unicode_ci NOT NULL,
  `expiryDate` datetime DEFAULT NULL,
  `dateCreated` datetime NOT NULL,
  `dateUpdated` datetime NOT NULL,
  `uid` char(36) COLLATE utf8_unicode_ci NOT NULL DEFAULT '0',
  PRIMARY KEY (`id`),
  UNIQUE KEY `shunnedmessages_userId_message_unq_idx` (`userId`,`message`)
) ENGINE=InnoDB DEFAULT CHARSET=utf8 COLLATE=utf8_unicode_ci;

DROP TABLE IF EXISTS `structureelements`;


--
-- Schema for table `structureelements`
--
CREATE TABLE `structureelements` (
  `id` int(11) NOT NULL AUTO_INCREMENT,
  `structureId` int(11) NOT NULL,
  `elementId` int(11) DEFAULT NULL,
  `root` int(11) unsigned DEFAULT NULL,
  `lft` int(11) unsigned NOT NULL,
  `rgt` int(11) unsigned NOT NULL,
  `level` smallint(6) unsigned NOT NULL,
  `dateCreated` datetime NOT NULL,
  `dateUpdated` datetime NOT NULL,
  `uid` char(36) COLLATE utf8_unicode_ci NOT NULL DEFAULT '0',
  PRIMARY KEY (`id`),
  UNIQUE KEY `structureelements_structureId_elementId_unq_idx` (`structureId`,`elementId`),
  KEY `structureelements_root_idx` (`root`),
  KEY `structureelements_lft_idx` (`lft`),
  KEY `structureelements_rgt_idx` (`rgt`),
  KEY `structureelements_level_idx` (`level`),
  KEY `structureelements_elementId_fk` (`elementId`)
) ENGINE=InnoDB DEFAULT CHARSET=utf8 COLLATE=utf8_unicode_ci;

DROP TABLE IF EXISTS `structures`;


--
-- Schema for table `structures`
--
CREATE TABLE `structures` (
  `id` int(11) NOT NULL AUTO_INCREMENT,
  `maxLevels` smallint(6) unsigned DEFAULT NULL,
  `dateCreated` datetime NOT NULL,
  `dateUpdated` datetime NOT NULL,
  `uid` char(36) COLLATE utf8_unicode_ci NOT NULL DEFAULT '0',
  PRIMARY KEY (`id`)
) ENGINE=InnoDB DEFAULT CHARSET=utf8 COLLATE=utf8_unicode_ci;

DROP TABLE IF EXISTS `systemsettings`;


--
-- Schema for table `systemsettings`
--
CREATE TABLE `systemsettings` (
  `id` int(11) NOT NULL AUTO_INCREMENT,
  `category` varchar(15) COLLATE utf8_unicode_ci NOT NULL,
  `settings` text COLLATE utf8_unicode_ci,
  `dateCreated` datetime NOT NULL,
  `dateUpdated` datetime NOT NULL,
  `uid` char(36) COLLATE utf8_unicode_ci NOT NULL DEFAULT '0',
  PRIMARY KEY (`id`),
  UNIQUE KEY `systemsettings_category_unq_idx` (`category`)
) ENGINE=InnoDB AUTO_INCREMENT=2 DEFAULT CHARSET=utf8 COLLATE=utf8_unicode_ci;

--
-- Data for table `systemsettings`
--

INSERT INTO `systemsettings` (`id`, `category`, `settings`, `dateCreated`, `dateUpdated`, `uid`) VALUES
 ('1', 'email', '{\"protocol\":\"php\",\"emailAddress\":\"hello@diegozaks.com\",\"senderName\":\"Craft\"}', '2017-01-26 23:53:36', '2017-01-26 23:53:36', '05ad84e1-dff5-4d70-89c0-5416325fd85a');



DROP TABLE IF EXISTS `taggroups`;


--
-- Schema for table `taggroups`
--
CREATE TABLE `taggroups` (
  `id` int(11) NOT NULL AUTO_INCREMENT,
  `name` varchar(255) COLLATE utf8_unicode_ci NOT NULL,
  `handle` varchar(255) COLLATE utf8_unicode_ci NOT NULL,
  `fieldLayoutId` int(11) DEFAULT NULL,
  `dateCreated` datetime NOT NULL,
  `dateUpdated` datetime NOT NULL,
  `uid` char(36) COLLATE utf8_unicode_ci NOT NULL DEFAULT '0',
  PRIMARY KEY (`id`),
  UNIQUE KEY `taggroups_name_unq_idx` (`name`),
  UNIQUE KEY `taggroups_handle_unq_idx` (`handle`),
  KEY `taggroups_fieldLayoutId_fk` (`fieldLayoutId`)
) ENGINE=InnoDB AUTO_INCREMENT=2 DEFAULT CHARSET=utf8 COLLATE=utf8_unicode_ci;

--
-- Data for table `taggroups`
--

INSERT INTO `taggroups` (`id`, `name`, `handle`, `fieldLayoutId`, `dateCreated`, `dateUpdated`, `uid`) VALUES
 ('1', 'Default', 'default', '1', '2017-01-26 23:53:36', '2017-01-26 23:53:36', '43ac92a4-4cc0-4419-a510-0f2aa4961b85');



DROP TABLE IF EXISTS `tags`;


--
-- Schema for table `tags`
--
CREATE TABLE `tags` (
  `id` int(11) NOT NULL,
  `groupId` int(11) NOT NULL,
  `dateCreated` datetime NOT NULL,
  `dateUpdated` datetime NOT NULL,
  `uid` char(36) COLLATE utf8_unicode_ci NOT NULL DEFAULT '0',
  PRIMARY KEY (`id`),
  KEY `tags_groupId_fk` (`groupId`)
) ENGINE=InnoDB DEFAULT CHARSET=utf8 COLLATE=utf8_unicode_ci;

DROP TABLE IF EXISTS `tasks`;


--
-- Schema for table `tasks`
--
CREATE TABLE `tasks` (
  `id` int(11) NOT NULL AUTO_INCREMENT,
  `root` int(11) unsigned DEFAULT NULL,
  `lft` int(11) unsigned NOT NULL,
  `rgt` int(11) unsigned NOT NULL,
  `level` smallint(6) unsigned NOT NULL,
  `currentStep` int(11) unsigned DEFAULT NULL,
  `totalSteps` int(11) unsigned DEFAULT NULL,
  `status` enum('pending','error','running') COLLATE utf8_unicode_ci DEFAULT NULL,
  `type` varchar(150) COLLATE utf8_unicode_ci NOT NULL,
  `description` varchar(255) COLLATE utf8_unicode_ci DEFAULT NULL,
  `settings` mediumtext COLLATE utf8_unicode_ci,
  `dateCreated` datetime NOT NULL,
  `dateUpdated` datetime NOT NULL,
  `uid` char(36) COLLATE utf8_unicode_ci NOT NULL DEFAULT '0',
  PRIMARY KEY (`id`),
  KEY `tasks_root_idx` (`root`),
  KEY `tasks_lft_idx` (`lft`),
  KEY `tasks_rgt_idx` (`rgt`),
  KEY `tasks_level_idx` (`level`)
) ENGINE=InnoDB AUTO_INCREMENT=5 DEFAULT CHARSET=utf8 COLLATE=utf8_unicode_ci;

--
-- Data for table `tasks`
--

INSERT INTO `tasks` (`id`, `root`, `lft`, `rgt`, `level`, `currentStep`, `totalSteps`, `status`, `type`, `description`, `settings`, `dateCreated`, `dateUpdated`, `uid`) VALUES
 ('1', '1', '1', '4', '0', '1', '6', 'running', 'ResaveAllElements', NULL, '{\"locale\":\"en_us\",\"localizableOnly\":1}', '2017-02-20 21:29:59', '2017-02-20 21:30:00', '9767d793-2fc6-417e-8618-89a8513ac9b0'),
 ('2', '1', '2', '3', '1', '3', '7', 'running', 'ResaveElements', NULL, '{\"elementType\":\"Asset\",\"criteria\":{\"locale\":\"en_us\",\"status\":null,\"localeEnabled\":null}}', '2017-02-20 21:30:00', '2017-02-20 21:30:00', '657ec2f4-527a-487a-b960-88601a3d1bc7'),
 ('3', '3', '1', '2', '0', NULL, NULL, 'pending', 'ResaveElements', 'Resaving Shows entries', '{\"elementType\":\"Entry\",\"criteria\":{\"ancestorDist\":null,\"ancestorOf\":null,\"archived\":0,\"dateCreated\":null,\"dateUpdated\":null,\"descendantDist\":null,\"descendantOf\":null,\"fixedOrder\":0,\"id\":null,\"indexBy\":null,\"level\":null,\"limit\":null,\"locale\":\"en_us\",\"localeEnabled\":null,\"nextSiblingOf\":null,\"offset\":0,\"order\":\"lft, postDate desc\",\"positionedAfter\":null,\"positionedBefore\":null,\"prevSiblingOf\":null,\"relatedTo\":null,\"ref\":null,\"search\":null,\"siblingOf\":null,\"slug\":null,\"status\":null,\"title\":null,\"uri\":null,\"with\":null,\"childField\":null,\"childOf\":null,\"depth\":null,\"parentField\":null,\"parentOf\":null,\"after\":null,\"authorGroup\":null,\"authorGroupId\":null,\"authorId\":null,\"before\":null,\"editable\":0,\"expiryDate\":null,\"postDate\":null,\"section\":null,\"sectionId\":\"5\",\"type\":null}}', '2017-02-20 21:31:01', '2017-02-20 21:31:01', '186e0678-ca1f-4406-9e9a-f5ae220583b3'),
 ('4', '4', '1', '2', '0', NULL, NULL, 'pending', 'ResaveElements', 'Resaving Representation entries', '{\"elementType\":\"Entry\",\"criteria\":{\"ancestorDist\":null,\"ancestorOf\":null,\"archived\":0,\"dateCreated\":null,\"dateUpdated\":null,\"descendantDist\":null,\"descendantOf\":null,\"fixedOrder\":0,\"id\":null,\"indexBy\":null,\"level\":null,\"limit\":null,\"locale\":\"en_us\",\"localeEnabled\":null,\"nextSiblingOf\":null,\"offset\":0,\"order\":\"lft, postDate desc\",\"positionedAfter\":null,\"positionedBefore\":null,\"prevSiblingOf\":null,\"relatedTo\":null,\"ref\":null,\"search\":null,\"siblingOf\":null,\"slug\":null,\"status\":null,\"title\":null,\"uri\":null,\"with\":null,\"childField\":null,\"childOf\":null,\"depth\":null,\"parentField\":null,\"parentOf\":null,\"after\":null,\"authorGroup\":null,\"authorGroupId\":null,\"authorId\":null,\"before\":null,\"editable\":0,\"expiryDate\":null,\"postDate\":null,\"section\":null,\"sectionId\":\"6\",\"type\":null}}', '2017-02-20 21:31:25', '2017-02-20 21:31:25', 'e2beb9a8-78f3-4090-8a91-d16b3ce5e095');



DROP TABLE IF EXISTS `templatecachecriteria`;


--
-- Schema for table `templatecachecriteria`
--
CREATE TABLE `templatecachecriteria` (
  `id` int(11) NOT NULL AUTO_INCREMENT,
  `cacheId` int(11) NOT NULL,
  `type` varchar(150) COLLATE utf8_unicode_ci NOT NULL,
  `criteria` text COLLATE utf8_unicode_ci NOT NULL,
  PRIMARY KEY (`id`),
  KEY `templatecachecriteria_cacheId_fk` (`cacheId`),
  KEY `templatecachecriteria_type_idx` (`type`)
) ENGINE=InnoDB DEFAULT CHARSET=utf8 COLLATE=utf8_unicode_ci;

DROP TABLE IF EXISTS `templatecacheelements`;


--
-- Schema for table `templatecacheelements`
--
CREATE TABLE `templatecacheelements` (
  `cacheId` int(11) NOT NULL,
  `elementId` int(11) NOT NULL,
  KEY `templatecacheelements_cacheId_fk` (`cacheId`),
  KEY `templatecacheelements_elementId_fk` (`elementId`)
) ENGINE=InnoDB DEFAULT CHARSET=utf8 COLLATE=utf8_unicode_ci;

DROP TABLE IF EXISTS `templatecaches`;


--
-- Schema for table `templatecaches`
--
CREATE TABLE `templatecaches` (
  `id` int(11) NOT NULL AUTO_INCREMENT,
  `cacheKey` varchar(255) COLLATE utf8_unicode_ci NOT NULL,
  `locale` char(12) COLLATE utf8_unicode_ci NOT NULL,
  `path` varchar(255) COLLATE utf8_unicode_ci DEFAULT NULL,
  `expiryDate` datetime NOT NULL,
  `body` mediumtext COLLATE utf8_unicode_ci NOT NULL,
  PRIMARY KEY (`id`),
  KEY `templatecaches_expiryDate_cacheKey_locale_path_idx` (`expiryDate`,`cacheKey`,`locale`,`path`),
  KEY `templatecaches_locale_fk` (`locale`)
) ENGINE=InnoDB DEFAULT CHARSET=utf8 COLLATE=utf8_unicode_ci;

DROP TABLE IF EXISTS `tokens`;


--
-- Schema for table `tokens`
--
CREATE TABLE `tokens` (
  `id` int(11) NOT NULL AUTO_INCREMENT,
  `token` char(32) COLLATE utf8_unicode_ci NOT NULL,
  `route` text COLLATE utf8_unicode_ci,
  `usageLimit` tinyint(3) unsigned DEFAULT NULL,
  `usageCount` tinyint(3) unsigned DEFAULT NULL,
  `expiryDate` datetime NOT NULL,
  `dateCreated` datetime NOT NULL,
  `dateUpdated` datetime NOT NULL,
  `uid` char(36) COLLATE utf8_unicode_ci NOT NULL DEFAULT '0',
  PRIMARY KEY (`id`),
  UNIQUE KEY `tokens_token_unq_idx` (`token`),
  KEY `tokens_expiryDate_idx` (`expiryDate`)
) ENGINE=InnoDB DEFAULT CHARSET=utf8 COLLATE=utf8_unicode_ci;

DROP TABLE IF EXISTS `usergroups`;


--
-- Schema for table `usergroups`
--
CREATE TABLE `usergroups` (
  `id` int(11) NOT NULL AUTO_INCREMENT,
  `name` varchar(255) COLLATE utf8_unicode_ci NOT NULL,
  `handle` varchar(255) COLLATE utf8_unicode_ci NOT NULL,
  `dateCreated` datetime NOT NULL,
  `dateUpdated` datetime NOT NULL,
  `uid` char(36) COLLATE utf8_unicode_ci NOT NULL DEFAULT '0',
  PRIMARY KEY (`id`),
  UNIQUE KEY `usergroups_name_unq_idx` (`name`),
  UNIQUE KEY `usergroups_handle_unq_idx` (`handle`)
) ENGINE=InnoDB DEFAULT CHARSET=utf8 COLLATE=utf8_unicode_ci;

DROP TABLE IF EXISTS `usergroups_users`;


--
-- Schema for table `usergroups_users`
--
CREATE TABLE `usergroups_users` (
  `id` int(11) NOT NULL AUTO_INCREMENT,
  `groupId` int(11) NOT NULL,
  `userId` int(11) NOT NULL,
  `dateCreated` datetime NOT NULL,
  `dateUpdated` datetime NOT NULL,
  `uid` char(36) COLLATE utf8_unicode_ci NOT NULL DEFAULT '0',
  PRIMARY KEY (`id`),
  UNIQUE KEY `usergroups_users_groupId_userId_unq_idx` (`groupId`,`userId`),
  KEY `usergroups_users_userId_fk` (`userId`)
) ENGINE=InnoDB DEFAULT CHARSET=utf8 COLLATE=utf8_unicode_ci;

DROP TABLE IF EXISTS `userpermissions`;


--
-- Schema for table `userpermissions`
--
CREATE TABLE `userpermissions` (
  `id` int(11) NOT NULL AUTO_INCREMENT,
  `name` varchar(255) COLLATE utf8_unicode_ci NOT NULL,
  `dateCreated` datetime NOT NULL,
  `dateUpdated` datetime NOT NULL,
  `uid` char(36) COLLATE utf8_unicode_ci NOT NULL DEFAULT '0',
  PRIMARY KEY (`id`),
  UNIQUE KEY `userpermissions_name_unq_idx` (`name`)
) ENGINE=InnoDB DEFAULT CHARSET=utf8 COLLATE=utf8_unicode_ci;

DROP TABLE IF EXISTS `userpermissions_usergroups`;


--
-- Schema for table `userpermissions_usergroups`
--
CREATE TABLE `userpermissions_usergroups` (
  `id` int(11) NOT NULL AUTO_INCREMENT,
  `permissionId` int(11) NOT NULL,
  `groupId` int(11) NOT NULL,
  `dateCreated` datetime NOT NULL,
  `dateUpdated` datetime NOT NULL,
  `uid` char(36) COLLATE utf8_unicode_ci NOT NULL DEFAULT '0',
  PRIMARY KEY (`id`),
  UNIQUE KEY `userpermissions_usergroups_permissionId_groupId_unq_idx` (`permissionId`,`groupId`),
  KEY `userpermissions_usergroups_groupId_fk` (`groupId`)
) ENGINE=InnoDB DEFAULT CHARSET=utf8 COLLATE=utf8_unicode_ci;

DROP TABLE IF EXISTS `userpermissions_users`;


--
-- Schema for table `userpermissions_users`
--
CREATE TABLE `userpermissions_users` (
  `id` int(11) NOT NULL AUTO_INCREMENT,
  `permissionId` int(11) NOT NULL,
  `userId` int(11) NOT NULL,
  `dateCreated` datetime NOT NULL,
  `dateUpdated` datetime NOT NULL,
  `uid` char(36) COLLATE utf8_unicode_ci NOT NULL DEFAULT '0',
  PRIMARY KEY (`id`),
  UNIQUE KEY `userpermissions_users_permissionId_userId_unq_idx` (`permissionId`,`userId`),
  KEY `userpermissions_users_userId_fk` (`userId`)
) ENGINE=InnoDB DEFAULT CHARSET=utf8 COLLATE=utf8_unicode_ci;

DROP TABLE IF EXISTS `users`;


--
-- Schema for table `users`
--
CREATE TABLE `users` (
  `id` int(11) NOT NULL,
  `username` varchar(100) COLLATE utf8_unicode_ci NOT NULL,
  `photo` varchar(100) COLLATE utf8_unicode_ci DEFAULT NULL,
  `firstName` varchar(100) COLLATE utf8_unicode_ci DEFAULT NULL,
  `lastName` varchar(100) COLLATE utf8_unicode_ci DEFAULT NULL,
  `email` varchar(255) COLLATE utf8_unicode_ci NOT NULL,
  `password` char(255) COLLATE utf8_unicode_ci DEFAULT NULL,
  `preferredLocale` char(12) COLLATE utf8_unicode_ci DEFAULT NULL,
  `weekStartDay` tinyint(1) unsigned NOT NULL DEFAULT '0',
  `admin` tinyint(1) unsigned NOT NULL DEFAULT '0',
  `client` tinyint(1) unsigned NOT NULL DEFAULT '0',
  `locked` tinyint(1) unsigned NOT NULL DEFAULT '0',
  `suspended` tinyint(1) unsigned NOT NULL DEFAULT '0',
  `pending` tinyint(1) unsigned NOT NULL DEFAULT '0',
  `archived` tinyint(1) unsigned NOT NULL DEFAULT '0',
  `lastLoginDate` datetime DEFAULT NULL,
  `lastLoginAttemptIPAddress` varchar(45) COLLATE utf8_unicode_ci DEFAULT NULL,
  `invalidLoginWindowStart` datetime DEFAULT NULL,
  `invalidLoginCount` tinyint(4) unsigned DEFAULT NULL,
  `lastInvalidLoginDate` datetime DEFAULT NULL,
  `lockoutDate` datetime DEFAULT NULL,
  `verificationCode` char(100) COLLATE utf8_unicode_ci DEFAULT NULL,
  `verificationCodeIssuedDate` datetime DEFAULT NULL,
  `unverifiedEmail` varchar(255) COLLATE utf8_unicode_ci DEFAULT NULL,
  `passwordResetRequired` tinyint(1) unsigned NOT NULL DEFAULT '0',
  `lastPasswordChangeDate` datetime DEFAULT NULL,
  `dateCreated` datetime NOT NULL,
  `dateUpdated` datetime NOT NULL,
  `uid` char(36) COLLATE utf8_unicode_ci NOT NULL DEFAULT '0',
  PRIMARY KEY (`id`),
  UNIQUE KEY `users_username_unq_idx` (`username`),
  UNIQUE KEY `users_email_unq_idx` (`email`),
  KEY `users_verificationCode_idx` (`verificationCode`),
  KEY `users_uid_idx` (`uid`),
  KEY `users_preferredLocale_fk` (`preferredLocale`)
) ENGINE=InnoDB DEFAULT CHARSET=utf8 COLLATE=utf8_unicode_ci;

--
-- Data for table `users`
--

INSERT INTO `users` (`id`, `username`, `photo`, `firstName`, `lastName`, `email`, `password`, `preferredLocale`, `weekStartDay`, `admin`, `client`, `locked`, `suspended`, `pending`, `archived`, `lastLoginDate`, `lastLoginAttemptIPAddress`, `invalidLoginWindowStart`, `invalidLoginCount`, `lastInvalidLoginDate`, `lockoutDate`, `verificationCode`, `verificationCodeIssuedDate`, `unverifiedEmail`, `passwordResetRequired`, `lastPasswordChangeDate`, `dateCreated`, `dateUpdated`, `uid`) VALUES
 ('1', 'diego', NULL, NULL, NULL, 'hello@diegozaks.com', '$2y$13$qnIOXkgGOS3gn2WHGhMA3ucdT3Ad2HvKPv2WfXR2plzP4Nib8lwrG', NULL, '0', '1', '0', '0', '0', '0', '0', '2017-02-20 21:13:35', '192.168.56.1', NULL, NULL, '2017-02-01 21:32:40', NULL, NULL, NULL, NULL, '0', '2017-01-26 23:53:36', '2017-01-26 23:53:36', '2017-02-20 21:13:35', 'd125fe4f-ad7e-4cb2-bb43-3cf7cc480d61');



DROP TABLE IF EXISTS `widgets`;


--
-- Schema for table `widgets`
--
CREATE TABLE `widgets` (
  `id` int(11) NOT NULL AUTO_INCREMENT,
  `userId` int(11) NOT NULL,
  `type` varchar(150) COLLATE utf8_unicode_ci NOT NULL,
  `sortOrder` smallint(6) unsigned DEFAULT NULL,
  `colspan` tinyint(4) unsigned DEFAULT NULL,
  `settings` text COLLATE utf8_unicode_ci,
  `enabled` tinyint(1) unsigned NOT NULL DEFAULT '1',
  `dateCreated` datetime NOT NULL,
  `dateUpdated` datetime NOT NULL,
  `uid` char(36) COLLATE utf8_unicode_ci NOT NULL DEFAULT '0',
  PRIMARY KEY (`id`),
  KEY `widgets_userId_fk` (`userId`)
) ENGINE=InnoDB AUTO_INCREMENT=5 DEFAULT CHARSET=utf8 COLLATE=utf8_unicode_ci;

--
-- Data for table `widgets`
--

INSERT INTO `widgets` (`id`, `userId`, `type`, `sortOrder`, `colspan`, `settings`, `enabled`, `dateCreated`, `dateUpdated`, `uid`) VALUES
 ('1', '1', 'RecentEntries', '1', NULL, NULL, '1', '2017-01-26 23:54:36', '2017-01-26 23:54:36', '9ad67665-0be3-4dfd-a29a-7c4ae32f5de3'),
 ('2', '1', 'GetHelp', '2', NULL, NULL, '1', '2017-01-26 23:54:36', '2017-01-26 23:54:36', '18f7a765-bc56-4369-908b-4e24bcee357a'),
 ('3', '1', 'Updates', '3', NULL, NULL, '1', '2017-01-26 23:54:36', '2017-01-26 23:54:36', '0ad013f5-69bc-46f4-bf5e-dd4edc1e840c'),
 ('4', '1', 'Feed', '4', NULL, '{\"url\":\"https:\\/\\/craftcms.com\\/news.rss\",\"title\":\"Craft News\"}', '1', '2017-01-26 23:54:36', '2017-01-26 23:54:36', 'be653ba7-d320-4142-9b20-dc760d638d05');


--
-- Constraints for tables
--


--
-- Constraints for table `assetfiles`
--
ALTER TABLE `assetfiles`
	ADD CONSTRAINT `assetfiles_folderId_fk` FOREIGN KEY (`folderId`) REFERENCES `assetfolders` (`id`) ON DELETE CASCADE,
	ADD CONSTRAINT `assetfiles_id_fk` FOREIGN KEY (`id`) REFERENCES `elements` (`id`) ON DELETE CASCADE,
	ADD CONSTRAINT `assetfiles_sourceId_fk` FOREIGN KEY (`sourceId`) REFERENCES `assetsources` (`id`) ON DELETE CASCADE;

--
-- Constraints for table `assetfolders`
--
ALTER TABLE `assetfolders`
	ADD CONSTRAINT `assetfolders_parentId_fk` FOREIGN KEY (`parentId`) REFERENCES `assetfolders` (`id`) ON DELETE CASCADE,
	ADD CONSTRAINT `assetfolders_sourceId_fk` FOREIGN KEY (`sourceId`) REFERENCES `assetsources` (`id`) ON DELETE CASCADE;

--
-- Constraints for table `assetindexdata`
--
ALTER TABLE `assetindexdata`
	ADD CONSTRAINT `assetindexdata_sourceId_fk` FOREIGN KEY (`sourceId`) REFERENCES `assetsources` (`id`) ON DELETE CASCADE;

--
-- Constraints for table `assetsources`
--
ALTER TABLE `assetsources`
	ADD CONSTRAINT `assetsources_fieldLayoutId_fk` FOREIGN KEY (`fieldLayoutId`) REFERENCES `fieldlayouts` (`id`) ON DELETE SET NULL;

--
-- Constraints for table `categories`
--
ALTER TABLE `categories`
	ADD CONSTRAINT `categories_groupId_fk` FOREIGN KEY (`groupId`) REFERENCES `categorygroups` (`id`) ON DELETE CASCADE,
	ADD CONSTRAINT `categories_id_fk` FOREIGN KEY (`id`) REFERENCES `elements` (`id`) ON DELETE CASCADE;

--
-- Constraints for table `categorygroups`
--
ALTER TABLE `categorygroups`
	ADD CONSTRAINT `categorygroups_fieldLayoutId_fk` FOREIGN KEY (`fieldLayoutId`) REFERENCES `fieldlayouts` (`id`) ON DELETE SET NULL,
	ADD CONSTRAINT `categorygroups_structureId_fk` FOREIGN KEY (`structureId`) REFERENCES `structures` (`id`) ON DELETE CASCADE;

--
-- Constraints for table `categorygroups_i18n`
--
ALTER TABLE `categorygroups_i18n`
	ADD CONSTRAINT `categorygroups_i18n_groupId_fk` FOREIGN KEY (`groupId`) REFERENCES `categorygroups` (`id`) ON DELETE CASCADE,
	ADD CONSTRAINT `categorygroups_i18n_locale_fk` FOREIGN KEY (`locale`) REFERENCES `locales` (`locale`) ON DELETE CASCADE ON UPDATE CASCADE;

--
-- Constraints for table `content`
--
ALTER TABLE `content`
	ADD CONSTRAINT `content_elementId_fk` FOREIGN KEY (`elementId`) REFERENCES `elements` (`id`) ON DELETE CASCADE,
	ADD CONSTRAINT `content_locale_fk` FOREIGN KEY (`locale`) REFERENCES `locales` (`locale`) ON DELETE CASCADE ON UPDATE CASCADE;

--
-- Constraints for table `elements_i18n`
--
ALTER TABLE `elements_i18n`
	ADD CONSTRAINT `elements_i18n_elementId_fk` FOREIGN KEY (`elementId`) REFERENCES `elements` (`id`) ON DELETE CASCADE,
	ADD CONSTRAINT `elements_i18n_locale_fk` FOREIGN KEY (`locale`) REFERENCES `locales` (`locale`) ON DELETE CASCADE ON UPDATE CASCADE;

--
-- Constraints for table `emailmessages`
--
ALTER TABLE `emailmessages`
	ADD CONSTRAINT `emailmessages_locale_fk` FOREIGN KEY (`locale`) REFERENCES `locales` (`locale`) ON DELETE CASCADE ON UPDATE CASCADE;

--
-- Constraints for table `entries`
--
ALTER TABLE `entries`
	ADD CONSTRAINT `entries_authorId_fk` FOREIGN KEY (`authorId`) REFERENCES `users` (`id`) ON DELETE CASCADE,
	ADD CONSTRAINT `entries_id_fk` FOREIGN KEY (`id`) REFERENCES `elements` (`id`) ON DELETE CASCADE,
	ADD CONSTRAINT `entries_sectionId_fk` FOREIGN KEY (`sectionId`) REFERENCES `sections` (`id`) ON DELETE CASCADE,
	ADD CONSTRAINT `entries_typeId_fk` FOREIGN KEY (`typeId`) REFERENCES `entrytypes` (`id`) ON DELETE CASCADE;

--
-- Constraints for table `entrydrafts`
--
ALTER TABLE `entrydrafts`
	ADD CONSTRAINT `entrydrafts_creatorId_fk` FOREIGN KEY (`creatorId`) REFERENCES `users` (`id`) ON DELETE CASCADE,
	ADD CONSTRAINT `entrydrafts_entryId_fk` FOREIGN KEY (`entryId`) REFERENCES `entries` (`id`) ON DELETE CASCADE,
	ADD CONSTRAINT `entrydrafts_locale_fk` FOREIGN KEY (`locale`) REFERENCES `locales` (`locale`) ON DELETE CASCADE ON UPDATE CASCADE,
	ADD CONSTRAINT `entrydrafts_sectionId_fk` FOREIGN KEY (`sectionId`) REFERENCES `sections` (`id`) ON DELETE CASCADE;

--
-- Constraints for table `entrytypes`
--
ALTER TABLE `entrytypes`
	ADD CONSTRAINT `entrytypes_fieldLayoutId_fk` FOREIGN KEY (`fieldLayoutId`) REFERENCES `fieldlayouts` (`id`) ON DELETE SET NULL,
	ADD CONSTRAINT `entrytypes_sectionId_fk` FOREIGN KEY (`sectionId`) REFERENCES `sections` (`id`) ON DELETE CASCADE;

--
-- Constraints for table `entryversions`
--
ALTER TABLE `entryversions`
	ADD CONSTRAINT `entryversions_creatorId_fk` FOREIGN KEY (`creatorId`) REFERENCES `users` (`id`) ON DELETE SET NULL,
	ADD CONSTRAINT `entryversions_entryId_fk` FOREIGN KEY (`entryId`) REFERENCES `entries` (`id`) ON DELETE CASCADE,
	ADD CONSTRAINT `entryversions_locale_fk` FOREIGN KEY (`locale`) REFERENCES `locales` (`locale`) ON DELETE CASCADE ON UPDATE CASCADE,
	ADD CONSTRAINT `entryversions_sectionId_fk` FOREIGN KEY (`sectionId`) REFERENCES `sections` (`id`) ON DELETE CASCADE;

--
-- Constraints for table `fieldlayoutfields`
--
ALTER TABLE `fieldlayoutfields`
	ADD CONSTRAINT `fieldlayoutfields_fieldId_fk` FOREIGN KEY (`fieldId`) REFERENCES `fields` (`id`) ON DELETE CASCADE,
	ADD CONSTRAINT `fieldlayoutfields_layoutId_fk` FOREIGN KEY (`layoutId`) REFERENCES `fieldlayouts` (`id`) ON DELETE CASCADE,
	ADD CONSTRAINT `fieldlayoutfields_tabId_fk` FOREIGN KEY (`tabId`) REFERENCES `fieldlayouttabs` (`id`) ON DELETE CASCADE;

--
-- Constraints for table `fieldlayouttabs`
--
ALTER TABLE `fieldlayouttabs`
	ADD CONSTRAINT `fieldlayouttabs_layoutId_fk` FOREIGN KEY (`layoutId`) REFERENCES `fieldlayouts` (`id`) ON DELETE CASCADE;

--
-- Constraints for table `fields`
--
ALTER TABLE `fields`
	ADD CONSTRAINT `fields_groupId_fk` FOREIGN KEY (`groupId`) REFERENCES `fieldgroups` (`id`) ON DELETE CASCADE;

--
-- Constraints for table `globalsets`
--
ALTER TABLE `globalsets`
	ADD CONSTRAINT `globalsets_fieldLayoutId_fk` FOREIGN KEY (`fieldLayoutId`) REFERENCES `fieldlayouts` (`id`) ON DELETE SET NULL,
	ADD CONSTRAINT `globalsets_id_fk` FOREIGN KEY (`id`) REFERENCES `elements` (`id`) ON DELETE CASCADE;

--
-- Constraints for table `matrixblocks`
--
ALTER TABLE `matrixblocks`
	ADD CONSTRAINT `matrixblocks_fieldId_fk` FOREIGN KEY (`fieldId`) REFERENCES `fields` (`id`) ON DELETE CASCADE,
	ADD CONSTRAINT `matrixblocks_id_fk` FOREIGN KEY (`id`) REFERENCES `elements` (`id`) ON DELETE CASCADE,
	ADD CONSTRAINT `matrixblocks_ownerId_fk` FOREIGN KEY (`ownerId`) REFERENCES `elements` (`id`) ON DELETE CASCADE,
	ADD CONSTRAINT `matrixblocks_ownerLocale_fk` FOREIGN KEY (`ownerLocale`) REFERENCES `locales` (`locale`) ON DELETE CASCADE ON UPDATE CASCADE,
	ADD CONSTRAINT `matrixblocks_typeId_fk` FOREIGN KEY (`typeId`) REFERENCES `matrixblocktypes` (`id`) ON DELETE CASCADE;

--
-- Constraints for table `matrixblocktypes`
--
ALTER TABLE `matrixblocktypes`
	ADD CONSTRAINT `matrixblocktypes_fieldId_fk` FOREIGN KEY (`fieldId`) REFERENCES `fields` (`id`) ON DELETE CASCADE,
	ADD CONSTRAINT `matrixblocktypes_fieldLayoutId_fk` FOREIGN KEY (`fieldLayoutId`) REFERENCES `fieldlayouts` (`id`) ON DELETE SET NULL;

--
-- Constraints for table `matrixcontent_showmarketing`
--
ALTER TABLE `matrixcontent_showmarketing`
	ADD CONSTRAINT `matrixcontent_showmarketing_elementId_fk` FOREIGN KEY (`elementId`) REFERENCES `elements` (`id`) ON DELETE CASCADE,
	ADD CONSTRAINT `matrixcontent_showmarketing_locale_fk` FOREIGN KEY (`locale`) REFERENCES `locales` (`locale`) ON DELETE CASCADE ON UPDATE CASCADE;

--
-- Constraints for table `matrixcontent_showticketinformation`
--
ALTER TABLE `matrixcontent_showticketinformation`
	ADD CONSTRAINT `matrixcontent_showticketinformation_elementId_fk` FOREIGN KEY (`elementId`) REFERENCES `elements` (`id`) ON DELETE CASCADE,
	ADD CONSTRAINT `matrixcontent_showticketinformation_locale_fk` FOREIGN KEY (`locale`) REFERENCES `locales` (`locale`) ON DELETE CASCADE ON UPDATE CASCADE;

--
-- Constraints for table `migrations`
--
ALTER TABLE `migrations`
	ADD CONSTRAINT `migrations_pluginId_fk` FOREIGN KEY (`pluginId`) REFERENCES `plugins` (`id`) ON DELETE CASCADE;

--
-- Constraints for table `relations`
--
ALTER TABLE `relations`
	ADD CONSTRAINT `relations_fieldId_fk` FOREIGN KEY (`fieldId`) REFERENCES `fields` (`id`) ON DELETE CASCADE,
	ADD CONSTRAINT `relations_sourceId_fk` FOREIGN KEY (`sourceId`) REFERENCES `elements` (`id`) ON DELETE CASCADE,
	ADD CONSTRAINT `relations_sourceLocale_fk` FOREIGN KEY (`sourceLocale`) REFERENCES `locales` (`locale`) ON DELETE CASCADE ON UPDATE CASCADE,
	ADD CONSTRAINT `relations_targetId_fk` FOREIGN KEY (`targetId`) REFERENCES `elements` (`id`) ON DELETE CASCADE;

--
-- Constraints for table `routes`
--
ALTER TABLE `routes`
	ADD CONSTRAINT `routes_locale_fk` FOREIGN KEY (`locale`) REFERENCES `locales` (`locale`) ON DELETE CASCADE ON UPDATE CASCADE;

--
-- Constraints for table `sections`
--
ALTER TABLE `sections`
	ADD CONSTRAINT `sections_structureId_fk` FOREIGN KEY (`structureId`) REFERENCES `structures` (`id`) ON DELETE SET NULL;

--
-- Constraints for table `sections_i18n`
--
ALTER TABLE `sections_i18n`
	ADD CONSTRAINT `sections_i18n_locale_fk` FOREIGN KEY (`locale`) REFERENCES `locales` (`locale`) ON DELETE CASCADE ON UPDATE CASCADE,
	ADD CONSTRAINT `sections_i18n_sectionId_fk` FOREIGN KEY (`sectionId`) REFERENCES `sections` (`id`) ON DELETE CASCADE;

--
-- Constraints for table `sessions`
--
ALTER TABLE `sessions`
	ADD CONSTRAINT `sessions_userId_fk` FOREIGN KEY (`userId`) REFERENCES `users` (`id`) ON DELETE CASCADE;

--
-- Constraints for table `shunnedmessages`
--
ALTER TABLE `shunnedmessages`
	ADD CONSTRAINT `shunnedmessages_userId_fk` FOREIGN KEY (`userId`) REFERENCES `users` (`id`) ON DELETE CASCADE;

--
-- Constraints for table `structureelements`
--
ALTER TABLE `structureelements`
	ADD CONSTRAINT `structureelements_elementId_fk` FOREIGN KEY (`elementId`) REFERENCES `elements` (`id`) ON DELETE CASCADE,
	ADD CONSTRAINT `structureelements_structureId_fk` FOREIGN KEY (`structureId`) REFERENCES `structures` (`id`) ON DELETE CASCADE;

--
-- Constraints for table `taggroups`
--
ALTER TABLE `taggroups`
	ADD CONSTRAINT `taggroups_fieldLayoutId_fk` FOREIGN KEY (`fieldLayoutId`) REFERENCES `fieldlayouts` (`id`) ON DELETE SET NULL;

--
-- Constraints for table `tags`
--
ALTER TABLE `tags`
	ADD CONSTRAINT `tags_groupId_fk` FOREIGN KEY (`groupId`) REFERENCES `taggroups` (`id`) ON DELETE CASCADE,
	ADD CONSTRAINT `tags_id_fk` FOREIGN KEY (`id`) REFERENCES `elements` (`id`) ON DELETE CASCADE;

--
-- Constraints for table `templatecachecriteria`
--
ALTER TABLE `templatecachecriteria`
	ADD CONSTRAINT `templatecachecriteria_cacheId_fk` FOREIGN KEY (`cacheId`) REFERENCES `templatecaches` (`id`) ON DELETE CASCADE;

--
-- Constraints for table `templatecacheelements`
--
ALTER TABLE `templatecacheelements`
	ADD CONSTRAINT `templatecacheelements_cacheId_fk` FOREIGN KEY (`cacheId`) REFERENCES `templatecaches` (`id`) ON DELETE CASCADE,
	ADD CONSTRAINT `templatecacheelements_elementId_fk` FOREIGN KEY (`elementId`) REFERENCES `elements` (`id`) ON DELETE CASCADE;

--
-- Constraints for table `templatecaches`
--
ALTER TABLE `templatecaches`
	ADD CONSTRAINT `templatecaches_locale_fk` FOREIGN KEY (`locale`) REFERENCES `locales` (`locale`) ON DELETE CASCADE ON UPDATE CASCADE;

--
-- Constraints for table `usergroups_users`
--
ALTER TABLE `usergroups_users`
	ADD CONSTRAINT `usergroups_users_groupId_fk` FOREIGN KEY (`groupId`) REFERENCES `usergroups` (`id`) ON DELETE CASCADE,
	ADD CONSTRAINT `usergroups_users_userId_fk` FOREIGN KEY (`userId`) REFERENCES `users` (`id`) ON DELETE CASCADE;

--
-- Constraints for table `userpermissions_usergroups`
--
ALTER TABLE `userpermissions_usergroups`
	ADD CONSTRAINT `userpermissions_usergroups_groupId_fk` FOREIGN KEY (`groupId`) REFERENCES `usergroups` (`id`) ON DELETE CASCADE,
	ADD CONSTRAINT `userpermissions_usergroups_permissionId_fk` FOREIGN KEY (`permissionId`) REFERENCES `userpermissions` (`id`) ON DELETE CASCADE;

--
-- Constraints for table `userpermissions_users`
--
ALTER TABLE `userpermissions_users`
	ADD CONSTRAINT `userpermissions_users_permissionId_fk` FOREIGN KEY (`permissionId`) REFERENCES `userpermissions` (`id`) ON DELETE CASCADE,
	ADD CONSTRAINT `userpermissions_users_userId_fk` FOREIGN KEY (`userId`) REFERENCES `users` (`id`) ON DELETE CASCADE;

--
-- Constraints for table `users`
--
ALTER TABLE `users`
	ADD CONSTRAINT `users_id_fk` FOREIGN KEY (`id`) REFERENCES `elements` (`id`) ON DELETE CASCADE,
	ADD CONSTRAINT `users_preferredLocale_fk` FOREIGN KEY (`preferredLocale`) REFERENCES `locales` (`locale`) ON DELETE SET NULL ON UPDATE CASCADE;

--
-- Constraints for table `widgets`
--
ALTER TABLE `widgets`
	ADD CONSTRAINT `widgets_userId_fk` FOREIGN KEY (`userId`) REFERENCES `users` (`id`) ON DELETE CASCADE;

SET FOREIGN_KEY_CHECKS = 1;
