-- Generated by Craft v2.6.2962 on Feb 23, 2017, 9:36:43 PM.

--
-- Disable foreign key checks and autocommit.
--

SET FOREIGN_KEY_CHECKS = 0;
SET SQL_MODE = "NO_AUTO_VALUE_ON_ZERO";
SET AUTOCOMMIT = 0;
SET NAMES utf8;


DROP TABLE IF EXISTS `assetfiles`;


--
-- Schema for table `assetfiles`
--
CREATE TABLE `assetfiles` (
  `id` int(11) NOT NULL,
  `sourceId` int(11) DEFAULT NULL,
  `folderId` int(11) NOT NULL,
  `filename` varchar(255) COLLATE utf8_unicode_ci NOT NULL,
  `kind` varchar(50) COLLATE utf8_unicode_ci NOT NULL DEFAULT 'unknown',
  `width` int(11) unsigned DEFAULT NULL,
  `height` int(11) unsigned DEFAULT NULL,
  `size` bigint(20) unsigned DEFAULT NULL,
  `dateModified` datetime DEFAULT NULL,
  `dateCreated` datetime NOT NULL,
  `dateUpdated` datetime NOT NULL,
  `uid` char(36) COLLATE utf8_unicode_ci NOT NULL DEFAULT '0',
  PRIMARY KEY (`id`),
  UNIQUE KEY `assetfiles_filename_folderId_unq_idx` (`filename`,`folderId`),
  KEY `assetfiles_sourceId_fk` (`sourceId`),
  KEY `assetfiles_folderId_fk` (`folderId`)
) ENGINE=InnoDB DEFAULT CHARSET=utf8 COLLATE=utf8_unicode_ci;

--
-- Data for table `assetfiles`
--

INSERT INTO `assetfiles` (`id`, `sourceId`, `folderId`, `filename`, `kind`, `width`, `height`, `size`, `dateModified`, `dateCreated`, `dateUpdated`, `uid`) VALUES
 ('30', NULL, '6', '02-1.jpg', 'image', '867', '1300', '185178', '2017-02-06 19:35:17', '2017-02-06 19:35:17', '2017-02-06 19:35:17', '007e910c-5957-4109-8fae-5c2a9fd59446'),
 ('38', NULL, '8', 'eJx9jc0KwjAQhN9lz9uQeqjamxY8KYh4K0ViXJto7JYk_tN3N_QBvHzMwPBNDettVm0W2ZKU5k6zY59p9p50tNwdHhNx6VvAugZ7Uy1FFa6i96wpBPZBOHsUlec-LRr8whtKifAaaci2JkKZy-kM4WlP0aQyz4uhwT-2HQX7oT2vbEzSvJASu7tzeFYu0BjT0dCM-AHy-UCV.jpg', 'image', '1600', '900', '220822', '2017-02-06 20:09:32', '2017-02-06 20:08:11', '2017-02-06 20:08:11', '37023b87-c4ee-4f2d-9fab-5a2186fe0bb0'),
 ('40', '1', '1', 'electricity-featured-01.jpg', 'image', '954', '516', '39571', '2017-02-20 23:11:13', '2017-02-20 23:11:13', '2017-02-22 20:00:20', '972a0ffd-f9cf-4522-b540-65dca8535f4c'),
 ('41', '1', '1', 'electricity-featured-02.jpg', 'image', '954', '506', '39639', '2017-02-20 23:11:17', '2017-02-20 23:11:17', '2017-02-22 20:00:21', '85865cd0-65bc-4edc-b1c6-0a952c1df8d1'),
 ('42', '1', '1', 'electricity-featured-03.jpg', 'image', '954', '506', '17278', '2017-02-20 23:11:18', '2017-02-20 23:11:19', '2017-02-22 20:00:22', '5bab4c0b-69f5-4b3e-a313-19e81a3b43bd'),
 ('43', '1', '1', 'Header.jpg', 'image', '1440', '494', '51696', '2017-02-20 23:11:32', '2017-02-20 23:11:32', '2017-02-22 20:00:18', 'f4168108-2e58-4a47-bb01-e5ff613bc5dd'),
 ('54', '1', '11', 'Header.jpg', 'image', '1440', '494', '51696', '2017-02-20 23:23:51', '2017-02-20 23:23:51', '2017-02-22 20:00:23', 'd8ed74b9-b45c-4e25-b494-cd0f4e6e898a'),
 ('55', '1', '1', 'OZ-Logo.svg', 'image', '90', '70', '8202', '2017-02-22 18:27:12', '2017-02-22 18:27:13', '2017-02-22 20:00:19', 'a0374ae8-0ac8-4b3a-be82-b3f6a44c5664'),
 ('57', '1', '11', 'Electricity-Slide.jpg', 'image', '1440', '794', '42687', '2017-02-22 18:55:55', '2017-02-22 18:55:56', '2017-02-22 21:46:26', 'b900968c-5cec-4274-a948-454efc77ca8b'),
 ('58', '1', '11', 'pixel.png', 'image', '955', '318', '519004', '2017-02-22 19:26:15', '2017-02-22 19:26:15', '2017-02-22 20:00:24', '11ebc267-76b1-4c59-a881-979ae8273625'),
 ('59', '1', '11', 'pixel.jpg', 'image', '955', '318', '41180', '2017-02-22 19:26:26', '2017-02-22 19:26:27', '2017-02-22 21:46:27', '4327b0cd-c7c2-4270-805e-7a191c60e048'),
 ('71', '1', '12', 'cinderella.jpg', 'image', '1440', '799', '55787', '2017-02-22 20:15:49', '2017-02-22 20:15:49', '2017-02-22 20:18:44', '0188c8c8-a461-4846-8bbf-66293a46bbbd'),
 ('72', '1', '12', 'cinderella-thumb.jpg', 'image', '955', '318', '16156', '2017-02-22 20:17:15', '2017-02-22 20:17:15', '2017-02-22 20:18:44', '7177fa5f-8018-4bc6-be10-374f481c5de6'),
 ('74', '1', '16', 'Kafig-thumb-comany.jpg', 'image', '955', '318', '34207', '2017-02-22 20:59:46', '2017-02-22 20:59:47', '2017-02-22 20:59:58', 'a54c0846-9a81-469b-a8e8-63484677e912'),
 ('76', '1', '17', 'Kafig-thumb-comany.jpg', 'image', '955', '318', '34207', '2017-02-22 21:00:33', '2017-02-22 21:00:33', '2017-02-22 21:00:43', 'ec68f180-2544-422b-a50a-475502b17248');



DROP TABLE IF EXISTS `assetfolders`;


--
-- Schema for table `assetfolders`
--
CREATE TABLE `assetfolders` (
  `id` int(11) NOT NULL AUTO_INCREMENT,
  `parentId` int(11) DEFAULT NULL,
  `sourceId` int(11) DEFAULT NULL,
  `name` varchar(255) COLLATE utf8_unicode_ci NOT NULL,
  `path` varchar(255) COLLATE utf8_unicode_ci DEFAULT NULL,
  `dateCreated` datetime NOT NULL,
  `dateUpdated` datetime NOT NULL,
  `uid` char(36) COLLATE utf8_unicode_ci NOT NULL DEFAULT '0',
  PRIMARY KEY (`id`),
  UNIQUE KEY `assetfolders_name_parentId_sourceId_unq_idx` (`name`,`parentId`,`sourceId`),
  KEY `assetfolders_parentId_fk` (`parentId`),
  KEY `assetfolders_sourceId_fk` (`sourceId`)
) ENGINE=InnoDB AUTO_INCREMENT=18 DEFAULT CHARSET=utf8 COLLATE=utf8_unicode_ci;

--
-- Data for table `assetfolders`
--

INSERT INTO `assetfolders` (`id`, `parentId`, `sourceId`, `name`, `path`, `dateCreated`, `dateUpdated`, `uid`) VALUES
 ('1', NULL, '1', 'images', '', '2017-02-01 22:33:32', '2017-02-06 18:49:18', 'cd10f86c-531e-4e51-abba-8d0a76d6dd80'),
 ('2', NULL, NULL, 'Temporary source', NULL, '2017-02-06 18:27:00', '2017-02-06 18:27:00', '0d978ae0-8e75-41a4-a9e4-106170b54296'),
 ('3', '2', NULL, 'user_1', NULL, '2017-02-06 18:27:00', '2017-02-06 18:27:00', '0b72437d-b704-4a22-895d-2a66ee3cce12'),
 ('4', '3', NULL, 'field_27', 'field_27/', '2017-02-06 18:27:00', '2017-02-06 18:27:00', '1fb30e43-09cf-4290-8a28-a0f605464a15'),
 ('6', '3', NULL, 'field_30', 'field_30/', '2017-02-06 19:34:49', '2017-02-06 19:34:49', '30f186a8-63c6-4b0b-a01f-f8cd6464fe4b'),
 ('8', '3', NULL, 'field_19', 'field_19/', '2017-02-06 20:07:45', '2017-02-06 20:07:45', 'f1dfc902-3111-4800-9130-9fb427606b0d'),
 ('9', '3', NULL, 'field_46', 'field_46/', '2017-02-20 21:26:27', '2017-02-20 21:26:27', '18f56780-e9f8-4464-bbab-0a91635a7c9c'),
 ('10', '3', NULL, 'field_41', 'field_41/', '2017-02-20 21:26:28', '2017-02-20 21:26:28', '2b92e065-071e-4bd6-83a4-56aff1ff5fa3'),
 ('11', '1', '1', 'pixel', 'pixel/', '2017-02-20 23:23:59', '2017-02-20 23:23:59', '7981d53f-ece4-4a30-a22b-7da5c61d3dc2'),
 ('12', '1', '1', 'pixel-1', 'pixel-1/', '2017-02-22 20:14:44', '2017-02-22 20:14:44', '0fafaedf-a976-4d10-bafe-71e611477f72'),
 ('13', '1', '1', 'cinderella', 'cinderella/', '2017-02-22 20:16:09', '2017-02-22 20:16:09', '19de897d-48b4-4c6c-a1ef-a67a8879e4c6'),
 ('14', '3', NULL, 'field_36', 'field_36/', '2017-02-22 20:58:01', '2017-02-22 20:58:01', '4d1e424b-8e12-4949-b2e7-8939afe07fa7'),
 ('15', '1', '1', 'Representation', 'Representation/', '2017-02-22 20:59:58', '2017-02-22 20:59:58', '931743f0-f3be-431c-80dc-6d58235b56b4'),
 ('16', '15', '1', 'kafig', 'Representation/kafig/', '2017-02-22 20:59:58', '2017-02-22 20:59:58', 'd1ae8b3f-7f89-45a3-8e95-8625d1fb0b1d'),
 ('17', '15', '1', 'kafig-1', 'Representation/kafig-1/', '2017-02-22 21:00:42', '2017-02-22 21:00:42', 'e8a1410a-b2a5-4d4a-ad5d-9157e023f471');



DROP TABLE IF EXISTS `assetindexdata`;


--
-- Schema for table `assetindexdata`
--
CREATE TABLE `assetindexdata` (
  `id` int(11) NOT NULL AUTO_INCREMENT,
  `sessionId` varchar(36) COLLATE utf8_unicode_ci NOT NULL DEFAULT '',
  `sourceId` int(11) NOT NULL,
  `offset` int(11) NOT NULL,
  `uri` varchar(255) COLLATE utf8_unicode_ci DEFAULT NULL,
  `size` varchar(255) COLLATE utf8_unicode_ci DEFAULT NULL,
  `recordId` int(11) DEFAULT NULL,
  `dateCreated` datetime NOT NULL,
  `dateUpdated` datetime NOT NULL,
  `uid` char(36) COLLATE utf8_unicode_ci NOT NULL DEFAULT '0',
  PRIMARY KEY (`id`),
  UNIQUE KEY `assetindexdata_sessionId_sourceId_offset_unq_idx` (`sessionId`,`sourceId`,`offset`),
  KEY `assetindexdata_sourceId_fk` (`sourceId`)
) ENGINE=InnoDB DEFAULT CHARSET=utf8 COLLATE=utf8_unicode_ci;

DROP TABLE IF EXISTS `assetsources`;


--
-- Schema for table `assetsources`
--
CREATE TABLE `assetsources` (
  `id` int(11) NOT NULL AUTO_INCREMENT,
  `name` varchar(255) COLLATE utf8_unicode_ci NOT NULL,
  `handle` varchar(255) COLLATE utf8_unicode_ci NOT NULL,
  `type` varchar(150) COLLATE utf8_unicode_ci NOT NULL,
  `settings` text COLLATE utf8_unicode_ci,
  `sortOrder` smallint(6) unsigned DEFAULT NULL,
  `fieldLayoutId` int(11) DEFAULT NULL,
  `dateCreated` datetime NOT NULL,
  `dateUpdated` datetime NOT NULL,
  `uid` char(36) COLLATE utf8_unicode_ci NOT NULL DEFAULT '0',
  PRIMARY KEY (`id`),
  UNIQUE KEY `assetsources_name_unq_idx` (`name`),
  UNIQUE KEY `assetsources_handle_unq_idx` (`handle`),
  KEY `assetsources_fieldLayoutId_fk` (`fieldLayoutId`)
) ENGINE=InnoDB AUTO_INCREMENT=2 DEFAULT CHARSET=utf8 COLLATE=utf8_unicode_ci;

--
-- Data for table `assetsources`
--

INSERT INTO `assetsources` (`id`, `name`, `handle`, `type`, `settings`, `sortOrder`, `fieldLayoutId`, `dateCreated`, `dateUpdated`, `uid`) VALUES
 ('1', 'images', 'images', 'Local', '{\"path\":\"images\\/\",\"publicURLs\":\"1\",\"url\":\"images\\/\"}', '1', '58', '2017-02-01 22:33:32', '2017-02-20 22:17:15', '70403c67-54b3-482d-ad5e-a736a74fed83');



DROP TABLE IF EXISTS `assettransformindex`;


--
-- Schema for table `assettransformindex`
--
CREATE TABLE `assettransformindex` (
  `id` int(11) NOT NULL AUTO_INCREMENT,
  `fileId` int(11) NOT NULL,
  `filename` varchar(255) COLLATE utf8_unicode_ci DEFAULT NULL,
  `format` varchar(255) COLLATE utf8_unicode_ci DEFAULT NULL,
  `location` varchar(255) COLLATE utf8_unicode_ci NOT NULL,
  `sourceId` int(11) DEFAULT NULL,
  `fileExists` tinyint(1) DEFAULT NULL,
  `inProgress` tinyint(1) DEFAULT NULL,
  `dateIndexed` datetime DEFAULT NULL,
  `dateCreated` datetime NOT NULL,
  `dateUpdated` datetime NOT NULL,
  `uid` char(36) COLLATE utf8_unicode_ci NOT NULL DEFAULT '0',
  PRIMARY KEY (`id`),
  KEY `assettransformindex_sourceId_fileId_location_idx` (`sourceId`,`fileId`,`location`)
) ENGINE=InnoDB DEFAULT CHARSET=utf8 COLLATE=utf8_unicode_ci;

DROP TABLE IF EXISTS `assettransforms`;


--
-- Schema for table `assettransforms`
--
CREATE TABLE `assettransforms` (
  `id` int(11) NOT NULL AUTO_INCREMENT,
  `name` varchar(255) COLLATE utf8_unicode_ci NOT NULL,
  `handle` varchar(255) COLLATE utf8_unicode_ci NOT NULL,
  `mode` enum('stretch','fit','crop') COLLATE utf8_unicode_ci NOT NULL DEFAULT 'crop',
  `position` enum('top-left','top-center','top-right','center-left','center-center','center-right','bottom-left','bottom-center','bottom-right') COLLATE utf8_unicode_ci NOT NULL DEFAULT 'center-center',
  `height` int(11) DEFAULT NULL,
  `width` int(11) DEFAULT NULL,
  `format` varchar(255) COLLATE utf8_unicode_ci DEFAULT NULL,
  `quality` int(11) DEFAULT NULL,
  `dimensionChangeTime` datetime DEFAULT NULL,
  `dateCreated` datetime NOT NULL,
  `dateUpdated` datetime NOT NULL,
  `uid` char(36) COLLATE utf8_unicode_ci NOT NULL DEFAULT '0',
  PRIMARY KEY (`id`),
  UNIQUE KEY `assettransforms_name_unq_idx` (`name`),
  UNIQUE KEY `assettransforms_handle_unq_idx` (`handle`)
) ENGINE=InnoDB AUTO_INCREMENT=3 DEFAULT CHARSET=utf8 COLLATE=utf8_unicode_ci;

--
-- Data for table `assettransforms`
--

INSERT INTO `assettransforms` (`id`, `name`, `handle`, `mode`, `position`, `height`, `width`, `format`, `quality`, `dimensionChangeTime`, `dateCreated`, `dateUpdated`, `uid`) VALUES
 ('1', 'Featured Image', 'featuredImage', 'crop', 'center-center', '740', '1280', 'jpg', '82', '2017-02-01 22:34:14', '2017-02-01 22:34:14', '2017-02-01 22:34:14', '21db5cea-feec-4570-a309-98faf3daed76'),
 ('2', 'standard thumbnail', 'standardThumbnail', 'crop', 'center-center', '300', '1024', 'jpg', '82', '2017-02-01 22:34:59', '2017-02-01 22:34:59', '2017-02-01 22:34:59', '31d6e6fd-cc47-45b1-a468-59608046a358');



DROP TABLE IF EXISTS `categories`;


--
-- Schema for table `categories`
--
CREATE TABLE `categories` (
  `id` int(11) NOT NULL,
  `groupId` int(11) NOT NULL,
  `dateCreated` datetime NOT NULL,
  `dateUpdated` datetime NOT NULL,
  `uid` char(36) COLLATE utf8_unicode_ci NOT NULL DEFAULT '0',
  PRIMARY KEY (`id`),
  KEY `categories_groupId_fk` (`groupId`)
) ENGINE=InnoDB DEFAULT CHARSET=utf8 COLLATE=utf8_unicode_ci;

DROP TABLE IF EXISTS `categorygroups`;


--
-- Schema for table `categorygroups`
--
CREATE TABLE `categorygroups` (
  `id` int(11) NOT NULL AUTO_INCREMENT,
  `structureId` int(11) NOT NULL,
  `fieldLayoutId` int(11) DEFAULT NULL,
  `name` varchar(255) COLLATE utf8_unicode_ci NOT NULL,
  `handle` varchar(255) COLLATE utf8_unicode_ci NOT NULL,
  `hasUrls` tinyint(1) unsigned NOT NULL DEFAULT '1',
  `template` varchar(500) COLLATE utf8_unicode_ci DEFAULT NULL,
  `dateCreated` datetime NOT NULL,
  `dateUpdated` datetime NOT NULL,
  `uid` char(36) COLLATE utf8_unicode_ci NOT NULL DEFAULT '0',
  PRIMARY KEY (`id`),
  UNIQUE KEY `categorygroups_name_unq_idx` (`name`),
  UNIQUE KEY `categorygroups_handle_unq_idx` (`handle`),
  KEY `categorygroups_structureId_fk` (`structureId`),
  KEY `categorygroups_fieldLayoutId_fk` (`fieldLayoutId`)
) ENGINE=InnoDB DEFAULT CHARSET=utf8 COLLATE=utf8_unicode_ci;

DROP TABLE IF EXISTS `categorygroups_i18n`;


--
-- Schema for table `categorygroups_i18n`
--
CREATE TABLE `categorygroups_i18n` (
  `id` int(11) NOT NULL AUTO_INCREMENT,
  `groupId` int(11) NOT NULL,
  `locale` char(12) COLLATE utf8_unicode_ci NOT NULL,
  `urlFormat` text COLLATE utf8_unicode_ci,
  `nestedUrlFormat` text COLLATE utf8_unicode_ci,
  `dateCreated` datetime NOT NULL,
  `dateUpdated` datetime NOT NULL,
  `uid` char(36) COLLATE utf8_unicode_ci NOT NULL DEFAULT '0',
  PRIMARY KEY (`id`),
  UNIQUE KEY `categorygroups_i18n_groupId_locale_unq_idx` (`groupId`,`locale`),
  KEY `categorygroups_i18n_locale_fk` (`locale`)
) ENGINE=InnoDB DEFAULT CHARSET=utf8 COLLATE=utf8_unicode_ci;

DROP TABLE IF EXISTS `content`;


--
-- Schema for table `content`
--
CREATE TABLE `content` (
  `id` int(11) NOT NULL AUTO_INCREMENT,
  `elementId` int(11) NOT NULL,
  `locale` char(12) COLLATE utf8_unicode_ci NOT NULL,
  `title` varchar(255) COLLATE utf8_unicode_ci DEFAULT NULL,
  `field_imageDescription` text COLLATE utf8_unicode_ci,
  `field_representationCompanyLink` text COLLATE utf8_unicode_ci,
  `field_representationCompanyLocation` text COLLATE utf8_unicode_ci,
  `field_representationCompanyText` text COLLATE utf8_unicode_ci,
  `field_showCompanyName` text COLLATE utf8_unicode_ci,
  `field_showDateEnd` datetime DEFAULT NULL,
  `field_showDateStart` datetime DEFAULT NULL,
  `field_showFeaturedOnHomepage` tinyint(1) unsigned NOT NULL DEFAULT '0',
  `field_showSummary` text COLLATE utf8_unicode_ci,
  `dateCreated` datetime NOT NULL,
  `dateUpdated` datetime NOT NULL,
  `uid` char(36) COLLATE utf8_unicode_ci NOT NULL DEFAULT '0',
  PRIMARY KEY (`id`),
  UNIQUE KEY `content_elementId_locale_unq_idx` (`elementId`,`locale`),
  KEY `content_title_idx` (`title`),
  KEY `content_locale_fk` (`locale`)
) ENGINE=InnoDB AUTO_INCREMENT=76 DEFAULT CHARSET=utf8 COLLATE=utf8_unicode_ci;

--
-- Data for table `content`
--

INSERT INTO `content` (`id`, `elementId`, `locale`, `title`, `field_imageDescription`, `field_representationCompanyLink`, `field_representationCompanyLocation`, `field_representationCompanyText`, `field_showCompanyName`, `field_showDateEnd`, `field_showDateStart`, `field_showFeaturedOnHomepage`, `field_showSummary`, `dateCreated`, `dateUpdated`, `uid`) VALUES
 ('1', '1', 'en_us', NULL, NULL, NULL, NULL, NULL, NULL, NULL, NULL, '0', NULL, '2017-01-26 23:53:36', '2017-01-26 23:53:36', 'bb57f5ea-6ea5-448a-8706-5f489bd3bcf1'),
 ('2', '2', 'en_us', 'OZ Productions', NULL, NULL, NULL, NULL, NULL, NULL, NULL, '0', NULL, '2017-01-26 23:53:37', '2017-02-23 20:18:08', 'd9f0d20c-a103-4884-94a0-278bb7a648d8'),
 ('23', '30', 'en_us', '02 1', NULL, NULL, NULL, NULL, NULL, NULL, NULL, '0', NULL, '2017-02-06 19:35:17', '2017-02-06 19:35:17', 'a19e5b54-f687-4c22-a23a-471d0cdeeb74'),
 ('27', '38', 'en_us', 'E Jx9Jc0 Kwj Aqh N9Lz9U Qeqjamx Y8 Kyh4 K0 Vi Xjto7 Jyk T N3 N Qbv Hz Mw Pbndett Vm0 W2 Zku5K6Z Y59P9P50T Nwd Hh Nx6 Vv Aug Z7 Uy1 Ffa6I96Wp Bpzbohs Ulec Lrr8Wht Kif Aaaci2 Jk Kzy K M4 Wl P0A Qyz4Uhw T 2 Hqx7O T2Vb Ez Sv Jasu7Tze Fyu0 Bj T0D Cm Ahy Ucv', NULL, NULL, NULL, NULL, NULL, NULL, NULL, '0', NULL, '2017-02-06 20:08:11', '2017-02-06 20:08:11', '4b005658-b45b-40fd-b9d4-235d0888990d'),
 ('28', '39', 'en_us', 'Pixel', NULL, NULL, NULL, NULL, 'Kafig, Paris, France', '2017-02-28 00:00:00', '2017-02-26 00:00:00', '1', 'eVolution Dance Theater from Italy comes to Israel with it’s Creativity-in-Motion spectacular show “electriCity”: an exciting fusion of Dance, Art, Acrobatics, Magic and illusion, using an exciting mix  of science and art to create a truly unique experience, combining black...', '2017-02-20 22:50:22', '2017-02-22 21:47:42', '3716d2cf-ec1c-40b1-adfd-f89d100d92bd'),
 ('29', '39', 'he', 'פיקסל', NULL, NULL, NULL, NULL, 'קאפיג, פּריס, צורפאת', '2017-02-28 00:00:00', '2017-02-26 00:00:00', '1', 'תיאטרון אבולוצית ריקוד מאיטליה מגיע לישראל עם זה יצירתיות-in-Motion מופע מרהיב \"חשמל\": היתוך מרגש של ריקוד, אמנות, אקרובטיקה, קסם ואשליה, באמצעות שילוב מרגש של מדע ואמנות כדי ליצור חוויה ייחודית באמת, שילוב שחור ...', '2017-02-20 22:50:23', '2017-02-22 21:47:42', '4aecb847-3361-4629-b1bc-341b05647974'),
 ('30', '40', 'en_us', 'Electricity Featured 01', NULL, NULL, NULL, NULL, NULL, NULL, NULL, '0', NULL, '2017-02-20 23:11:13', '2017-02-22 20:00:20', '1518f3b3-8a10-4f1b-be22-820560d79561'),
 ('31', '40', 'he', 'Electricity Featured 01', NULL, NULL, NULL, NULL, NULL, NULL, NULL, '0', NULL, '2017-02-20 23:11:13', '2017-02-20 23:11:13', '5a002065-e375-40b9-89e0-3a7318b04432'),
 ('32', '41', 'en_us', 'Electricity Featured 02', NULL, NULL, NULL, NULL, NULL, NULL, NULL, '0', NULL, '2017-02-20 23:11:17', '2017-02-22 20:00:21', '1ef2e966-cb11-4857-9515-082b49d74916'),
 ('33', '41', 'he', 'Electricity Featured 02', NULL, NULL, NULL, NULL, NULL, NULL, NULL, '0', NULL, '2017-02-20 23:11:17', '2017-02-20 23:11:17', '333f22e3-985d-42ed-abcb-41647d3c7748'),
 ('34', '42', 'en_us', 'Electricity Featured 03', NULL, NULL, NULL, NULL, NULL, NULL, NULL, '0', NULL, '2017-02-20 23:11:19', '2017-02-22 20:00:22', '1849bafa-d5b7-4324-b58b-9c01e3ed61bc'),
 ('35', '42', 'he', 'Electricity Featured 03', NULL, NULL, NULL, NULL, NULL, NULL, NULL, '0', NULL, '2017-02-20 23:11:19', '2017-02-20 23:11:19', 'fbd056cd-9431-4ae7-914f-296259e8c5f1'),
 ('36', '43', 'en_us', 'Header', NULL, NULL, NULL, NULL, NULL, NULL, NULL, '0', NULL, '2017-02-20 23:11:32', '2017-02-22 20:00:18', 'a6e89b33-57c0-4c38-acb5-2e2830009567'),
 ('37', '43', 'he', 'Header', NULL, NULL, NULL, NULL, NULL, NULL, NULL, '0', NULL, '2017-02-20 23:11:32', '2017-02-20 23:11:32', '7414c051-d5a4-4c92-90d5-236ea3e97185'),
 ('38', '54', 'en_us', 'Header', NULL, NULL, NULL, NULL, NULL, NULL, NULL, '0', NULL, '2017-02-20 23:23:51', '2017-02-22 20:00:23', '690159be-b259-4b79-8e8a-0934d01ec6f7'),
 ('39', '54', 'he', 'Header', NULL, NULL, NULL, NULL, NULL, NULL, NULL, '0', NULL, '2017-02-20 23:23:51', '2017-02-20 23:23:51', '1053f032-c092-463e-ad3e-b91cbd5e7874'),
 ('40', '55', 'en_us', 'Oz Logo', NULL, NULL, NULL, NULL, NULL, NULL, NULL, '0', NULL, '2017-02-22 18:27:13', '2017-02-22 20:00:19', 'db292906-9e1a-42c6-b6e3-c7885dc5c3a2'),
 ('41', '55', 'he', 'Oz Logo', NULL, NULL, NULL, NULL, NULL, NULL, NULL, '0', NULL, '2017-02-22 18:27:13', '2017-02-22 18:27:13', '4164493b-a842-44c7-8e8f-097d6e4c70b2'),
 ('42', '56', 'en_us', 'About & Contact', NULL, NULL, NULL, NULL, NULL, NULL, NULL, '0', NULL, '2017-02-22 18:49:44', '2017-02-23 19:13:18', '1e08e9ba-f99e-46eb-8644-6136e38793b1'),
 ('43', '56', 'he', 'About & Contact', NULL, NULL, NULL, NULL, NULL, NULL, NULL, '0', NULL, '2017-02-22 18:49:44', '2017-02-22 18:49:44', '6fc019e2-e116-45f4-b7e8-381411fe75f0'),
 ('44', '57', 'en_us', 'Electricity Slide', NULL, NULL, NULL, NULL, NULL, NULL, NULL, '0', NULL, '2017-02-22 18:55:55', '2017-02-22 21:46:26', 'b3b6fa6f-08d1-4697-a6c8-08403e652155'),
 ('45', '57', 'he', 'Electricity Slide', NULL, NULL, NULL, NULL, NULL, NULL, NULL, '0', NULL, '2017-02-22 18:55:56', '2017-02-22 18:55:56', '8c85dd38-83f7-42c2-9e4b-e5dd97afc701'),
 ('46', '58', 'en_us', 'Pixel', NULL, NULL, NULL, NULL, NULL, NULL, NULL, '0', NULL, '2017-02-22 19:26:15', '2017-02-22 20:00:24', '35fb946b-04c5-4d88-b8e4-5a9af12858d0'),
 ('47', '58', 'he', 'Pixel', NULL, NULL, NULL, NULL, NULL, NULL, NULL, '0', NULL, '2017-02-22 19:26:15', '2017-02-22 19:26:15', '6dcce421-6519-4647-bad4-a979b49c25b4'),
 ('48', '59', 'en_us', 'Pixel', NULL, NULL, NULL, NULL, NULL, NULL, NULL, '0', NULL, '2017-02-22 19:26:27', '2017-02-22 21:46:26', '849cfa4d-3645-4bde-8759-b337f0dd3e90'),
 ('49', '59', 'he', 'Pixel', NULL, NULL, NULL, NULL, NULL, NULL, NULL, '0', NULL, '2017-02-22 19:26:27', '2017-02-22 19:26:27', 'dc41d29f-aa7a-4a31-b40a-de5dc2735c8e'),
 ('50', '60', 'en_us', 'Cinderella', NULL, NULL, NULL, NULL, 'Ballet Sao Paulo, Brazil', '2017-03-30 00:00:00', '2017-03-15 00:00:00', '0', NULL, '2017-02-22 20:14:43', '2017-02-22 20:18:43', '85fcf6ff-fd44-4ba3-8ed0-24b0669060e1'),
 ('51', '60', 'he', 'לִכלוּכִית', NULL, NULL, NULL, NULL, 'בלט סאו פאולו, ברזיל', '2017-03-30 00:00:00', '2017-03-15 00:00:00', '0', NULL, '2017-02-22 20:14:43', '2017-02-22 20:18:43', 'bba8e365-0287-41e2-abb7-66026811724a'),
 ('52', '71', 'en_us', 'Cinderella', NULL, NULL, NULL, NULL, NULL, NULL, NULL, '0', NULL, '2017-02-22 20:15:49', '2017-02-22 20:18:44', 'b97e4e22-e5a2-4a4d-9a23-a5fbffe05170'),
 ('53', '71', 'he', 'Cinderella', NULL, NULL, NULL, NULL, NULL, NULL, NULL, '0', NULL, '2017-02-22 20:15:49', '2017-02-22 20:15:49', 'bb47dc5b-965b-43d0-bb34-409f9795fa0d'),
 ('54', '72', 'en_us', 'Cinderella Thumb', NULL, NULL, NULL, NULL, NULL, NULL, NULL, '0', NULL, '2017-02-22 20:17:15', '2017-02-22 20:18:44', '72d625dd-2e3e-4cf9-b406-3dfca54b7457'),
 ('55', '72', 'he', 'Cinderella Thumb', NULL, NULL, NULL, NULL, NULL, NULL, NULL, '0', NULL, '2017-02-22 20:17:15', '2017-02-22 20:17:15', 'c3b4f758-f821-4484-85f2-7ca80aa30ab3'),
 ('56', '73', 'en_us', 'Past Shows', NULL, NULL, NULL, NULL, NULL, NULL, NULL, '0', NULL, '2017-02-22 20:45:21', '2017-02-22 20:45:21', '27ee7da3-fb36-4f7e-98d3-c422461863b3'),
 ('57', '73', 'he', 'Past Shows', NULL, NULL, NULL, NULL, NULL, NULL, NULL, '0', NULL, '2017-02-22 20:45:21', '2017-02-22 20:45:21', '21a9a040-6a91-496f-a88a-78ae5c16d929'),
 ('58', '74', 'en_us', 'Kafig Thumb Comany', NULL, NULL, NULL, NULL, NULL, NULL, NULL, '0', NULL, '2017-02-22 20:59:46', '2017-02-22 20:59:58', '40787e75-0631-45e4-b40f-a8c5ddc08e03'),
 ('59', '74', 'he', 'Kafig Thumb Comany', NULL, NULL, NULL, NULL, NULL, NULL, NULL, '0', NULL, '2017-02-22 20:59:47', '2017-02-22 20:59:47', 'dbaefec2-a1a1-4df6-b5bc-bfc2b79c4285'),
 ('62', '76', 'en_us', 'Kafig Thumb Comany', NULL, NULL, NULL, NULL, NULL, NULL, NULL, '0', NULL, '2017-02-22 21:00:33', '2017-02-22 21:00:43', '9f029853-8f7f-44f9-9f67-dc79dad70be0'),
 ('63', '76', 'he', 'Kafig Thumb Comany', NULL, NULL, NULL, NULL, NULL, NULL, NULL, '0', NULL, '2017-02-22 21:00:33', '2017-02-22 21:00:33', '50778a3f-ce6d-44b8-809b-9b426930b3e5'),
 ('64', '77', 'en_us', 'Kafig', NULL, 'http://google.com', 'France', 'The word kafig, choreographer Mourad Merzouki explains, carries almost the same meaning in Arabic and German: it refers to a cage. Merzouki used the word as the title of the first piece he made in 1996, for six dancers. He also took it as the name of his company, a group of contemporary hip hop- based dancers whose animal energy, street-savvy instincts and theatrical intelligence flatten any barriers between spectator and performer. In Merzouki’s case,‘kafig’ equals liberation.', NULL, NULL, NULL, '0', NULL, '2017-02-22 21:00:42', '2017-02-22 21:01:33', '7f429c04-a46f-43c9-a7b1-aba2c7addd36'),
 ('65', '77', 'he', 'Kafig Hebrew', NULL, 'http://google.com', 'France', 'The word kafig, choreographer Mourad Merzouki explains, carries almost the same meaning in Arabic and German: it refers to a cage. Merzouki used the word as the title of the first piece he made in 1996, for six dancers. He also took it as the name of his company, a group of contemporary hip hop- based dancers whose animal energy, street-savvy instincts and theatrical intelligence flatten any barriers between spectator and performer. In Merzouki’s case,‘kafig’ equals liberation.', NULL, NULL, NULL, '0', NULL, '2017-02-22 21:00:42', '2017-02-22 21:01:33', '20bda092-069d-4880-bfdd-444dbdae1172'),
 ('74', '82', 'en_us', 'Header Navigation', NULL, NULL, NULL, NULL, NULL, NULL, NULL, '0', NULL, '2017-02-23 18:03:34', '2017-02-23 19:38:17', 'f5918e99-0ce7-4620-8268-7c86cbe6edce'),
 ('75', '82', 'he', 'Header Navigation', NULL, NULL, NULL, NULL, NULL, NULL, NULL, '0', NULL, '2017-02-23 18:03:34', '2017-02-23 18:03:34', '94125f4f-cf57-48fb-a753-9c38604a1f56');



DROP TABLE IF EXISTS `deprecationerrors`;


--
-- Schema for table `deprecationerrors`
--
CREATE TABLE `deprecationerrors` (
  `id` int(11) NOT NULL AUTO_INCREMENT,
  `key` varchar(255) COLLATE utf8_unicode_ci NOT NULL,
  `fingerprint` varchar(255) COLLATE utf8_unicode_ci NOT NULL,
  `lastOccurrence` datetime NOT NULL,
  `file` varchar(255) COLLATE utf8_unicode_ci NOT NULL,
  `line` smallint(6) unsigned NOT NULL,
  `class` varchar(255) COLLATE utf8_unicode_ci DEFAULT NULL,
  `method` varchar(255) COLLATE utf8_unicode_ci DEFAULT NULL,
  `template` varchar(255) COLLATE utf8_unicode_ci DEFAULT NULL,
  `templateLine` smallint(6) unsigned DEFAULT NULL,
  `message` varchar(255) COLLATE utf8_unicode_ci DEFAULT NULL,
  `traces` text COLLATE utf8_unicode_ci,
  `dateCreated` datetime NOT NULL,
  `dateUpdated` datetime NOT NULL,
  `uid` char(36) COLLATE utf8_unicode_ci NOT NULL DEFAULT '0',
  PRIMARY KEY (`id`),
  UNIQUE KEY `deprecationerrors_key_fingerprint_unq_idx` (`key`,`fingerprint`)
) ENGINE=InnoDB DEFAULT CHARSET=utf8 COLLATE=utf8_unicode_ci;

DROP TABLE IF EXISTS `elementindexsettings`;


--
-- Schema for table `elementindexsettings`
--
CREATE TABLE `elementindexsettings` (
  `id` int(11) NOT NULL AUTO_INCREMENT,
  `type` varchar(150) COLLATE utf8_unicode_ci NOT NULL,
  `settings` text COLLATE utf8_unicode_ci,
  `dateCreated` datetime NOT NULL,
  `dateUpdated` datetime NOT NULL,
  `uid` char(36) COLLATE utf8_unicode_ci NOT NULL DEFAULT '0',
  PRIMARY KEY (`id`),
  UNIQUE KEY `elementindexsettings_type_unq_idx` (`type`)
) ENGINE=InnoDB DEFAULT CHARSET=utf8 COLLATE=utf8_unicode_ci;

DROP TABLE IF EXISTS `elements`;


--
-- Schema for table `elements`
--
CREATE TABLE `elements` (
  `id` int(11) NOT NULL AUTO_INCREMENT,
  `type` varchar(150) COLLATE utf8_unicode_ci NOT NULL,
  `enabled` tinyint(1) unsigned NOT NULL DEFAULT '1',
  `archived` tinyint(1) unsigned NOT NULL DEFAULT '0',
  `dateCreated` datetime NOT NULL,
  `dateUpdated` datetime NOT NULL,
  `uid` char(36) COLLATE utf8_unicode_ci NOT NULL DEFAULT '0',
  PRIMARY KEY (`id`),
  KEY `elements_type_idx` (`type`),
  KEY `elements_enabled_idx` (`enabled`),
  KEY `elements_archived_dateCreated_idx` (`archived`,`dateCreated`)
) ENGINE=InnoDB AUTO_INCREMENT=92 DEFAULT CHARSET=utf8 COLLATE=utf8_unicode_ci;

--
-- Data for table `elements`
--

INSERT INTO `elements` (`id`, `type`, `enabled`, `archived`, `dateCreated`, `dateUpdated`, `uid`) VALUES
 ('1', 'User', '1', '0', '2017-01-26 23:53:36', '2017-01-26 23:53:36', '0b1810bd-fbe9-4978-bac7-877e166dc6a9'),
 ('2', 'Entry', '1', '0', '2017-01-26 23:53:37', '2017-02-23 20:18:08', '726db238-5bac-42d9-9010-10bc07923d7e'),
 ('30', 'Asset', '1', '0', '2017-02-06 19:35:17', '2017-02-06 19:35:17', '17b2cb7f-fe58-468d-b4c0-8259f1ce5050'),
 ('38', 'Asset', '1', '0', '2017-02-06 20:08:11', '2017-02-06 20:08:11', '9f96a3c8-e280-450f-9b33-f5b726b642d6'),
 ('39', 'Entry', '1', '0', '2017-02-20 22:50:22', '2017-02-22 21:47:42', '2fe0857a-71b1-4895-ad72-48090d121867'),
 ('40', 'Asset', '1', '0', '2017-02-20 23:11:13', '2017-02-22 20:00:20', '51c3f429-c3b4-4da7-a50e-61293866a427'),
 ('41', 'Asset', '1', '0', '2017-02-20 23:11:17', '2017-02-22 20:00:21', '4a146417-88cf-4967-8a3d-fa60d9b80772'),
 ('42', 'Asset', '1', '0', '2017-02-20 23:11:19', '2017-02-22 20:00:22', 'df1886bb-3a03-48e5-a068-88fb169926e4'),
 ('43', 'Asset', '1', '0', '2017-02-20 23:11:32', '2017-02-22 20:00:18', '6883d067-30fb-477a-a8ad-ca1504b45d08'),
 ('44', 'MatrixBlock', '1', '0', '2017-02-20 23:14:09', '2017-02-22 21:47:43', '4ff24533-b684-48c2-a43a-2d108140b020'),
 ('45', 'MatrixBlock', '1', '0', '2017-02-20 23:14:09', '2017-02-22 21:47:43', '7e14b12a-53b0-47d7-a3ea-32658100be42'),
 ('46', 'MatrixBlock', '1', '0', '2017-02-20 23:14:09', '2017-02-22 21:47:43', '9c3aa1ab-6190-4c0c-a268-b8f655e135fd'),
 ('47', 'MatrixBlock', '1', '0', '2017-02-20 23:14:09', '2017-02-22 21:47:43', '7fc56d16-18f0-4c7c-8599-c06298a2bae2'),
 ('48', 'MatrixBlock', '1', '0', '2017-02-20 23:14:09', '2017-02-22 21:47:43', '184e152e-b563-4fbc-8885-9b5e9e98668f'),
 ('49', 'MatrixBlock', '1', '0', '2017-02-20 23:14:09', '2017-02-22 21:47:43', 'd2138d26-7aa4-4e5f-a4ec-ad256fa054b1'),
 ('50', 'MatrixBlock', '1', '0', '2017-02-20 23:14:09', '2017-02-22 21:47:43', '2f3974be-6b6c-4098-a5d8-053553629769'),
 ('51', 'MatrixBlock', '1', '0', '2017-02-20 23:14:09', '2017-02-22 21:47:43', '7763b70a-14b6-46e8-97cc-2c9a06434526'),
 ('52', 'MatrixBlock', '1', '0', '2017-02-20 23:14:09', '2017-02-22 21:47:43', '96609ca7-64f3-4c5c-95b8-7cd343a33301'),
 ('53', 'MatrixBlock', '1', '0', '2017-02-20 23:14:09', '2017-02-22 21:47:43', '36f7d5c5-1468-42bc-8778-3e388ef6efd0'),
 ('54', 'Asset', '1', '0', '2017-02-20 23:23:51', '2017-02-22 20:00:23', '31f966c7-9108-43dc-b2eb-762bbaf49182'),
 ('55', 'Asset', '1', '0', '2017-02-22 18:27:13', '2017-02-22 20:00:19', '33b3649a-0c17-4c77-b21a-9f7da0ae0a6f'),
 ('56', 'Entry', '1', '0', '2017-02-22 18:49:44', '2017-02-23 19:13:18', '6799d6b1-4283-4ee2-a7e2-42f05ac9660f'),
 ('57', 'Asset', '1', '0', '2017-02-22 18:55:55', '2017-02-22 21:46:26', '064cc9eb-123a-40a4-8812-08a59b477e06'),
 ('58', 'Asset', '1', '0', '2017-02-22 19:26:15', '2017-02-22 20:00:24', '9cf4c95e-23af-4921-b99f-7d6b729dd5ef'),
 ('59', 'Asset', '1', '0', '2017-02-22 19:26:27', '2017-02-22 21:46:26', '05824cf1-fd18-4932-b2fe-23ffed14373f'),
 ('60', 'Entry', '1', '0', '2017-02-22 20:14:43', '2017-02-22 20:18:43', '6ac54b84-5f20-4ea6-bbdc-69e019403404'),
 ('61', 'MatrixBlock', '1', '0', '2017-02-22 20:14:43', '2017-02-22 20:18:44', 'faa7cc86-57fe-4c46-851e-b8fc8e48549e'),
 ('62', 'MatrixBlock', '1', '0', '2017-02-22 20:14:43', '2017-02-22 20:18:44', '11717e17-ef5d-40ae-b7cf-05d6e67aacc2'),
 ('63', 'MatrixBlock', '1', '0', '2017-02-22 20:14:43', '2017-02-22 20:18:44', '414869c0-f370-40bf-b060-e75539d2ddd6'),
 ('64', 'MatrixBlock', '1', '0', '2017-02-22 20:14:43', '2017-02-22 20:18:44', '76fa8557-52af-4e37-99d6-1ca3555fb76a'),
 ('65', 'MatrixBlock', '1', '0', '2017-02-22 20:14:43', '2017-02-22 20:18:44', 'efef4885-b5a6-449e-b8a9-b95604f98108'),
 ('66', 'MatrixBlock', '1', '0', '2017-02-22 20:14:44', '2017-02-22 20:18:44', '07fe66e9-5676-4ba1-b72e-5eda4d8f2ba3'),
 ('67', 'MatrixBlock', '1', '0', '2017-02-22 20:14:44', '2017-02-22 20:18:44', '70a707e9-9151-4238-a411-e60c175099f7'),
 ('68', 'MatrixBlock', '1', '0', '2017-02-22 20:14:44', '2017-02-22 20:18:44', '94ae476f-5324-4fbf-b5e2-abbee2297bb9'),
 ('69', 'MatrixBlock', '1', '0', '2017-02-22 20:14:44', '2017-02-22 20:18:44', '4276111c-0481-4371-9c5a-997025c8415b'),
 ('70', 'MatrixBlock', '1', '0', '2017-02-22 20:14:44', '2017-02-22 20:18:44', 'f84aa90e-3c6a-405a-914b-55de0e60cb5b'),
 ('71', 'Asset', '1', '0', '2017-02-22 20:15:49', '2017-02-22 20:18:44', 'eeae2122-569d-417e-b49e-9499d1296dcc'),
 ('72', 'Asset', '1', '0', '2017-02-22 20:17:15', '2017-02-22 20:18:44', 'd4bfa7fd-c7cb-4612-ba0a-005a192ff558'),
 ('73', 'Entry', '1', '0', '2017-02-22 20:45:21', '2017-02-22 20:45:21', '873df0c9-ec84-4a1b-8ecb-846f8a2e7c08'),
 ('74', 'Asset', '1', '0', '2017-02-22 20:59:46', '2017-02-22 20:59:58', '73c01bfa-ae0c-4098-9c3b-604851dfc51c'),
 ('76', 'Asset', '1', '0', '2017-02-22 21:00:33', '2017-02-22 21:00:43', '4ee4f996-7c44-4abd-ac5e-290ccc9b4f72'),
 ('77', 'Entry', '1', '0', '2017-02-22 21:00:42', '2017-02-22 21:01:33', 'c87d3c4c-9c91-43ae-a70d-6af75cae8f6f'),
 ('82', 'Entry', '1', '0', '2017-02-23 18:03:34', '2017-02-23 19:38:17', '51b8a3cb-0a25-488b-90c3-7387cee6a5be'),
 ('83', 'MatrixBlock', '0', '0', '2017-02-23 18:03:34', '2017-02-23 19:38:17', '139ffe77-4027-4403-82b6-63312e22f63a'),
 ('84', 'MatrixBlock', '0', '0', '2017-02-23 18:03:34', '2017-02-23 19:38:17', '37e714eb-5469-4f32-b44b-6e74655188ed'),
 ('85', 'MatrixBlock', '0', '0', '2017-02-23 18:03:34', '2017-02-23 19:38:17', 'bb2f5451-111a-4bcb-b8fa-615c55f8bec0'),
 ('87', 'MatrixBlock', '1', '0', '2017-02-23 18:45:42', '2017-02-23 19:13:19', '622376b1-7f79-4e27-9e1b-efe46016ff13'),
 ('88', 'MatrixBlock', '1', '0', '2017-02-23 18:45:42', '2017-02-23 19:13:19', 'c4a3f460-29da-4bfa-a39e-1a314d87af70'),
 ('89', 'MatrixBlock', '1', '0', '2017-02-23 18:45:42', '2017-02-23 19:13:19', '4ba67ccc-ea78-42cd-ba8d-1c6832a9788e'),
 ('90', 'MatrixBlock', '1', '0', '2017-02-23 18:45:42', '2017-02-23 19:13:19', '0e7cbe13-f1e6-4f52-83f2-8564f186069c'),
 ('91', 'MatrixBlock', '1', '0', '2017-02-23 19:13:19', '2017-02-23 19:13:19', 'c78c9794-a734-4ff7-b172-63fa990e706d');



DROP TABLE IF EXISTS `elements_i18n`;


--
-- Schema for table `elements_i18n`
--
CREATE TABLE `elements_i18n` (
  `id` int(11) NOT NULL AUTO_INCREMENT,
  `elementId` int(11) NOT NULL,
  `locale` char(12) COLLATE utf8_unicode_ci NOT NULL,
  `slug` varchar(255) COLLATE utf8_unicode_ci DEFAULT NULL,
  `uri` varchar(255) COLLATE utf8_unicode_ci DEFAULT NULL,
  `enabled` tinyint(1) unsigned NOT NULL DEFAULT '1',
  `dateCreated` datetime NOT NULL,
  `dateUpdated` datetime NOT NULL,
  `uid` char(36) COLLATE utf8_unicode_ci NOT NULL DEFAULT '0',
  PRIMARY KEY (`id`),
  UNIQUE KEY `elements_i18n_elementId_locale_unq_idx` (`elementId`,`locale`),
  UNIQUE KEY `elements_i18n_uri_locale_unq_idx` (`uri`,`locale`),
  KEY `elements_i18n_slug_locale_idx` (`slug`,`locale`),
  KEY `elements_i18n_enabled_idx` (`enabled`),
  KEY `elements_i18n_locale_fk` (`locale`)
) ENGINE=InnoDB AUTO_INCREMENT=139 DEFAULT CHARSET=utf8 COLLATE=utf8_unicode_ci;

--
-- Data for table `elements_i18n`
--

INSERT INTO `elements_i18n` (`id`, `elementId`, `locale`, `slug`, `uri`, `enabled`, `dateCreated`, `dateUpdated`, `uid`) VALUES
 ('1', '1', 'en_us', '', NULL, '1', '2017-01-26 23:53:36', '2017-01-26 23:53:36', '5dc30400-3fc6-49a2-87b2-852189edf070'),
 ('2', '2', 'en_us', 'homepage', 'welcome', '1', '2017-01-26 23:53:37', '2017-02-23 20:18:08', 'e8eff42d-d40a-4f77-b119-98f96d1aa89d'),
 ('30', '30', 'en_us', '02-1', NULL, '1', '2017-02-06 19:35:17', '2017-02-06 19:35:17', '4c0e6bc4-c50a-4bb8-a3fa-8a8d12a2b3a8'),
 ('38', '38', 'en_us', 'e-jx9jc0-kwj-aqh-n9lz9u-qeqjamx-y8-kyh4-k0-vi-xjto7-jyk-t-n3-n-qbv-hz-mw-pbndett-vm0-w2-zku5k6z-y59p9p50t-nwd-hh-nx6-vv-aug-z7-uy1-ffa6i96wp-bpzbohs-ulec-lrr8wht-kif-aaaci2-jk-kzy-k-m4-wl-p0a-qyz4uhw-t-2-hqx7o-t2vb-ez-sv-jasu7tze-fyu0-bj-t0d-cm-ahy-ucv', NULL, '1', '2017-02-06 20:08:11', '2017-02-06 20:08:11', 'd9d5d4c8-906c-4d82-8a30-298ed5e58219'),
 ('39', '39', 'en_us', 'pixel', 'show/pixel', '1', '2017-02-20 22:50:23', '2017-02-22 21:47:43', 'f6d173d1-9bb2-4cff-8b7f-6f771201a79b'),
 ('40', '39', 'he', 'pixel', 'show/pixel', '1', '2017-02-20 22:50:23', '2017-02-22 21:47:43', '2ecba64f-cbc5-4d69-a776-f21fc9e857f5'),
 ('41', '40', 'en_us', 'electricity-featured-01', NULL, '1', '2017-02-20 23:11:13', '2017-02-22 20:00:20', 'd349c9ec-3a9b-4588-9092-bef965967503'),
 ('42', '40', 'he', 'electricity-featured-01', NULL, '1', '2017-02-20 23:11:13', '2017-02-22 20:00:20', 'bc599458-694f-45e3-8b7b-377edfaddcc3'),
 ('43', '41', 'en_us', 'electricity-featured-02', NULL, '1', '2017-02-20 23:11:17', '2017-02-22 20:00:21', '769d9937-3a72-47f4-a5b5-f938fecb67a0'),
 ('44', '41', 'he', 'electricity-featured-02', NULL, '1', '2017-02-20 23:11:17', '2017-02-22 20:00:21', 'd032fd5a-015c-4c08-90d2-de96542f182c'),
 ('45', '42', 'en_us', 'electricity-featured-03', NULL, '1', '2017-02-20 23:11:19', '2017-02-22 20:00:22', 'c44a8c92-44e9-419a-9989-1437a0e5eb1e'),
 ('46', '42', 'he', 'electricity-featured-03', NULL, '1', '2017-02-20 23:11:19', '2017-02-22 20:00:22', '7f296643-1843-4906-8376-9633ab45016b'),
 ('47', '43', 'en_us', 'header', NULL, '1', '2017-02-20 23:11:32', '2017-02-22 20:00:18', 'cd19237d-a386-4c62-b528-61e23e6f4b4d'),
 ('48', '43', 'he', 'header', NULL, '1', '2017-02-20 23:11:32', '2017-02-22 20:00:18', '22d363ea-68c7-4953-b358-286a782e9748'),
 ('49', '44', 'en_us', '', NULL, '1', '2017-02-20 23:14:09', '2017-02-22 21:47:43', 'c259ed3d-251d-48bb-869d-03c23c76ef40'),
 ('50', '44', 'he', '', NULL, '1', '2017-02-20 23:14:09', '2017-02-22 21:47:43', '75eb2f15-5f77-4c0a-b445-59f6e2fc81b9'),
 ('51', '45', 'en_us', '', NULL, '1', '2017-02-20 23:14:09', '2017-02-22 21:47:43', 'f01d1445-2ef9-4778-9035-88ec1b6d4631'),
 ('52', '45', 'he', '', NULL, '1', '2017-02-20 23:14:09', '2017-02-22 21:47:43', 'b8cb7b13-fac0-4724-94f3-7439cb0b1c8e'),
 ('53', '46', 'en_us', '', NULL, '1', '2017-02-20 23:14:09', '2017-02-22 21:47:43', 'bcd13b15-1687-4289-ae41-b62ad0a4a83c'),
 ('54', '46', 'he', '', NULL, '1', '2017-02-20 23:14:09', '2017-02-22 21:47:43', '2469d2aa-c3d3-4a26-adfb-6a50fcc51716'),
 ('55', '47', 'en_us', '', NULL, '1', '2017-02-20 23:14:09', '2017-02-22 21:47:43', 'd553e0f8-7839-448c-be47-dac676b1ed5c'),
 ('56', '47', 'he', '', NULL, '1', '2017-02-20 23:14:09', '2017-02-22 21:47:43', 'c9073ccd-9d89-4a6e-83d1-c69dbbd3406d'),
 ('57', '48', 'en_us', '', NULL, '1', '2017-02-20 23:14:09', '2017-02-22 21:47:43', '840d7552-765d-4a7f-bec4-1d3984d6ed2a'),
 ('58', '48', 'he', '', NULL, '1', '2017-02-20 23:14:09', '2017-02-22 21:47:43', '2f23f2df-22dd-457f-a5c9-cefc5dfe296e'),
 ('59', '49', 'en_us', '', NULL, '1', '2017-02-20 23:14:09', '2017-02-22 21:47:43', '4d62b064-495e-488f-859b-62874136e329'),
 ('60', '49', 'he', '', NULL, '1', '2017-02-20 23:14:09', '2017-02-22 21:47:43', 'd785ca40-232f-40e8-9377-d7eabd74d9c3'),
 ('61', '50', 'en_us', '', NULL, '1', '2017-02-20 23:14:09', '2017-02-22 21:47:43', '9eac0203-ca4d-47e5-b3ae-f00c4f20c0fe'),
 ('62', '50', 'he', '', NULL, '1', '2017-02-20 23:14:09', '2017-02-22 21:47:43', '1a50410e-eb42-47bc-859e-0f252dcf1505'),
 ('63', '51', 'en_us', '', NULL, '1', '2017-02-20 23:14:09', '2017-02-22 21:47:43', 'fa9827c5-2cf8-4e68-b0bc-4eb3067621db'),
 ('64', '51', 'he', '', NULL, '1', '2017-02-20 23:14:09', '2017-02-22 21:47:43', '058e0f53-0517-4d2d-bc43-23bde0f63fe2'),
 ('65', '52', 'en_us', '', NULL, '1', '2017-02-20 23:14:09', '2017-02-22 21:47:43', 'd778ff54-4ada-4a90-8850-f010a30f4324'),
 ('66', '52', 'he', '', NULL, '1', '2017-02-20 23:14:09', '2017-02-22 21:47:43', '53da746e-f9d7-48f1-8ef0-113f021e56c9'),
 ('67', '53', 'en_us', '', NULL, '1', '2017-02-20 23:14:09', '2017-02-22 21:47:43', '3b66950d-d6c5-4688-b747-8878dae80144'),
 ('68', '53', 'he', '', NULL, '1', '2017-02-20 23:14:09', '2017-02-22 21:47:43', 'f5999ca8-e801-4a92-a1c0-37562b2caba7'),
 ('69', '54', 'en_us', 'header', NULL, '1', '2017-02-20 23:23:51', '2017-02-22 20:00:23', 'd3001102-ed30-488d-8162-0b14a2b77ba8'),
 ('70', '54', 'he', 'header', NULL, '1', '2017-02-20 23:23:51', '2017-02-22 20:00:23', '4c32feba-4147-445e-a9ff-a0903d098b06'),
 ('71', '55', 'en_us', 'oz-logo', NULL, '1', '2017-02-22 18:27:13', '2017-02-22 20:00:19', 'ca501def-5f36-4312-b57a-581a732794dc'),
 ('72', '55', 'he', 'oz-logo', NULL, '1', '2017-02-22 18:27:13', '2017-02-22 20:00:19', 'b1afb918-f36b-4fbd-b447-188b8bcf1a03'),
 ('73', '56', 'en_us', 'about-contact', 'about', '1', '2017-02-22 18:49:44', '2017-02-23 19:13:18', '600f1e7b-e124-49dc-93b1-3f66e4b00a1d'),
 ('74', '56', 'he', 'about-contact', 'about', '1', '2017-02-22 18:49:44', '2017-02-23 19:13:18', '1d6ae8e8-b4bc-426c-98cf-ee3a7b529f08'),
 ('75', '57', 'en_us', 'electricity-slide', NULL, '1', '2017-02-22 18:55:56', '2017-02-22 21:46:26', 'a66a3168-401d-4eba-b289-a7e65a271b97'),
 ('76', '57', 'he', 'electricity-slide', NULL, '1', '2017-02-22 18:55:56', '2017-02-22 21:46:26', '642877cd-a488-449f-b7c5-a9c757d18884'),
 ('77', '58', 'en_us', 'pixel', NULL, '1', '2017-02-22 19:26:15', '2017-02-22 20:00:24', '51251c3d-c556-4709-857f-5062ed7c5c8f'),
 ('78', '58', 'he', 'pixel', NULL, '1', '2017-02-22 19:26:15', '2017-02-22 20:00:24', '2a03597d-7f3a-440e-8d25-dd8fbb463587'),
 ('79', '59', 'en_us', 'pixel', NULL, '1', '2017-02-22 19:26:27', '2017-02-22 21:46:27', 'f941622c-7f30-4347-95f7-48c11573f396'),
 ('80', '59', 'he', 'pixel', NULL, '1', '2017-02-22 19:26:27', '2017-02-22 21:46:27', '6c799854-6bfe-49d9-a147-355c9ddea5ac'),
 ('81', '60', 'en_us', 'cinderella', 'show/cinderella', '1', '2017-02-22 20:14:43', '2017-02-22 20:18:44', '1573bdc4-4108-4c46-83cd-10755abfc0f1'),
 ('82', '60', 'he', 'pixel-1', 'show/pixel-1', '1', '2017-02-22 20:14:43', '2017-02-22 20:18:44', 'fb98b954-67ce-41fb-b6c2-f13e4be4b885'),
 ('83', '61', 'en_us', '', NULL, '1', '2017-02-22 20:14:43', '2017-02-22 20:18:44', 'd2321b45-95c9-4b68-a452-f21d67319d01'),
 ('84', '61', 'he', '', NULL, '1', '2017-02-22 20:14:43', '2017-02-22 20:18:44', '55270d4f-757f-4f04-90b5-ebdba92af113'),
 ('85', '62', 'en_us', '', NULL, '1', '2017-02-22 20:14:43', '2017-02-22 20:18:44', 'fe25d296-f4ed-45a4-b8be-28375bcbbccc'),
 ('86', '62', 'he', '', NULL, '1', '2017-02-22 20:14:43', '2017-02-22 20:18:44', '5e674fee-d6c6-464e-81cc-216e84be4ce0'),
 ('87', '63', 'en_us', '', NULL, '1', '2017-02-22 20:14:43', '2017-02-22 20:18:44', '774b6157-5115-49c8-9c4a-e481be80d6f8'),
 ('88', '63', 'he', '', NULL, '1', '2017-02-22 20:14:43', '2017-02-22 20:18:44', 'f5bb68a2-699c-446a-b7ab-4100375b7eec'),
 ('89', '64', 'en_us', '', NULL, '1', '2017-02-22 20:14:43', '2017-02-22 20:18:44', '4964b870-c372-4bc5-9613-9684194ad1c9'),
 ('90', '64', 'he', '', NULL, '1', '2017-02-22 20:14:43', '2017-02-22 20:18:44', 'b8d40d31-b097-443d-b618-1b0e50c37d8d'),
 ('91', '65', 'en_us', '', NULL, '1', '2017-02-22 20:14:43', '2017-02-22 20:18:44', '6847642b-7b46-484f-a9ee-b1519fdc254e'),
 ('92', '65', 'he', '', NULL, '1', '2017-02-22 20:14:43', '2017-02-22 20:18:44', 'b0899711-80e3-4197-b72c-e0fda6fe3576'),
 ('93', '66', 'en_us', '', NULL, '1', '2017-02-22 20:14:44', '2017-02-22 20:18:44', '5eebba2c-43c7-431a-987a-9d3a11bd46b0'),
 ('94', '66', 'he', '', NULL, '1', '2017-02-22 20:14:44', '2017-02-22 20:18:44', 'e8e78550-245b-4b23-b8be-5cedfcbaf97d'),
 ('95', '67', 'en_us', '', NULL, '1', '2017-02-22 20:14:44', '2017-02-22 20:18:44', '759cfaf3-dd55-440f-bcca-da439c1f7f10'),
 ('96', '67', 'he', '', NULL, '1', '2017-02-22 20:14:44', '2017-02-22 20:18:44', '5cf2c2d7-5b37-4a32-98de-dc41355b1d55'),
 ('97', '68', 'en_us', '', NULL, '1', '2017-02-22 20:14:44', '2017-02-22 20:18:44', 'c6d3fb68-104e-45cd-8d95-44402abd4b7c'),
 ('98', '68', 'he', '', NULL, '1', '2017-02-22 20:14:44', '2017-02-22 20:18:44', '45853f2d-658e-4524-b769-3657131536f5'),
 ('99', '69', 'en_us', '', NULL, '1', '2017-02-22 20:14:44', '2017-02-22 20:18:44', '982cc369-d702-4f6d-803a-b72425e3926e'),
 ('100', '69', 'he', '', NULL, '1', '2017-02-22 20:14:44', '2017-02-22 20:18:44', 'f2a6f823-68fb-423d-96bd-787c69d6d5cc'),
 ('101', '70', 'en_us', '', NULL, '1', '2017-02-22 20:14:44', '2017-02-22 20:18:44', '5c7cb569-0655-4258-a6cd-6bd65b003c28'),
 ('102', '70', 'he', '', NULL, '1', '2017-02-22 20:14:44', '2017-02-22 20:18:44', 'e89f43bb-9b59-41cf-acc8-7d14bf1cc5e2'),
 ('103', '71', 'en_us', 'cinderella', NULL, '1', '2017-02-22 20:15:49', '2017-02-22 20:18:44', '6ab4a92a-8b9c-45df-9311-6c1bf6c63ee4'),
 ('104', '71', 'he', 'cinderella', NULL, '1', '2017-02-22 20:15:49', '2017-02-22 20:18:44', '1bdf2600-f37c-4639-90be-d1bdd7b5cac2'),
 ('105', '72', 'en_us', 'cinderella-thumb', NULL, '1', '2017-02-22 20:17:15', '2017-02-22 20:18:44', '1968bb39-c0d9-4233-9b8e-6d0ed41a6bb4'),
 ('106', '72', 'he', 'cinderella-thumb', NULL, '1', '2017-02-22 20:17:15', '2017-02-22 20:18:44', '1c9b022c-0182-4f63-b928-352478e8eb28'),
 ('107', '73', 'en_us', 'past-shows', 'past-shows', '1', '2017-02-22 20:45:21', '2017-02-22 20:45:21', '2685cfcc-8f3f-47fa-812e-b752c18cc4a3'),
 ('108', '73', 'he', 'past-shows', 'past-shows', '1', '2017-02-22 20:45:21', '2017-02-22 20:45:21', '95218dd6-06f4-41ff-b678-5e18e96d9dab'),
 ('109', '74', 'en_us', 'kafig-thumb-comany', NULL, '1', '2017-02-22 20:59:47', '2017-02-22 20:59:58', 'dfc82290-6bf6-4ca3-b65a-c9efcfa5d6f6'),
 ('110', '74', 'he', 'kafig-thumb-comany', NULL, '1', '2017-02-22 20:59:47', '2017-02-22 20:59:58', '2f356aee-dffb-4403-ba3f-ed59a097e149'),
 ('113', '76', 'en_us', 'kafig-thumb-comany', NULL, '1', '2017-02-22 21:00:33', '2017-02-22 21:00:43', 'ab58c63b-6ade-46af-b896-f50744c865fb'),
 ('114', '76', 'he', 'kafig-thumb-comany', NULL, '1', '2017-02-22 21:00:33', '2017-02-22 21:00:43', '74c60f1b-2703-4885-9e4b-82beec0d581a'),
 ('115', '77', 'en_us', 'kafig-1', 'representation/kafig-1', '1', '2017-02-22 21:00:42', '2017-02-22 21:01:33', '1bcb0c2f-16f5-4cd1-98e4-323b0b5d7979'),
 ('116', '77', 'he', 'kafig-1', 'representation/kafig-1', '1', '2017-02-22 21:00:42', '2017-02-22 21:01:33', '4df1957c-721c-4002-937c-608d7b56add9'),
 ('125', '82', 'en_us', 'header-navigation', 'navigation', '1', '2017-02-23 18:03:34', '2017-02-23 19:38:17', 'b9b71301-883d-4ac0-8776-734a2dd260e2'),
 ('126', '82', 'he', 'header-navigation', 'navigation', '1', '2017-02-23 18:03:34', '2017-02-23 19:38:17', '3e7774c3-032e-416b-987b-02ba9f4702ad'),
 ('127', '83', 'en_us', '', NULL, '1', '2017-02-23 18:03:34', '2017-02-23 19:38:17', 'e7550319-3096-4809-9b0a-b730ed2cdac6'),
 ('128', '83', 'he', '', NULL, '1', '2017-02-23 18:03:34', '2017-02-23 19:38:17', '9d637e35-420e-49b0-ae7e-35ffb234c5a0'),
 ('129', '84', 'en_us', '', NULL, '1', '2017-02-23 18:03:34', '2017-02-23 19:38:17', '07568ac6-c301-4735-9cb2-a693c3461d93'),
 ('130', '84', 'he', '', NULL, '1', '2017-02-23 18:03:34', '2017-02-23 19:38:17', '863eb0e6-f1c8-4a62-a624-75da92839778'),
 ('131', '85', 'en_us', '', NULL, '1', '2017-02-23 18:03:34', '2017-02-23 19:38:17', 'cdb87276-f655-4ebf-bd85-647337c2717a'),
 ('132', '85', 'he', '', NULL, '1', '2017-02-23 18:03:34', '2017-02-23 19:38:17', 'f8e09bfb-b4f3-414f-86b1-00ae11b1ef53'),
 ('134', '87', 'en_us', '', NULL, '1', '2017-02-23 18:45:42', '2017-02-23 19:13:19', '5c26693a-ec74-4924-9a1c-00cfc1b0047c'),
 ('135', '88', 'en_us', '', NULL, '1', '2017-02-23 18:45:42', '2017-02-23 19:13:19', '2198c0dc-be19-40d6-9e4d-47b8a7aa459b'),
 ('136', '89', 'en_us', '', NULL, '1', '2017-02-23 18:45:42', '2017-02-23 19:13:19', '37afa2d3-e6d8-48a4-bf07-2e3dfdb42d58'),
 ('137', '90', 'en_us', '', NULL, '1', '2017-02-23 18:45:42', '2017-02-23 19:13:19', '7e531bc0-9262-47b6-b201-a7cd8285c6f2'),
 ('138', '91', 'en_us', '', NULL, '1', '2017-02-23 19:13:19', '2017-02-23 19:13:19', 'd40fc5d4-d7a9-43b9-97ae-90f2fbbb712b');



DROP TABLE IF EXISTS `emailmessages`;


--
-- Schema for table `emailmessages`
--
CREATE TABLE `emailmessages` (
  `id` int(11) NOT NULL AUTO_INCREMENT,
  `key` char(150) COLLATE utf8_unicode_ci NOT NULL,
  `locale` char(12) COLLATE utf8_unicode_ci NOT NULL,
  `subject` varchar(1000) COLLATE utf8_unicode_ci NOT NULL,
  `body` text COLLATE utf8_unicode_ci NOT NULL,
  `dateCreated` datetime NOT NULL,
  `dateUpdated` datetime NOT NULL,
  `uid` char(36) COLLATE utf8_unicode_ci NOT NULL DEFAULT '0',
  PRIMARY KEY (`id`),
  UNIQUE KEY `emailmessages_key_locale_unq_idx` (`key`,`locale`),
  KEY `emailmessages_locale_fk` (`locale`)
) ENGINE=InnoDB DEFAULT CHARSET=utf8 COLLATE=utf8_unicode_ci;

DROP TABLE IF EXISTS `entries`;


--
-- Schema for table `entries`
--
CREATE TABLE `entries` (
  `id` int(11) NOT NULL,
  `sectionId` int(11) NOT NULL,
  `typeId` int(11) DEFAULT NULL,
  `authorId` int(11) DEFAULT NULL,
  `postDate` datetime DEFAULT NULL,
  `expiryDate` datetime DEFAULT NULL,
  `dateCreated` datetime NOT NULL,
  `dateUpdated` datetime NOT NULL,
  `uid` char(36) COLLATE utf8_unicode_ci NOT NULL DEFAULT '0',
  PRIMARY KEY (`id`),
  KEY `entries_sectionId_idx` (`sectionId`),
  KEY `entries_typeId_idx` (`typeId`),
  KEY `entries_postDate_idx` (`postDate`),
  KEY `entries_expiryDate_idx` (`expiryDate`),
  KEY `entries_authorId_fk` (`authorId`)
) ENGINE=InnoDB DEFAULT CHARSET=utf8 COLLATE=utf8_unicode_ci;

--
-- Data for table `entries`
--

INSERT INTO `entries` (`id`, `sectionId`, `typeId`, `authorId`, `postDate`, `expiryDate`, `dateCreated`, `dateUpdated`, `uid`) VALUES
 ('2', '1', '1', NULL, '2017-01-27 00:30:05', NULL, '2017-01-26 23:53:37', '2017-02-23 20:18:08', 'a5f23d3e-ef2b-4b10-a994-890b433fe6c5'),
 ('39', '5', '5', '1', '2017-02-20 22:50:00', NULL, '2017-02-20 22:50:23', '2017-02-22 21:47:43', '3d047c82-c5c6-48b4-9bb1-b6b71d0b1cec'),
 ('56', '7', '7', NULL, '2017-02-23 18:47:08', NULL, '2017-02-22 18:49:44', '2017-02-23 19:13:19', 'd6b05b4e-e197-4e5a-bc61-b06cf7f9702a'),
 ('60', '5', '5', '1', '2017-02-20 22:50:00', NULL, '2017-02-22 20:14:44', '2017-02-22 20:18:44', '97b3d7f6-9b92-4bf9-9d89-0239fc2b4930'),
 ('73', '8', NULL, NULL, '2017-02-22 20:45:20', NULL, '2017-02-22 20:45:21', '2017-02-22 20:45:21', '7c7c39b4-c169-44d0-a25e-84240de6b76c'),
 ('77', '6', '6', '1', '2017-02-22 21:01:33', NULL, '2017-02-22 21:00:43', '2017-02-22 21:01:33', '43cd4be3-4b49-4044-86a9-d5bffe8e3cc0'),
 ('82', '9', '9', NULL, '2017-02-23 18:17:41', NULL, '2017-02-23 18:03:34', '2017-02-23 19:38:17', 'a1780bfb-237c-4a44-826e-9774cb723e18');



DROP TABLE IF EXISTS `entrydrafts`;


--
-- Schema for table `entrydrafts`
--
CREATE TABLE `entrydrafts` (
  `id` int(11) NOT NULL AUTO_INCREMENT,
  `entryId` int(11) NOT NULL,
  `sectionId` int(11) NOT NULL,
  `creatorId` int(11) NOT NULL,
  `locale` char(12) COLLATE utf8_unicode_ci NOT NULL,
  `name` varchar(255) COLLATE utf8_unicode_ci NOT NULL,
  `notes` tinytext COLLATE utf8_unicode_ci,
  `data` mediumtext COLLATE utf8_unicode_ci NOT NULL,
  `dateCreated` datetime NOT NULL,
  `dateUpdated` datetime NOT NULL,
  `uid` char(36) COLLATE utf8_unicode_ci NOT NULL DEFAULT '0',
  PRIMARY KEY (`id`),
  KEY `entrydrafts_entryId_locale_idx` (`entryId`,`locale`),
  KEY `entrydrafts_sectionId_fk` (`sectionId`),
  KEY `entrydrafts_creatorId_fk` (`creatorId`),
  KEY `entrydrafts_locale_fk` (`locale`)
) ENGINE=InnoDB DEFAULT CHARSET=utf8 COLLATE=utf8_unicode_ci;

DROP TABLE IF EXISTS `entrytypes`;


--
-- Schema for table `entrytypes`
--
CREATE TABLE `entrytypes` (
  `id` int(11) NOT NULL AUTO_INCREMENT,
  `sectionId` int(11) NOT NULL,
  `fieldLayoutId` int(11) DEFAULT NULL,
  `name` varchar(255) COLLATE utf8_unicode_ci NOT NULL,
  `handle` varchar(255) COLLATE utf8_unicode_ci NOT NULL,
  `hasTitleField` tinyint(1) unsigned NOT NULL DEFAULT '1',
  `titleLabel` varchar(255) COLLATE utf8_unicode_ci DEFAULT 'Title',
  `titleFormat` varchar(255) COLLATE utf8_unicode_ci DEFAULT NULL,
  `sortOrder` smallint(6) unsigned DEFAULT NULL,
  `dateCreated` datetime NOT NULL,
  `dateUpdated` datetime NOT NULL,
  `uid` char(36) COLLATE utf8_unicode_ci NOT NULL DEFAULT '0',
  PRIMARY KEY (`id`),
  UNIQUE KEY `entrytypes_name_sectionId_unq_idx` (`name`,`sectionId`),
  UNIQUE KEY `entrytypes_handle_sectionId_unq_idx` (`handle`,`sectionId`),
  KEY `entrytypes_sectionId_fk` (`sectionId`),
  KEY `entrytypes_fieldLayoutId_fk` (`fieldLayoutId`)
) ENGINE=InnoDB AUTO_INCREMENT=10 DEFAULT CHARSET=utf8 COLLATE=utf8_unicode_ci;

--
-- Data for table `entrytypes`
--

INSERT INTO `entrytypes` (`id`, `sectionId`, `fieldLayoutId`, `name`, `handle`, `hasTitleField`, `titleLabel`, `titleFormat`, `sortOrder`, `dateCreated`, `dateUpdated`, `uid`) VALUES
 ('1', '1', '3', 'Homepage', 'homepage', '1', 'Title', NULL, '1', '2017-01-26 23:53:37', '2017-01-26 23:53:37', '494fc57d-f542-4ff8-a53b-72653e1b09f1'),
 ('5', '5', '69', 'Shows', 'shows', '1', 'Title', NULL, '1', '2017-02-01 21:40:51', '2017-02-22 21:45:21', 'cd52850f-109b-449b-9871-72eb16326563'),
 ('6', '6', '50', 'Representation', 'representation', '1', 'Company Name', NULL, '1', '2017-02-01 21:41:08', '2017-02-20 21:23:55', '844b068b-e7fa-4fb6-bd94-b3c53d698d96'),
 ('7', '7', '87', 'About & Contact', 'aboutContact', '0', NULL, '{section.name|raw}', '1', '2017-02-22 18:49:43', '2017-02-23 19:09:56', 'f20a9bb3-7a18-42c4-978d-ab73e1ed9530'),
 ('8', '8', '68', 'Past Shows', 'pastShows', '0', NULL, '{section.name|raw}', '1', '2017-02-22 20:45:20', '2017-02-22 20:45:20', '62756488-e3a9-4499-8f44-72fa21817179'),
 ('9', '9', '72', 'Navigation', 'navigation', '1', 'Title', NULL, '1', '2017-02-23 17:01:48', '2017-02-23 17:44:17', 'f1e76734-e64c-4b71-8838-1bc67a82797d');



DROP TABLE IF EXISTS `entryversions`;


--
-- Schema for table `entryversions`
--
CREATE TABLE `entryversions` (
  `id` int(11) NOT NULL AUTO_INCREMENT,
  `entryId` int(11) NOT NULL,
  `sectionId` int(11) NOT NULL,
  `creatorId` int(11) DEFAULT NULL,
  `locale` char(12) COLLATE utf8_unicode_ci NOT NULL,
  `num` smallint(6) unsigned NOT NULL,
  `notes` tinytext COLLATE utf8_unicode_ci,
  `data` mediumtext COLLATE utf8_unicode_ci NOT NULL,
  `dateCreated` datetime NOT NULL,
  `dateUpdated` datetime NOT NULL,
  `uid` char(36) COLLATE utf8_unicode_ci NOT NULL DEFAULT '0',
  PRIMARY KEY (`id`),
  KEY `entryversions_entryId_locale_idx` (`entryId`,`locale`),
  KEY `entryversions_sectionId_fk` (`sectionId`),
  KEY `entryversions_creatorId_fk` (`creatorId`),
  KEY `entryversions_locale_fk` (`locale`)
) ENGINE=InnoDB AUTO_INCREMENT=37 DEFAULT CHARSET=utf8 COLLATE=utf8_unicode_ci;

--
-- Data for table `entryversions`
--

INSERT INTO `entryversions` (`id`, `entryId`, `sectionId`, `creatorId`, `locale`, `num`, `notes`, `data`, `dateCreated`, `dateUpdated`, `uid`) VALUES
 ('1', '2', '1', '1', 'en_us', '1', NULL, '{\"typeId\":\"1\",\"authorId\":null,\"title\":\"Homepage\",\"slug\":\"homepage\",\"postDate\":1485474817,\"expiryDate\":null,\"enabled\":1,\"parentId\":null,\"fields\":[]}', '2017-01-26 23:53:37', '2017-01-26 23:53:37', '4ed89912-748d-481c-8eff-a3d375c06222'),
 ('2', '2', '1', '1', 'en_us', '2', NULL, '{\"typeId\":null,\"authorId\":null,\"title\":\"Welcome to Craft.dev!\",\"slug\":\"homepage\",\"postDate\":1485474817,\"expiryDate\":null,\"enabled\":\"1\",\"parentId\":null,\"fields\":{\"1\":\"<p>It\\u2019s true, this site doesn\\u2019t have a whole lot of content yet, but don\\u2019t worry. Our web developers have just installed the CMS, and they\\u2019re setting things up for the content editors this very moment. Soon Craft.dev will be an oasis of fresh perspectives, sharp analyses, and astute opinions that will keep you coming back again and again.<\\/p>\"}}', '2017-01-26 23:53:37', '2017-01-26 23:53:37', '1c9a7a52-d3fe-40d4-81b6-5193b8b3d9e0'),
 ('3', '39', '5', '1', 'en_us', '1', '', '{\"typeId\":null,\"authorId\":\"1\",\"title\":\"Pixel\",\"slug\":\"pixel\",\"postDate\":1487631022,\"expiryDate\":null,\"enabled\":1,\"parentId\":null,\"fields\":{\"37\":\"\",\"38\":{\"date\":\"\"},\"39\":{\"date\":\"\"},\"40\":\"\",\"46\":\"\",\"47\":\"\"}}', '2017-02-20 22:50:23', '2017-02-20 22:50:23', 'ffd0dcc2-5565-4b7a-8e65-13f98424ba80'),
 ('4', '39', '5', '1', 'he', '1', '', '{\"typeId\":\"5\",\"authorId\":\"1\",\"title\":\"\\u05e4\\u05d9\\u05e7\\u05e1\\u05dc\",\"slug\":\"pixel\",\"postDate\":1487631000,\"expiryDate\":null,\"enabled\":1,\"parentId\":null,\"fields\":{\"37\":\"\",\"38\":{\"date\":\"\"},\"39\":{\"date\":\"\"},\"40\":\"\",\"46\":\"\",\"47\":\"\"}}', '2017-02-20 22:50:42', '2017-02-20 22:50:42', 'cb917005-1290-4e73-829f-efd25cc50f44'),
 ('5', '39', '5', '1', 'he', '2', '', '{\"typeId\":\"5\",\"authorId\":\"1\",\"title\":\"\\u05e4\\u05d9\\u05e7\\u05e1\\u05dc\",\"slug\":\"pixel\",\"postDate\":1487631000,\"expiryDate\":null,\"enabled\":1,\"parentId\":null,\"fields\":{\"37\":\"test he\",\"38\":{\"date\":\"\"},\"39\":{\"date\":\"\"},\"40\":\"\",\"46\":\"\",\"47\":\"\"}}', '2017-02-20 22:56:52', '2017-02-20 22:56:52', '378eac61-ce8d-4478-95ce-63bc23cac741'),
 ('6', '39', '5', '1', 'en_us', '2', '', '{\"typeId\":\"5\",\"authorId\":\"1\",\"title\":\"Pixel\",\"slug\":\"pixel\",\"postDate\":1487631000,\"expiryDate\":null,\"enabled\":1,\"parentId\":null,\"fields\":{\"37\":\"test eng\",\"38\":{\"date\":\"\"},\"39\":{\"date\":\"\"},\"40\":\"\",\"46\":\"\",\"47\":\"\"}}', '2017-02-20 22:57:01', '2017-02-20 22:57:01', '3146fca2-fd60-4c1c-b7c4-049896ea5c90'),
 ('7', '39', '5', '1', 'en_us', '3', '', '{\"typeId\":\"5\",\"authorId\":\"1\",\"title\":\"Pixel\",\"slug\":\"pixel\",\"postDate\":1487631000,\"expiryDate\":null,\"enabled\":1,\"parentId\":null,\"fields\":{\"37\":\"Kafig, Paris, France\",\"38\":{\"date\":\"2\\/28\\/2017\"},\"39\":{\"date\":\"2\\/26\\/2017\"},\"40\":{\"new4\":{\"type\":\"showVideos\",\"enabled\":\"1\",\"fields\":{\"videoUrl\":\"https:\\/\\/www.youtube.com\\/watch?v=uuAZDCEWEpk\"}},\"new5\":{\"type\":\"showCopy\",\"enabled\":\"1\",\"fields\":{\"text\":\"eVolution Dance Theater from Italy comes to Israel with it\\u2019s  \\u00a0Creativity-in-Motion spectacular show \\u201celectriCity\\u201d: an exciting fusion of Dance, Art, Acrobatics, Magic and illusion, using an exciting mix \\u2028of science and art to create a truly unique experience,\\u00a0combining black light and shadows with acrobatic dance , video art and visual illusions. The company has for the last seven years toured the world captivating audiences with their unique performances. As well as creating shows for The National Ballet Company in Florence, Italy\'s Got Talent , and most recently creating the new hit Show \\\"The Magic of Light\\\" for Disney Cruise Lines.\\u00a0 Founded by an American Artist, Anthony Heinl, and based in Rome Italy, \\u00a0Evolution Dance Theater is dedicated to creating new and innovative techniques for the stage\"}},\"new1\":{\"type\":\"showImages\",\"enabled\":\"1\",\"fields\":{\"image\":[\"40\"]}},\"new6\":{\"type\":\"showQuote\",\"enabled\":\"1\",\"fields\":{\"quote\":\"Magical, exciting, cool ... a must-see!\",\"source\":\"Weekend Milano\"}},\"new2\":{\"type\":\"showImages\",\"enabled\":\"1\",\"fields\":{\"image\":[\"41\"]}},\"new3\":{\"type\":\"showImages\",\"enabled\":\"1\",\"fields\":{\"image\":[\"42\"]}}},\"46\":\"\",\"47\":{\"new1\":{\"type\":\"ticketInformation\",\"enabled\":\"1\",\"fields\":{\"theaterName\":\"Herzliiya National Thater\",\"showDateTime\":{\"date\":\"2\\/26\\/2017\",\"time\":\"6:00 PM\"},\"purchaseLink\":\"http:\\/\\/google.com\"}},\"new2\":{\"type\":\"ticketInformation\",\"enabled\":\"1\",\"fields\":{\"theaterName\":\"Habima, Tel Aviv\",\"showDateTime\":{\"date\":\"2\\/27\\/2017\",\"time\":\"5:00 PM\"},\"purchaseLink\":\"http:\\/\\/google.com\"}},\"new3\":{\"type\":\"ticketInformation\",\"enabled\":\"1\",\"fields\":{\"theaterName\":\"Habima, Tel-Aviv\",\"showDateTime\":{\"date\":\"2\\/27\\/2017\",\"time\":\"9:00 PM\"},\"purchaseLink\":\"http:\\/\\/google.com\"}},\"new4\":{\"type\":\"ticketInformation\",\"enabled\":\"1\",\"fields\":{\"theaterName\":\"Jarusalem Theater\",\"showDateTime\":{\"date\":\"2\\/28\\/2017\",\"time\":\"7:00 PM\"},\"purchaseLink\":\"http:\\/\\/google.com\"}}}}}', '2017-02-20 23:14:09', '2017-02-20 23:14:09', 'dfe3da5e-95d7-4f01-b7e8-e81b561906f7'),
 ('8', '39', '5', '1', 'he', '3', '', '{\"typeId\":\"5\",\"authorId\":\"1\",\"title\":\"\\u05e4\\u05d9\\u05e7\\u05e1\\u05dc\",\"slug\":\"pixel\",\"postDate\":1487631000,\"expiryDate\":null,\"enabled\":1,\"parentId\":null,\"fields\":{\"37\":\"\\u05e7\\u05d0\\u05e4\\u05d9\\u05d2, \\u05e4\\u05bc\\u05e8\\u05d9\\u05e1, \\u05e6\\u05d5\\u05e8\\u05e4\\u05d0\\u05ea\",\"38\":{\"date\":\"2\\/28\\/2017\"},\"39\":{\"date\":\"2\\/26\\/2017\"},\"40\":{\"44\":{\"type\":\"showVideos\",\"enabled\":\"1\",\"fields\":{\"videoUrl\":\"https:\\/\\/www.youtube.com\\/watch?v=uuAZDCEWEpk\"}},\"45\":{\"type\":\"showCopy\",\"enabled\":\"1\",\"fields\":{\"text\":\"\\u05dc\\u05ea\\u05e8\\u05d5\\u05dd \\u05e8\\u05d1\\u05be\\u05dc\\u05e9\\u05d5\\u05e0\\u05d9 \\u05d6\\u05d0\\u05ea \\u05d1\\u05d4, \\u05e6\'\\u05d8 \\u05d0\\u05d5\\u05d3\\u05d5\\u05ea \\u05d4\\u05e7\\u05d4\\u05d9\\u05dc\\u05d4 \\u05dc\\u05de\\u05ea\\u05d7\\u05d9\\u05dc\\u05d9\\u05dd \\u05d2\\u05dd. \\u05d0\\u05ea \\u05d0\\u05d7\\u05e8 \\u05de\\u05d9\\u05d6\\u05de\\u05d9\\u05dd \\u05d5\\u05d4\\u05d2\\u05d5\\u05dc\\u05e9\\u05d9\\u05dd \\u05de\\u05d5\\u05e0\\u05d7\\u05d5\\u05e0\\u05d9\\u05dd, \\u05de\\u05d3\\u05e2 \\u05ea\\u05e8\\u05d1\\u05d5\\u05ea \\u05e9\\u05d0\\u05dc\\u05d5\\u05ea \\u05e2\\u05e1\\u05e7\\u05d9\\u05dd \\u05d1\\u05d4, \\u05e2\\u05dc \\u05de\\u05d7\\u05dc\\u05d9\\u05d8\\u05d4 \\u05e0\\u05d1\\u05d7\\u05e8\\u05d9\\u05dd \\u05d5\\u05de\\u05d4\\u05d9\\u05de\\u05e0\\u05d4 \\u05de\\u05d3\\u05e2. \\u05d1\\u05e8\\u05d9\\u05ea \\u05e7\\u05e8\\u05d9\\u05de\\u05d9\\u05e0\\u05d5\\u05dc\\u05d5\\u05d2\\u05d9\\u05d4 \\u05e1\\u05d3\\u05e8 \\u05d1, \\u05d3\\u05e4\\u05d9\\u05dd \\u05e8\\u05d5\\u05e1\\u05d9\\u05ea \\u05e0\\u05d1\\u05d7\\u05e8\\u05d9\\u05dd \\u05de\\u05ea\\u05df \\u05d2\\u05dd. \\u05d0\\u05dd \\u05e2\\u05d5\\u05d3 \\u05d4\\u05ea\\u05d5\\u05db\\u05df \\u05d5\\u05e7\\u05e9\\u05e7\\u05e9. \\u05dc\\u05ea\\u05e8\\u05d5\\u05dd \\u05e8\\u05d1\\u05be\\u05dc\\u05e9\\u05d5\\u05e0\\u05d9 \\u05d6\\u05d0\\u05ea \\u05d1\\u05d4, \\u05e6\'\\u05d8 \\u05d0\\u05d5\\u05d3\\u05d5\\u05ea \\u05d4\\u05e7\\u05d4\\u05d9\\u05dc\\u05d4 \\u05dc\\u05de\\u05ea\\u05d7\\u05d9\\u05dc\\u05d9\\u05dd \\u05d2\\u05dd. \\u05d0\\u05ea \\u05d0\\u05d7\\u05e8 \\u05de\\u05d9\\u05d6\\u05de\\u05d9\\u05dd \\u05d5\\u05d4\\u05d2\\u05d5\\u05dc\\u05e9\\u05d9\\u05dd \\u05de\\u05d5\\u05e0\\u05d7\\u05d5\\u05e0\\u05d9\\u05dd, \\u05de\\u05d3\\u05e2 \\u05ea\\u05e8\\u05d1\\u05d5\\u05ea \\u05e9\\u05d0\\u05dc\\u05d5\\u05ea \\u05e2\\u05e1\\u05e7\\u05d9\\u05dd \\u05d1\\u05d4, \\u05e2\\u05dc \\u05de\\u05d7\\u05dc\\u05d9\\u05d8\\u05d4 \\u05e0\\u05d1\\u05d7\\u05e8\\u05d9\\u05dd \\u05d5\\u05de\\u05d4\\u05d9\\u05de\\u05e0\\u05d4 \\u05de\\u05d3\\u05e2. \\u05d1\\u05e8\\u05d9\\u05ea \\u05e7\\u05e8\\u05d9\\u05de\\u05d9\\u05e0\\u05d5\\u05dc\\u05d5\\u05d2\\u05d9\\u05d4 \\u05e1\\u05d3\\u05e8 \\u05d1, \\u05d3\\u05e4\\u05d9\\u05dd \\u05e8\\u05d5\\u05e1\\u05d9\\u05ea \\u05e0\\u05d1\\u05d7\\u05e8\\u05d9\\u05dd \\u05de\\u05ea\\u05df \\u05d2\\u05dd. \\u05d0\\u05dd \\u05e2\\u05d5\\u05d3 \\u05d4\\u05ea\\u05d5\\u05db\\u05df \\u05d5\\u05e7\\u05e9\\u05e7\\u05e9. \\u05dc\\u05ea\\u05e8\\u05d5\\u05dd \\u05e8\\u05d1\\u05be\\u05dc\\u05e9\\u05d5\\u05e0\\u05d9 \\u05d6\\u05d0\\u05ea \\u05d1\\u05d4, \\u05e6\'\\u05d8 \\u05d0\\u05d5\\u05d3\\u05d5\\u05ea \\u05d4\\u05e7\\u05d4\\u05d9\\u05dc\\u05d4 \\u05dc\\u05de\\u05ea\\u05d7\\u05d9\\u05dc\\u05d9\\u05dd \\u05d2\\u05dd. \\u05d0\\u05ea \\u05d0\\u05d7\\u05e8 \\u05de\\u05d9\\u05d6\\u05de\\u05d9\\u05dd \\u05d5\\u05d4\\u05d2\\u05d5\\u05dc\\u05e9\\u05d9\\u05dd \\u05de\\u05d5\\u05e0\\u05d7\\u05d5\\u05e0\\u05d9\\u05dd, \\u05de\\u05d3\\u05e2 \\u05ea\\u05e8\\u05d1\\u05d5\\u05ea \\u05e9\\u05d0\\u05dc\\u05d5\\u05ea \\u05e2\\u05e1\\u05e7\\u05d9\\u05dd \\u05d1\\u05d4, \\u05e2\\u05dc \\u05de\\u05d7\\u05dc\\u05d9\\u05d8\\u05d4 \\u05e0\\u05d1\\u05d7\\u05e8\\u05d9\\u05dd \\u05d5\\u05de\\u05d4\\u05d9\\u05de\\u05e0\\u05d4 \\u05de\\u05d3\\u05e2. \\u05d1\\u05e8\\u05d9\\u05ea \\u05e7\\u05e8\\u05d9\\u05de\\u05d9\\u05e0\\u05d5\\u05dc\\u05d5\\u05d2\\u05d9\\u05d4 \\u05e1\\u05d3\\u05e8 \\u05d1, \\u05d3\\u05e4\\u05d9\\u05dd \\u05e8\\u05d5\\u05e1\\u05d9\\u05ea \\u05e0\\u05d1\\u05d7\\u05e8\\u05d9\\u05dd \\u05de\\u05ea\\u05df \\u05d2\\u05dd. \\u05d0\\u05dd \\u05e2\\u05d5\\u05d3 \\u05d4\\u05ea\\u05d5\\u05db\\u05df \\u05d5\\u05e7\\u05e9\\u05e7\\u05e9. \\u05dc\\u05ea\\u05e8\\u05d5\\u05dd \\u05e8\\u05d1\\u05be\\u05dc\\u05e9\\u05d5\\u05e0\\u05d9 \\u05d6\\u05d0\\u05ea \\u05d1\\u05d4, \\u05e6\'\\u05d8 \\u05d0\\u05d5\\u05d3\\u05d5\\u05ea \\u05d4\\u05e7\\u05d4\\u05d9\\u05dc\\u05d4 \\u05dc\\u05de\\u05ea\\u05d7\\u05d9\\u05dc\\u05d9\\u05dd \\u05d2\\u05dd. \\u05d0\\u05ea \\u05d0\\u05d7\\u05e8 \\u05de\\u05d9\\u05d6\\u05de\\u05d9\\u05dd \\u05d5\\u05d4\\u05d2\\u05d5\\u05dc\\u05e9\\u05d9\\u05dd \\u05de\\u05d5\\u05e0\\u05d7\\u05d5\\u05e0\\u05d9\\u05dd, \\u05de\\u05d3\\u05e2 \\u05ea\\u05e8\\u05d1\\u05d5\\u05ea \\u05e9\\u05d0\\u05dc\\u05d5\\u05ea \\u05e2\\u05e1\\u05e7\\u05d9\\u05dd \\u05d1\\u05d4, \\u05e2\\u05dc \\u05de\\u05d7\\u05dc\\u05d9\\u05d8\\u05d4 \\u05e0\\u05d1\\u05d7\\u05e8\\u05d9\\u05dd \\u05d5\\u05de\\u05d4\\u05d9\\u05de\\u05e0\\u05d4 \\u05de\\u05d3\\u05e2. \\u05d1\\u05e8\\u05d9\\u05ea \\u05e7\\u05e8\\u05d9\\u05de\\u05d9\\u05e0\\u05d5\\u05dc\\u05d5\\u05d2\\u05d9\\u05d4 \\u05e1\\u05d3\\u05e8 \\u05d1, \\u05d3\\u05e4\\u05d9\\u05dd \\u05e8\\u05d5\\u05e1\\u05d9\\u05ea \\u05e0\\u05d1\\u05d7\\u05e8\\u05d9\\u05dd \\u05de\\u05ea\\u05df \\u05d2\\u05dd. \\u05d0\\u05dd \\u05e2\\u05d5\\u05d3 \\u05d4\\u05ea\\u05d5\\u05db\\u05df \\u05d5\\u05e7\\u05e9\\u05e7\\u05e9.\"}},\"46\":{\"type\":\"showImages\",\"enabled\":\"1\",\"fields\":{\"image\":[\"40\"]}},\"47\":{\"type\":\"showQuote\",\"enabled\":\"1\",\"fields\":{\"quote\":\"\\u05e7\\u05e1\\u05d5\\u05dd , \\u05de\\u05e8\\u05d2\\u05e9 , \\u05de\\u05d2\\u05e0\\u05d9\\u05d1 ...\\u05d7\\u05d5\\u05d1\\u05d4 \\u05dc\\u05e8\\u05d0\\u05d5\\u05ea !\",\"source\":\"\\u05d5\\u05d5\\u05d9\\u05d9\\u05db\\u05d9\\u05e0\\u05d3, \\u05de\\u05d9\\u05dc\\u05d0\\u05e0\\u05d5\"}},\"48\":{\"type\":\"showImages\",\"enabled\":\"1\",\"fields\":{\"image\":[\"41\"]}},\"49\":{\"type\":\"showImages\",\"enabled\":\"1\",\"fields\":{\"image\":[\"42\"]}}},\"46\":\"\",\"47\":{\"50\":{\"type\":\"ticketInformation\",\"enabled\":\"1\",\"fields\":{\"theaterName\":\"\\u05d4\\u05ea\\u05d9\\u05d0\\u05d8\\u05e8\\u05d5\\u05df \\u05d4\\u05dc\\u05d0\\u05d5\\u05de\\u05d9 \\u05d4\\u05e8\\u05e6\\u05dc\\u05d9\\u05d4\",\"showDateTime\":{\"date\":\"2\\/26\\/2017\",\"time\":\"6:00 PM\"},\"purchaseLink\":\"http:\\/\\/google.com\"}},\"51\":{\"type\":\"ticketInformation\",\"enabled\":\"1\",\"fields\":{\"theaterName\":\"\\u05d4\\u05d1\\u05d9\\u05de\\u05d4, \\u05ea\\u05dc \\u05d0\\u05d1\\u05d9\\u05d1\",\"showDateTime\":{\"date\":\"2\\/27\\/2017\",\"time\":\"5:00 PM\"},\"purchaseLink\":\"http:\\/\\/google.com\"}},\"52\":{\"type\":\"ticketInformation\",\"enabled\":\"1\",\"fields\":{\"theaterName\":\"\\u05d4\\u05d1\\u05d9\\u05de\\u05d4, \\u05ea\\u05dc \\u05d0\\u05d1\\u05d9\\u05d1\",\"showDateTime\":{\"date\":\"2\\/27\\/2017\",\"time\":\"9:00 PM\"},\"purchaseLink\":\"http:\\/\\/google.com\"}},\"53\":{\"type\":\"ticketInformation\",\"enabled\":\"1\",\"fields\":{\"theaterName\":\"\\u05ea\\u05d9\\u05d0\\u05d8\\u05e8\\u05d5\\u05df \\u05d9\\u05e8\\u05d5\\u05e9\\u05dc\\u05d9\\u05dd\",\"showDateTime\":{\"date\":\"2\\/28\\/2017\",\"time\":\"7:00 PM\"},\"purchaseLink\":\"http:\\/\\/google.com\"}}}}}', '2017-02-20 23:17:04', '2017-02-20 23:17:04', 'fbf69bdf-56e8-4a03-8ea0-d993f2ffeea5'),
 ('9', '39', '5', '1', 'en_us', '4', '', '{\"typeId\":\"5\",\"authorId\":\"1\",\"title\":\"Pixel\",\"slug\":\"pixel\",\"postDate\":1487631000,\"expiryDate\":null,\"enabled\":1,\"parentId\":null,\"fields\":{\"37\":\"Kafig, Paris, France\",\"38\":{\"date\":\"2\\/28\\/2017\"},\"39\":{\"date\":\"2\\/26\\/2017\"},\"40\":{\"44\":{\"type\":\"showVideos\",\"enabled\":\"1\",\"fields\":{\"videoUrl\":\"https:\\/\\/www.youtube.com\\/watch?v=uuAZDCEWEpk\"}},\"45\":{\"type\":\"showCopy\",\"enabled\":\"1\",\"fields\":{\"text\":\"eVolution Dance Theater from Italy comes to Israel with it\\u2019s  \\u00a0Creativity-in-Motion spectacular show \\u201celectriCity\\u201d: an exciting fusion of Dance, Art, Acrobatics, Magic and illusion, using an exciting mix \\u2028of science and art to create a truly unique experience,\\u00a0combining black light and shadows with acrobatic dance , video art and visual illusions. The company has for the last seven years toured the world captivating audiences with their unique performances. As well as creating shows for The National Ballet Company in Florence, Italy\'s Got Talent , and most recently creating the new hit Show \\\"The Magic of Light\\\" for Disney Cruise Lines.\\u00a0 Founded by an American Artist, Anthony Heinl, and based in Rome Italy, \\u00a0Evolution Dance Theater is dedicated to creating new and innovative techniques for the stage\"}},\"46\":{\"type\":\"showImages\",\"enabled\":\"1\",\"fields\":{\"image\":[\"40\"]}},\"47\":{\"type\":\"showQuote\",\"enabled\":\"1\",\"fields\":{\"quote\":\"Magical, exciting, cool ... a must-see!\",\"source\":\"Weekend Milano\"}},\"48\":{\"type\":\"showImages\",\"enabled\":\"1\",\"fields\":{\"image\":[\"41\"]}},\"49\":{\"type\":\"showImages\",\"enabled\":\"1\",\"fields\":{\"image\":[\"42\"]}}},\"46\":\"\",\"47\":{\"50\":{\"type\":\"ticketInformation\",\"enabled\":\"1\",\"fields\":{\"theaterName\":\"Herzliiya National Thater\",\"showDateTime\":{\"date\":\"2\\/26\\/2017\",\"time\":\"6:00 PM\"},\"purchaseLink\":\"http:\\/\\/google.com\"}},\"51\":{\"type\":\"ticketInformation\",\"enabled\":\"1\",\"fields\":{\"theaterName\":\"Habima, Tel Aviv\",\"showDateTime\":{\"date\":\"2\\/27\\/2017\",\"time\":\"5:00 PM\"},\"purchaseLink\":\"http:\\/\\/google.com\"}},\"52\":{\"type\":\"ticketInformation\",\"enabled\":\"1\",\"fields\":{\"theaterName\":\"Habima, Tel-Aviv\",\"showDateTime\":{\"date\":\"2\\/27\\/2017\",\"time\":\"9:00 PM\"},\"purchaseLink\":\"http:\\/\\/google.com\"}},\"53\":{\"type\":\"ticketInformation\",\"enabled\":\"1\",\"fields\":{\"theaterName\":\"Jerusalem Theater\",\"showDateTime\":{\"date\":\"2\\/28\\/2017\",\"time\":\"7:00 PM\"},\"purchaseLink\":\"http:\\/\\/google.com\"}}}}}', '2017-02-20 23:17:23', '2017-02-20 23:17:23', '73600286-bac8-40b8-8d98-0f1aac92bb2a'),
 ('10', '39', '5', '1', 'en_us', '5', '', '{\"typeId\":\"5\",\"authorId\":\"1\",\"title\":\"Pixel\",\"slug\":\"pixel\",\"postDate\":1487631000,\"expiryDate\":null,\"enabled\":1,\"parentId\":null,\"fields\":{\"37\":\"Kafig, Paris, France\",\"38\":{\"date\":\"2\\/28\\/2017\"},\"39\":{\"date\":\"2\\/26\\/2017\"},\"40\":{\"44\":{\"type\":\"showVideos\",\"enabled\":\"1\",\"fields\":{\"videoUrl\":\"https:\\/\\/www.youtube.com\\/watch?v=uuAZDCEWEpk\"}},\"45\":{\"type\":\"showCopy\",\"enabled\":\"1\",\"fields\":{\"text\":\"eVolution Dance Theater from Italy comes to Israel with it\\u2019s  \\u00a0Creativity-in-Motion spectacular show \\u201celectriCity\\u201d: an exciting fusion of Dance, Art, Acrobatics, Magic and illusion, using an exciting mix \\u2028of science and art to create a truly unique experience,\\u00a0combining black light and shadows with acrobatic dance , video art and visual illusions. The company has for the last seven years toured the world captivating audiences with their unique performances. As well as creating shows for The National Ballet Company in Florence, Italy\'s Got Talent , and most recently creating the new hit Show \\\"The Magic of Light\\\" for Disney Cruise Lines.\\u00a0 Founded by an American Artist, Anthony Heinl, and based in Rome Italy, \\u00a0Evolution Dance Theater is dedicated to creating new and innovative techniques for the stage\"}},\"46\":{\"type\":\"showImages\",\"enabled\":\"1\",\"fields\":{\"image\":[\"40\"]}},\"47\":{\"type\":\"showQuote\",\"enabled\":\"1\",\"fields\":{\"quote\":\"Magical, exciting, cool ... a must-see!\",\"source\":\"Weekend Milano\"}},\"48\":{\"type\":\"showImages\",\"enabled\":\"1\",\"fields\":{\"image\":[\"41\"]}},\"49\":{\"type\":\"showImages\",\"enabled\":\"1\",\"fields\":{\"image\":[\"42\"]}}},\"46\":[\"54\"],\"47\":{\"50\":{\"type\":\"ticketInformation\",\"enabled\":\"1\",\"fields\":{\"theaterName\":\"Herzliiya National Thater\",\"showDateTime\":{\"date\":\"2\\/26\\/2017\",\"time\":\"6:00 PM\"},\"purchaseLink\":\"http:\\/\\/google.com\"}},\"51\":{\"type\":\"ticketInformation\",\"enabled\":\"1\",\"fields\":{\"theaterName\":\"Habima, Tel Aviv\",\"showDateTime\":{\"date\":\"2\\/27\\/2017\",\"time\":\"5:00 PM\"},\"purchaseLink\":\"http:\\/\\/google.com\"}},\"52\":{\"type\":\"ticketInformation\",\"enabled\":\"1\",\"fields\":{\"theaterName\":\"Habima, Tel-Aviv\",\"showDateTime\":{\"date\":\"2\\/27\\/2017\",\"time\":\"9:00 PM\"},\"purchaseLink\":\"http:\\/\\/google.com\"}},\"53\":{\"type\":\"ticketInformation\",\"enabled\":\"1\",\"fields\":{\"theaterName\":\"Jerusalem Theater\",\"showDateTime\":{\"date\":\"2\\/28\\/2017\",\"time\":\"7:00 PM\"},\"purchaseLink\":\"http:\\/\\/google.com\"}}}}}', '2017-02-20 23:24:00', '2017-02-20 23:24:00', 'f003443b-04de-4e9c-85cb-8884904ebd8a'),
 ('11', '39', '5', '1', 'en_us', '6', '', '{\"typeId\":\"5\",\"authorId\":\"1\",\"title\":\"Pixel\",\"slug\":\"pixel\",\"postDate\":1487631000,\"expiryDate\":null,\"enabled\":1,\"parentId\":null,\"fields\":{\"37\":\"Kafig, Paris, France\",\"38\":{\"date\":\"2\\/28\\/2017\"},\"39\":{\"date\":\"2\\/26\\/2017\"},\"40\":{\"44\":{\"type\":\"showVideos\",\"enabled\":\"1\",\"fields\":{\"videoUrl\":\"https:\\/\\/www.youtube.com\\/watch?v=uuAZDCEWEpk\"}},\"45\":{\"type\":\"showCopy\",\"enabled\":\"1\",\"fields\":{\"text\":\"eVolution Dance Theater from Italy comes to Israel with it\\u2019s  \\u00a0Creativity-in-Motion spectacular show \\u201celectriCity\\u201d: an exciting fusion of Dance, Art, Acrobatics, Magic and illusion, using an exciting mix \\u2028of science and art to create a truly unique experience,\\u00a0combining black light and shadows with acrobatic dance , video art and visual illusions. The company has for the last seven years toured the world captivating audiences with their unique performances. As well as creating shows for The National Ballet Company in Florence, Italy\'s Got Talent , and most recently creating the new hit Show \\\"The Magic of Light\\\" for Disney Cruise Lines.\\u00a0 Founded by an American Artist, Anthony Heinl, and based in Rome Italy, \\u00a0Evolution Dance Theater is dedicated to creating new and innovative techniques for the stage\"}},\"46\":{\"type\":\"showImages\",\"enabled\":\"1\",\"fields\":{\"image\":[\"40\"]}},\"47\":{\"type\":\"showQuote\",\"enabled\":\"1\",\"fields\":{\"quote\":\"Magical, exciting, cool...\\r\\na must-see!\",\"source\":\"Weekend Milano\"}},\"48\":{\"type\":\"showImages\",\"enabled\":\"1\",\"fields\":{\"image\":[\"41\"]}},\"49\":{\"type\":\"showImages\",\"enabled\":\"1\",\"fields\":{\"image\":[\"42\"]}}},\"46\":[\"54\"],\"47\":{\"50\":{\"type\":\"ticketInformation\",\"enabled\":\"1\",\"fields\":{\"theaterName\":\"Herzliiya National Thater\",\"showDateTime\":{\"date\":\"2\\/26\\/2017\",\"time\":\"6:00 PM\"},\"purchaseLink\":\"http:\\/\\/google.com\"}},\"51\":{\"type\":\"ticketInformation\",\"enabled\":\"1\",\"fields\":{\"theaterName\":\"Habima, Tel Aviv\",\"showDateTime\":{\"date\":\"2\\/27\\/2017\",\"time\":\"5:00 PM\"},\"purchaseLink\":\"http:\\/\\/google.com\"}},\"52\":{\"type\":\"ticketInformation\",\"enabled\":\"1\",\"fields\":{\"theaterName\":\"Habima, Tel-Aviv\",\"showDateTime\":{\"date\":\"2\\/27\\/2017\",\"time\":\"9:00 PM\"},\"purchaseLink\":\"http:\\/\\/google.com\"}},\"53\":{\"type\":\"ticketInformation\",\"enabled\":\"1\",\"fields\":{\"theaterName\":\"Jerusalem Theater\",\"showDateTime\":{\"date\":\"2\\/28\\/2017\",\"time\":\"7:00 PM\"},\"purchaseLink\":\"http:\\/\\/google.com\"}}}}}', '2017-02-21 21:59:37', '2017-02-21 21:59:37', '4a921444-7dce-475f-b23b-62b8d9529f37'),
 ('12', '39', '5', '1', 'en_us', '7', '', '{\"typeId\":\"5\",\"authorId\":\"1\",\"title\":\"Pixel\",\"slug\":\"pixel\",\"postDate\":1487631000,\"expiryDate\":null,\"enabled\":1,\"parentId\":null,\"fields\":{\"37\":\"Kafig, Paris, France\",\"38\":{\"date\":\"2\\/28\\/2017\"},\"39\":{\"date\":\"2\\/26\\/2017\"},\"40\":{\"44\":{\"type\":\"showVideos\",\"enabled\":\"1\",\"fields\":{\"videoUrl\":\"https:\\/\\/www.youtube.com\\/watch?v=uuAZDCEWEpk\"}},\"45\":{\"type\":\"showCopy\",\"enabled\":\"1\",\"fields\":{\"text\":\"eVolution Dance Theater from Italy comes to Israel with it\\u2019s  \\u00a0Creativity-in-Motion spectacular show \\u201celectriCity\\u201d: an exciting fusion of Dance, Art, Acrobatics, Magic and illusion, using an exciting mix \\u2028of science and art to create a truly unique experience,\\u00a0combining black light and shadows with acrobatic dance , video art and visual illusions. The company has for the last seven years toured the world captivating audiences with their unique performances. As well as creating shows for The National Ballet Company in Florence, Italy\'s Got Talent , and most recently creating the new hit Show \\\"The Magic of Light\\\" for Disney Cruise Lines.\\u00a0 Founded by an American Artist, Anthony Heinl, and based in Rome Italy, \\u00a0Evolution Dance Theater is dedicated to creating new and innovative techniques for the stage\"}},\"46\":{\"type\":\"showImages\",\"enabled\":\"1\",\"fields\":{\"image\":[\"40\"]}},\"47\":{\"type\":\"showQuote\",\"enabled\":\"1\",\"fields\":{\"quote\":\"Magical, exciting, cool... a must-see!\",\"source\":\"Weekend Milano\"}},\"48\":{\"type\":\"showImages\",\"enabled\":\"1\",\"fields\":{\"image\":[\"41\"]}},\"49\":{\"type\":\"showImages\",\"enabled\":\"1\",\"fields\":{\"image\":[\"42\"]}}},\"46\":[\"54\"],\"47\":{\"50\":{\"type\":\"ticketInformation\",\"enabled\":\"1\",\"fields\":{\"theaterName\":\"Herzliiya National Thater\",\"showDateTime\":{\"date\":\"2\\/26\\/2017\",\"time\":\"6:00 PM\"},\"purchaseLink\":\"http:\\/\\/google.com\"}},\"51\":{\"type\":\"ticketInformation\",\"enabled\":\"1\",\"fields\":{\"theaterName\":\"Habima, Tel Aviv\",\"showDateTime\":{\"date\":\"2\\/27\\/2017\",\"time\":\"5:00 PM\"},\"purchaseLink\":\"http:\\/\\/google.com\"}},\"52\":{\"type\":\"ticketInformation\",\"enabled\":\"1\",\"fields\":{\"theaterName\":\"Habima, Tel-Aviv\",\"showDateTime\":{\"date\":\"2\\/27\\/2017\",\"time\":\"9:00 PM\"},\"purchaseLink\":\"http:\\/\\/google.com\"}},\"53\":{\"type\":\"ticketInformation\",\"enabled\":\"1\",\"fields\":{\"theaterName\":\"Jerusalem Theater\",\"showDateTime\":{\"date\":\"2\\/28\\/2017\",\"time\":\"7:00 PM\"},\"purchaseLink\":\"http:\\/\\/google.com\"}}}}}', '2017-02-21 21:59:59', '2017-02-21 21:59:59', 'a815eb6d-d813-4e21-8543-b0fd5da425ea'),
 ('13', '56', '7', '1', 'en_us', '1', NULL, '{\"typeId\":\"7\",\"authorId\":null,\"title\":\"About & Contact\",\"slug\":\"about-contact\",\"postDate\":1487789383,\"expiryDate\":null,\"enabled\":1,\"parentId\":null,\"fields\":[]}', '2017-02-22 18:49:44', '2017-02-22 18:49:44', 'c2c11eb7-93d0-4d5a-b813-413ee3117c9d'),
 ('14', '39', '5', '1', 'en_us', '8', '', '{\"typeId\":\"5\",\"authorId\":\"1\",\"title\":\"Pixel\",\"slug\":\"pixel\",\"postDate\":1487631000,\"expiryDate\":null,\"enabled\":1,\"parentId\":null,\"fields\":{\"37\":\"Kafig, Paris, France\",\"38\":{\"date\":\"2\\/28\\/2017\"},\"39\":{\"date\":\"2\\/26\\/2017\"},\"51\":[\"57\"],\"40\":{\"44\":{\"type\":\"showVideos\",\"enabled\":\"1\",\"fields\":{\"videoUrl\":\"https:\\/\\/www.youtube.com\\/watch?v=uuAZDCEWEpk\"}},\"45\":{\"type\":\"showCopy\",\"enabled\":\"1\",\"fields\":{\"text\":\"eVolution Dance Theater from Italy comes to Israel with it\\u2019s  \\u00a0Creativity-in-Motion spectacular show \\u201celectriCity\\u201d: an exciting fusion of Dance, Art, Acrobatics, Magic and illusion, using an exciting mix \\u2028of science and art to create a truly unique experience,\\u00a0combining black light and shadows with acrobatic dance , video art and visual illusions. The company has for the last seven years toured the world captivating audiences with their unique performances. As well as creating shows for The National Ballet Company in Florence, Italy\'s Got Talent , and most recently creating the new hit Show \\\"The Magic of Light\\\" for Disney Cruise Lines.\\u00a0 Founded by an American Artist, Anthony Heinl, and based in Rome Italy, \\u00a0Evolution Dance Theater is dedicated to creating new and innovative techniques for the stage\"}},\"46\":{\"type\":\"showImages\",\"enabled\":\"1\",\"fields\":{\"image\":[\"40\"]}},\"47\":{\"type\":\"showQuote\",\"enabled\":\"1\",\"fields\":{\"quote\":\"Magical, exciting, cool... a must-see!\",\"source\":\"Weekend Milano\"}},\"48\":{\"type\":\"showImages\",\"enabled\":\"1\",\"fields\":{\"image\":[\"41\"]}},\"49\":{\"type\":\"showImages\",\"enabled\":\"1\",\"fields\":{\"image\":[\"42\"]}}},\"47\":{\"50\":{\"type\":\"ticketInformation\",\"enabled\":\"1\",\"fields\":{\"theaterName\":\"Herzliiya National Thater\",\"showDateTime\":{\"date\":\"2\\/26\\/2017\",\"time\":\"6:00 PM\"},\"purchaseLink\":\"http:\\/\\/google.com\"}},\"51\":{\"type\":\"ticketInformation\",\"enabled\":\"1\",\"fields\":{\"theaterName\":\"Habima, Tel Aviv\",\"showDateTime\":{\"date\":\"2\\/27\\/2017\",\"time\":\"5:00 PM\"},\"purchaseLink\":\"http:\\/\\/google.com\"}},\"52\":{\"type\":\"ticketInformation\",\"enabled\":\"1\",\"fields\":{\"theaterName\":\"Habima, Tel-Aviv\",\"showDateTime\":{\"date\":\"2\\/27\\/2017\",\"time\":\"9:00 PM\"},\"purchaseLink\":\"http:\\/\\/google.com\"}},\"53\":{\"type\":\"ticketInformation\",\"enabled\":\"1\",\"fields\":{\"theaterName\":\"Jerusalem Theater\",\"showDateTime\":{\"date\":\"2\\/28\\/2017\",\"time\":\"7:00 PM\"},\"purchaseLink\":\"http:\\/\\/google.com\"}}}}}', '2017-02-22 18:56:12', '2017-02-22 18:56:12', '8074fd03-5052-4be8-865b-75a644c08152'),
 ('15', '39', '5', '1', 'en_us', '9', '', '{\"typeId\":\"5\",\"authorId\":\"1\",\"title\":\"Pixel\",\"slug\":\"pixel\",\"postDate\":1487631000,\"expiryDate\":null,\"enabled\":1,\"parentId\":null,\"fields\":{\"37\":\"Kafig, Paris, France\",\"38\":{\"date\":\"2\\/28\\/2017\"},\"39\":{\"date\":\"2\\/26\\/2017\"},\"52\":\"1\",\"51\":[\"57\"],\"40\":{\"44\":{\"type\":\"showVideos\",\"enabled\":\"1\",\"fields\":{\"videoUrl\":\"https:\\/\\/www.youtube.com\\/watch?v=uuAZDCEWEpk\"}},\"45\":{\"type\":\"showCopy\",\"enabled\":\"1\",\"fields\":{\"text\":\"eVolution Dance Theater from Italy comes to Israel with it\\u2019s  \\u00a0Creativity-in-Motion spectacular show \\u201celectriCity\\u201d: an exciting fusion of Dance, Art, Acrobatics, Magic and illusion, using an exciting mix \\u2028of science and art to create a truly unique experience,\\u00a0combining black light and shadows with acrobatic dance , video art and visual illusions. The company has for the last seven years toured the world captivating audiences with their unique performances. As well as creating shows for The National Ballet Company in Florence, Italy\'s Got Talent , and most recently creating the new hit Show \\\"The Magic of Light\\\" for Disney Cruise Lines.\\u00a0 Founded by an American Artist, Anthony Heinl, and based in Rome Italy, \\u00a0Evolution Dance Theater is dedicated to creating new and innovative techniques for the stage\"}},\"46\":{\"type\":\"showImages\",\"enabled\":\"1\",\"fields\":{\"image\":[\"40\"]}},\"47\":{\"type\":\"showQuote\",\"enabled\":\"1\",\"fields\":{\"quote\":\"Magical, exciting, cool... a must-see!\",\"source\":\"Weekend Milano\"}},\"48\":{\"type\":\"showImages\",\"enabled\":\"1\",\"fields\":{\"image\":[\"41\"]}},\"49\":{\"type\":\"showImages\",\"enabled\":\"1\",\"fields\":{\"image\":[\"42\"]}}},\"47\":{\"50\":{\"type\":\"ticketInformation\",\"enabled\":\"1\",\"fields\":{\"theaterName\":\"Herzliiya National Thater\",\"showDateTime\":{\"date\":\"2\\/26\\/2017\",\"time\":\"6:00 PM\"},\"purchaseLink\":\"http:\\/\\/google.com\"}},\"51\":{\"type\":\"ticketInformation\",\"enabled\":\"1\",\"fields\":{\"theaterName\":\"Habima, Tel Aviv\",\"showDateTime\":{\"date\":\"2\\/27\\/2017\",\"time\":\"5:00 PM\"},\"purchaseLink\":\"http:\\/\\/google.com\"}},\"52\":{\"type\":\"ticketInformation\",\"enabled\":\"1\",\"fields\":{\"theaterName\":\"Habima, Tel-Aviv\",\"showDateTime\":{\"date\":\"2\\/27\\/2017\",\"time\":\"9:00 PM\"},\"purchaseLink\":\"http:\\/\\/google.com\"}},\"53\":{\"type\":\"ticketInformation\",\"enabled\":\"1\",\"fields\":{\"theaterName\":\"Jerusalem Theater\",\"showDateTime\":{\"date\":\"2\\/28\\/2017\",\"time\":\"7:00 PM\"},\"purchaseLink\":\"http:\\/\\/google.com\"}}}}}', '2017-02-22 19:10:04', '2017-02-22 19:10:04', '005250c6-1e8a-42db-bcbf-b2b7a41ce6c8'),
 ('16', '39', '5', '1', 'en_us', '10', '', '{\"typeId\":\"5\",\"authorId\":\"1\",\"title\":\"Pixel\",\"slug\":\"pixel\",\"postDate\":1487631000,\"expiryDate\":null,\"enabled\":1,\"parentId\":null,\"fields\":{\"37\":\"Kafig, Paris, France\",\"38\":{\"date\":\"2\\/21\\/2017\"},\"39\":{\"date\":\"2\\/19\\/2017\"},\"52\":\"1\",\"51\":[\"57\"],\"40\":{\"44\":{\"type\":\"showVideos\",\"enabled\":\"1\",\"fields\":{\"videoUrl\":\"https:\\/\\/www.youtube.com\\/watch?v=uuAZDCEWEpk\"}},\"45\":{\"type\":\"showCopy\",\"enabled\":\"1\",\"fields\":{\"text\":\"eVolution Dance Theater from Italy comes to Israel with it\\u2019s  \\u00a0Creativity-in-Motion spectacular show \\u201celectriCity\\u201d: an exciting fusion of Dance, Art, Acrobatics, Magic and illusion, using an exciting mix \\u2028of science and art to create a truly unique experience,\\u00a0combining black light and shadows with acrobatic dance , video art and visual illusions. The company has for the last seven years toured the world captivating audiences with their unique performances. As well as creating shows for The National Ballet Company in Florence, Italy\'s Got Talent , and most recently creating the new hit Show \\\"The Magic of Light\\\" for Disney Cruise Lines.\\u00a0 Founded by an American Artist, Anthony Heinl, and based in Rome Italy, \\u00a0Evolution Dance Theater is dedicated to creating new and innovative techniques for the stage\"}},\"46\":{\"type\":\"showImages\",\"enabled\":\"1\",\"fields\":{\"image\":[\"40\"]}},\"47\":{\"type\":\"showQuote\",\"enabled\":\"1\",\"fields\":{\"quote\":\"Magical, exciting, cool... a must-see!\",\"source\":\"Weekend Milano\"}},\"48\":{\"type\":\"showImages\",\"enabled\":\"1\",\"fields\":{\"image\":[\"41\"]}},\"49\":{\"type\":\"showImages\",\"enabled\":\"1\",\"fields\":{\"image\":[\"42\"]}}},\"47\":{\"50\":{\"type\":\"ticketInformation\",\"enabled\":\"1\",\"fields\":{\"theaterName\":\"Herzliiya National Thater\",\"showDateTime\":{\"date\":\"2\\/26\\/2017\",\"time\":\"6:00 PM\"},\"purchaseLink\":\"http:\\/\\/google.com\"}},\"51\":{\"type\":\"ticketInformation\",\"enabled\":\"1\",\"fields\":{\"theaterName\":\"Habima, Tel Aviv\",\"showDateTime\":{\"date\":\"2\\/27\\/2017\",\"time\":\"5:00 PM\"},\"purchaseLink\":\"http:\\/\\/google.com\"}},\"52\":{\"type\":\"ticketInformation\",\"enabled\":\"1\",\"fields\":{\"theaterName\":\"Habima, Tel-Aviv\",\"showDateTime\":{\"date\":\"2\\/27\\/2017\",\"time\":\"9:00 PM\"},\"purchaseLink\":\"http:\\/\\/google.com\"}},\"53\":{\"type\":\"ticketInformation\",\"enabled\":\"1\",\"fields\":{\"theaterName\":\"Jerusalem Theater\",\"showDateTime\":{\"date\":\"2\\/28\\/2017\",\"time\":\"7:00 PM\"},\"purchaseLink\":\"http:\\/\\/google.com\"}}}}}', '2017-02-22 19:17:07', '2017-02-22 19:17:07', 'cd2cd5a6-fbc2-4f99-b02b-e15fda267a61'),
 ('17', '39', '5', '1', 'en_us', '11', '', '{\"typeId\":\"5\",\"authorId\":\"1\",\"title\":\"Pixel\",\"slug\":\"pixel\",\"postDate\":1487631000,\"expiryDate\":null,\"enabled\":1,\"parentId\":null,\"fields\":{\"37\":\"Kafig, Paris, France\",\"38\":{\"date\":\"2\\/28\\/2017\"},\"39\":{\"date\":\"2\\/26\\/2017\"},\"52\":\"1\",\"51\":[\"57\"],\"40\":{\"44\":{\"type\":\"showVideos\",\"enabled\":\"1\",\"fields\":{\"videoUrl\":\"https:\\/\\/www.youtube.com\\/watch?v=uuAZDCEWEpk\"}},\"45\":{\"type\":\"showCopy\",\"enabled\":\"1\",\"fields\":{\"text\":\"eVolution Dance Theater from Italy comes to Israel with it\\u2019s  \\u00a0Creativity-in-Motion spectacular show \\u201celectriCity\\u201d: an exciting fusion of Dance, Art, Acrobatics, Magic and illusion, using an exciting mix \\u2028of science and art to create a truly unique experience,\\u00a0combining black light and shadows with acrobatic dance , video art and visual illusions. The company has for the last seven years toured the world captivating audiences with their unique performances. As well as creating shows for The National Ballet Company in Florence, Italy\'s Got Talent , and most recently creating the new hit Show \\\"The Magic of Light\\\" for Disney Cruise Lines.\\u00a0 Founded by an American Artist, Anthony Heinl, and based in Rome Italy, \\u00a0Evolution Dance Theater is dedicated to creating new and innovative techniques for the stage\"}},\"46\":{\"type\":\"showImages\",\"enabled\":\"1\",\"fields\":{\"image\":[\"40\"]}},\"47\":{\"type\":\"showQuote\",\"enabled\":\"1\",\"fields\":{\"quote\":\"Magical, exciting, cool... a must-see!\",\"source\":\"Weekend Milano\"}},\"48\":{\"type\":\"showImages\",\"enabled\":\"1\",\"fields\":{\"image\":[\"41\"]}},\"49\":{\"type\":\"showImages\",\"enabled\":\"1\",\"fields\":{\"image\":[\"42\"]}}},\"47\":{\"50\":{\"type\":\"ticketInformation\",\"enabled\":\"1\",\"fields\":{\"theaterName\":\"Herzliiya National Thater\",\"showDateTime\":{\"date\":\"2\\/26\\/2017\",\"time\":\"6:00 PM\"},\"purchaseLink\":\"http:\\/\\/google.com\"}},\"51\":{\"type\":\"ticketInformation\",\"enabled\":\"1\",\"fields\":{\"theaterName\":\"Habima, Tel Aviv\",\"showDateTime\":{\"date\":\"2\\/27\\/2017\",\"time\":\"5:00 PM\"},\"purchaseLink\":\"http:\\/\\/google.com\"}},\"52\":{\"type\":\"ticketInformation\",\"enabled\":\"1\",\"fields\":{\"theaterName\":\"Habima, Tel-Aviv\",\"showDateTime\":{\"date\":\"2\\/27\\/2017\",\"time\":\"9:00 PM\"},\"purchaseLink\":\"http:\\/\\/google.com\"}},\"53\":{\"type\":\"ticketInformation\",\"enabled\":\"1\",\"fields\":{\"theaterName\":\"Jerusalem Theater\",\"showDateTime\":{\"date\":\"2\\/28\\/2017\",\"time\":\"7:00 PM\"},\"purchaseLink\":\"http:\\/\\/google.com\"}}}}}', '2017-02-22 19:17:35', '2017-02-22 19:17:35', 'df28f2ec-c58d-40a7-99ed-191e677378a1'),
 ('18', '39', '5', '1', 'en_us', '12', '', '{\"typeId\":\"5\",\"authorId\":\"1\",\"title\":\"Pixel\",\"slug\":\"pixel\",\"postDate\":1487631000,\"expiryDate\":null,\"enabled\":1,\"parentId\":null,\"fields\":{\"37\":\"Kafig, Paris, France\",\"38\":{\"date\":\"2\\/28\\/2017\"},\"39\":{\"date\":\"2\\/26\\/2017\"},\"52\":\"1\",\"51\":[\"57\"],\"40\":{\"44\":{\"type\":\"showVideos\",\"enabled\":\"1\",\"fields\":{\"videoUrl\":\"https:\\/\\/www.youtube.com\\/watch?v=uuAZDCEWEpk\"}},\"45\":{\"type\":\"showCopy\",\"enabled\":\"1\",\"fields\":{\"text\":\"eVolution Dance Theater from Italy comes to Israel with it\\u2019s  \\u00a0Creativity-in-Motion spectacular show \\u201celectriCity\\u201d: an exciting fusion of Dance, Art, Acrobatics, Magic and illusion, using an exciting mix \\u2028of science and art to create a truly unique experience,\\u00a0combining black light and shadows with acrobatic dance , video art and visual illusions. The company has for the last seven years toured the world captivating audiences with their unique performances. As well as creating shows for The National Ballet Company in Florence, Italy\'s Got Talent , and most recently creating the new hit Show \\\"The Magic of Light\\\" for Disney Cruise Lines.\\u00a0 Founded by an American Artist, Anthony Heinl, and based in Rome Italy, \\u00a0Evolution Dance Theater is dedicated to creating new and innovative techniques for the stage\"}},\"46\":{\"type\":\"showImages\",\"enabled\":\"1\",\"fields\":{\"image\":[\"40\"]}},\"47\":{\"type\":\"showQuote\",\"enabled\":\"1\",\"fields\":{\"quote\":\"Magical, exciting, cool... a must-see!\",\"source\":\"Weekend Milano\"}},\"48\":{\"type\":\"showImages\",\"enabled\":\"1\",\"fields\":{\"image\":[\"41\"]}},\"49\":{\"type\":\"showImages\",\"enabled\":\"1\",\"fields\":{\"image\":[\"42\"]}}},\"53\":[\"59\"],\"47\":{\"50\":{\"type\":\"ticketInformation\",\"enabled\":\"1\",\"fields\":{\"theaterName\":\"Herzliiya National Thater\",\"showDateTime\":{\"date\":\"2\\/26\\/2017\",\"time\":\"6:00 PM\"},\"purchaseLink\":\"http:\\/\\/google.com\"}},\"51\":{\"type\":\"ticketInformation\",\"enabled\":\"1\",\"fields\":{\"theaterName\":\"Habima, Tel Aviv\",\"showDateTime\":{\"date\":\"2\\/27\\/2017\",\"time\":\"5:00 PM\"},\"purchaseLink\":\"http:\\/\\/google.com\"}},\"52\":{\"type\":\"ticketInformation\",\"enabled\":\"1\",\"fields\":{\"theaterName\":\"Habima, Tel-Aviv\",\"showDateTime\":{\"date\":\"2\\/27\\/2017\",\"time\":\"9:00 PM\"},\"purchaseLink\":\"http:\\/\\/google.com\"}},\"53\":{\"type\":\"ticketInformation\",\"enabled\":\"1\",\"fields\":{\"theaterName\":\"Jerusalem Theater\",\"showDateTime\":{\"date\":\"2\\/28\\/2017\",\"time\":\"7:00 PM\"},\"purchaseLink\":\"http:\\/\\/google.com\"}}}}}', '2017-02-22 19:26:36', '2017-02-22 19:26:36', '714c8ddd-7e46-457f-ac49-6ae3eb236472'),
 ('19', '39', '5', '1', 'he', '4', '', '{\"typeId\":\"5\",\"authorId\":\"1\",\"title\":\"\\u05e4\\u05d9\\u05e7\\u05e1\\u05dc\",\"slug\":\"pixel\",\"postDate\":1487631000,\"expiryDate\":null,\"enabled\":1,\"parentId\":null,\"fields\":{\"37\":\"\\u05e7\\u05d0\\u05e4\\u05d9\\u05d2, \\u05e4\\u05bc\\u05e8\\u05d9\\u05e1, \\u05e6\\u05d5\\u05e8\\u05e4\\u05d0\\u05ea\",\"38\":{\"date\":\"2\\/28\\/2017\"},\"39\":{\"date\":\"2\\/26\\/2017\"},\"52\":\"1\",\"51\":[\"57\"],\"40\":{\"44\":{\"type\":\"showVideos\",\"enabled\":\"1\",\"fields\":{\"videoUrl\":\"https:\\/\\/www.youtube.com\\/watch?v=uuAZDCEWEpk\"}},\"45\":{\"type\":\"showCopy\",\"enabled\":\"1\",\"fields\":{\"text\":\"\\u05dc\\u05ea\\u05e8\\u05d5\\u05dd \\u05e8\\u05d1\\u05be\\u05dc\\u05e9\\u05d5\\u05e0\\u05d9 \\u05d6\\u05d0\\u05ea \\u05d1\\u05d4, \\u05e6\'\\u05d8 \\u05d0\\u05d5\\u05d3\\u05d5\\u05ea \\u05d4\\u05e7\\u05d4\\u05d9\\u05dc\\u05d4 \\u05dc\\u05de\\u05ea\\u05d7\\u05d9\\u05dc\\u05d9\\u05dd \\u05d2\\u05dd. \\u05d0\\u05ea \\u05d0\\u05d7\\u05e8 \\u05de\\u05d9\\u05d6\\u05de\\u05d9\\u05dd \\u05d5\\u05d4\\u05d2\\u05d5\\u05dc\\u05e9\\u05d9\\u05dd \\u05de\\u05d5\\u05e0\\u05d7\\u05d5\\u05e0\\u05d9\\u05dd, \\u05de\\u05d3\\u05e2 \\u05ea\\u05e8\\u05d1\\u05d5\\u05ea \\u05e9\\u05d0\\u05dc\\u05d5\\u05ea \\u05e2\\u05e1\\u05e7\\u05d9\\u05dd \\u05d1\\u05d4, \\u05e2\\u05dc \\u05de\\u05d7\\u05dc\\u05d9\\u05d8\\u05d4 \\u05e0\\u05d1\\u05d7\\u05e8\\u05d9\\u05dd \\u05d5\\u05de\\u05d4\\u05d9\\u05de\\u05e0\\u05d4 \\u05de\\u05d3\\u05e2. \\u05d1\\u05e8\\u05d9\\u05ea \\u05e7\\u05e8\\u05d9\\u05de\\u05d9\\u05e0\\u05d5\\u05dc\\u05d5\\u05d2\\u05d9\\u05d4 \\u05e1\\u05d3\\u05e8 \\u05d1, \\u05d3\\u05e4\\u05d9\\u05dd \\u05e8\\u05d5\\u05e1\\u05d9\\u05ea \\u05e0\\u05d1\\u05d7\\u05e8\\u05d9\\u05dd \\u05de\\u05ea\\u05df \\u05d2\\u05dd. \\u05d0\\u05dd \\u05e2\\u05d5\\u05d3 \\u05d4\\u05ea\\u05d5\\u05db\\u05df \\u05d5\\u05e7\\u05e9\\u05e7\\u05e9. \\u05dc\\u05ea\\u05e8\\u05d5\\u05dd \\u05e8\\u05d1\\u05be\\u05dc\\u05e9\\u05d5\\u05e0\\u05d9 \\u05d6\\u05d0\\u05ea \\u05d1\\u05d4, \\u05e6\'\\u05d8 \\u05d0\\u05d5\\u05d3\\u05d5\\u05ea \\u05d4\\u05e7\\u05d4\\u05d9\\u05dc\\u05d4 \\u05dc\\u05de\\u05ea\\u05d7\\u05d9\\u05dc\\u05d9\\u05dd \\u05d2\\u05dd. \\u05d0\\u05ea \\u05d0\\u05d7\\u05e8 \\u05de\\u05d9\\u05d6\\u05de\\u05d9\\u05dd \\u05d5\\u05d4\\u05d2\\u05d5\\u05dc\\u05e9\\u05d9\\u05dd \\u05de\\u05d5\\u05e0\\u05d7\\u05d5\\u05e0\\u05d9\\u05dd, \\u05de\\u05d3\\u05e2 \\u05ea\\u05e8\\u05d1\\u05d5\\u05ea \\u05e9\\u05d0\\u05dc\\u05d5\\u05ea \\u05e2\\u05e1\\u05e7\\u05d9\\u05dd \\u05d1\\u05d4, \\u05e2\\u05dc \\u05de\\u05d7\\u05dc\\u05d9\\u05d8\\u05d4 \\u05e0\\u05d1\\u05d7\\u05e8\\u05d9\\u05dd \\u05d5\\u05de\\u05d4\\u05d9\\u05de\\u05e0\\u05d4 \\u05de\\u05d3\\u05e2. \\u05d1\\u05e8\\u05d9\\u05ea \\u05e7\\u05e8\\u05d9\\u05de\\u05d9\\u05e0\\u05d5\\u05dc\\u05d5\\u05d2\\u05d9\\u05d4 \\u05e1\\u05d3\\u05e8 \\u05d1, \\u05d3\\u05e4\\u05d9\\u05dd \\u05e8\\u05d5\\u05e1\\u05d9\\u05ea \\u05e0\\u05d1\\u05d7\\u05e8\\u05d9\\u05dd \\u05de\\u05ea\\u05df \\u05d2\\u05dd. \\u05d0\\u05dd \\u05e2\\u05d5\\u05d3 \\u05d4\\u05ea\\u05d5\\u05db\\u05df \\u05d5\\u05e7\\u05e9\\u05e7\\u05e9. \\u05dc\\u05ea\\u05e8\\u05d5\\u05dd \\u05e8\\u05d1\\u05be\\u05dc\\u05e9\\u05d5\\u05e0\\u05d9 \\u05d6\\u05d0\\u05ea \\u05d1\\u05d4, \\u05e6\'\\u05d8 \\u05d0\\u05d5\\u05d3\\u05d5\\u05ea \\u05d4\\u05e7\\u05d4\\u05d9\\u05dc\\u05d4 \\u05dc\\u05de\\u05ea\\u05d7\\u05d9\\u05dc\\u05d9\\u05dd \\u05d2\\u05dd. \\u05d0\\u05ea \\u05d0\\u05d7\\u05e8 \\u05de\\u05d9\\u05d6\\u05de\\u05d9\\u05dd \\u05d5\\u05d4\\u05d2\\u05d5\\u05dc\\u05e9\\u05d9\\u05dd \\u05de\\u05d5\\u05e0\\u05d7\\u05d5\\u05e0\\u05d9\\u05dd, \\u05de\\u05d3\\u05e2 \\u05ea\\u05e8\\u05d1\\u05d5\\u05ea \\u05e9\\u05d0\\u05dc\\u05d5\\u05ea \\u05e2\\u05e1\\u05e7\\u05d9\\u05dd \\u05d1\\u05d4, \\u05e2\\u05dc \\u05de\\u05d7\\u05dc\\u05d9\\u05d8\\u05d4 \\u05e0\\u05d1\\u05d7\\u05e8\\u05d9\\u05dd \\u05d5\\u05de\\u05d4\\u05d9\\u05de\\u05e0\\u05d4 \\u05de\\u05d3\\u05e2. \\u05d1\\u05e8\\u05d9\\u05ea \\u05e7\\u05e8\\u05d9\\u05de\\u05d9\\u05e0\\u05d5\\u05dc\\u05d5\\u05d2\\u05d9\\u05d4 \\u05e1\\u05d3\\u05e8 \\u05d1, \\u05d3\\u05e4\\u05d9\\u05dd \\u05e8\\u05d5\\u05e1\\u05d9\\u05ea \\u05e0\\u05d1\\u05d7\\u05e8\\u05d9\\u05dd \\u05de\\u05ea\\u05df \\u05d2\\u05dd. \\u05d0\\u05dd \\u05e2\\u05d5\\u05d3 \\u05d4\\u05ea\\u05d5\\u05db\\u05df \\u05d5\\u05e7\\u05e9\\u05e7\\u05e9. \\u05dc\\u05ea\\u05e8\\u05d5\\u05dd \\u05e8\\u05d1\\u05be\\u05dc\\u05e9\\u05d5\\u05e0\\u05d9 \\u05d6\\u05d0\\u05ea \\u05d1\\u05d4, \\u05e6\'\\u05d8 \\u05d0\\u05d5\\u05d3\\u05d5\\u05ea \\u05d4\\u05e7\\u05d4\\u05d9\\u05dc\\u05d4 \\u05dc\\u05de\\u05ea\\u05d7\\u05d9\\u05dc\\u05d9\\u05dd \\u05d2\\u05dd. \\u05d0\\u05ea \\u05d0\\u05d7\\u05e8 \\u05de\\u05d9\\u05d6\\u05de\\u05d9\\u05dd \\u05d5\\u05d4\\u05d2\\u05d5\\u05dc\\u05e9\\u05d9\\u05dd \\u05de\\u05d5\\u05e0\\u05d7\\u05d5\\u05e0\\u05d9\\u05dd, \\u05de\\u05d3\\u05e2 \\u05ea\\u05e8\\u05d1\\u05d5\\u05ea \\u05e9\\u05d0\\u05dc\\u05d5\\u05ea \\u05e2\\u05e1\\u05e7\\u05d9\\u05dd \\u05d1\\u05d4, \\u05e2\\u05dc \\u05de\\u05d7\\u05dc\\u05d9\\u05d8\\u05d4 \\u05e0\\u05d1\\u05d7\\u05e8\\u05d9\\u05dd \\u05d5\\u05de\\u05d4\\u05d9\\u05de\\u05e0\\u05d4 \\u05de\\u05d3\\u05e2. \\u05d1\\u05e8\\u05d9\\u05ea \\u05e7\\u05e8\\u05d9\\u05de\\u05d9\\u05e0\\u05d5\\u05dc\\u05d5\\u05d2\\u05d9\\u05d4 \\u05e1\\u05d3\\u05e8 \\u05d1, \\u05d3\\u05e4\\u05d9\\u05dd \\u05e8\\u05d5\\u05e1\\u05d9\\u05ea \\u05e0\\u05d1\\u05d7\\u05e8\\u05d9\\u05dd \\u05de\\u05ea\\u05df \\u05d2\\u05dd. \\u05d0\\u05dd \\u05e2\\u05d5\\u05d3 \\u05d4\\u05ea\\u05d5\\u05db\\u05df \\u05d5\\u05e7\\u05e9\\u05e7\\u05e9.\"}},\"46\":{\"type\":\"showImages\",\"enabled\":\"1\",\"fields\":{\"image\":[\"40\"]}},\"47\":{\"type\":\"showQuote\",\"enabled\":\"1\",\"fields\":{\"quote\":\"\\u05e7\\u05e1\\u05d5\\u05dd , \\u05de\\u05e8\\u05d2\\u05e9 , \\u05de\\u05d2\\u05e0\\u05d9\\u05d1 ...\\u05d7\\u05d5\\u05d1\\u05d4 \\u05dc\\u05e8\\u05d0\\u05d5\\u05ea !\",\"source\":\"\\u05d5\\u05d5\\u05d9\\u05d9\\u05db\\u05d9\\u05e0\\u05d3, \\u05de\\u05d9\\u05dc\\u05d0\\u05e0\\u05d5\"}},\"48\":{\"type\":\"showImages\",\"enabled\":\"1\",\"fields\":{\"image\":[\"41\"]}},\"49\":{\"type\":\"showImages\",\"enabled\":\"1\",\"fields\":{\"image\":[\"42\"]}}},\"53\":[\"59\"],\"47\":{\"50\":{\"type\":\"ticketInformation\",\"enabled\":\"1\",\"fields\":{\"theaterName\":\"\\u05d4\\u05ea\\u05d9\\u05d0\\u05d8\\u05e8\\u05d5\\u05df \\u05d4\\u05dc\\u05d0\\u05d5\\u05de\\u05d9 \\u05d4\\u05e8\\u05e6\\u05dc\\u05d9\\u05d4\",\"showDateTime\":{\"date\":\"2\\/26\\/2017\",\"time\":\"6:00 PM\"},\"purchaseLink\":\"http:\\/\\/google.com\"}},\"51\":{\"type\":\"ticketInformation\",\"enabled\":\"1\",\"fields\":{\"theaterName\":\"\\u05d4\\u05d1\\u05d9\\u05de\\u05d4, \\u05ea\\u05dc \\u05d0\\u05d1\\u05d9\\u05d1\",\"showDateTime\":{\"date\":\"2\\/27\\/2017\",\"time\":\"5:00 PM\"},\"purchaseLink\":\"http:\\/\\/google.com\"}},\"52\":{\"type\":\"ticketInformation\",\"enabled\":\"1\",\"fields\":{\"theaterName\":\"\\u05d4\\u05d1\\u05d9\\u05de\\u05d4, \\u05ea\\u05dc \\u05d0\\u05d1\\u05d9\\u05d1\",\"showDateTime\":{\"date\":\"2\\/27\\/2017\",\"time\":\"9:00 PM\"},\"purchaseLink\":\"http:\\/\\/google.com\"}},\"53\":{\"type\":\"ticketInformation\",\"enabled\":\"1\",\"fields\":{\"theaterName\":\"\\u05ea\\u05d9\\u05d0\\u05d8\\u05e8\\u05d5\\u05df \\u05d9\\u05e8\\u05d5\\u05e9\\u05dc\\u05d9\\u05dd\",\"showDateTime\":{\"date\":\"2\\/28\\/2017\",\"time\":\"7:00 PM\"},\"purchaseLink\":\"http:\\/\\/google.com\"}}}}}', '2017-02-22 20:05:20', '2017-02-22 20:05:20', '6184ec6c-6564-4553-8c9f-3312c3e0f071'),
 ('20', '60', '5', '1', 'en_us', '1', '', '{\"typeId\":null,\"authorId\":\"1\",\"title\":\"Pixel\",\"slug\":\"pixel-1\",\"postDate\":1487631000,\"expiryDate\":null,\"enabled\":1,\"parentId\":null,\"fields\":{\"37\":\"Kafig, Paris, France\",\"38\":{\"date\":\"2\\/28\\/2017\"},\"39\":{\"date\":\"2\\/26\\/2017\"},\"52\":\"1\",\"51\":[\"57\"],\"40\":{\"44\":{\"type\":\"showVideos\",\"enabled\":\"1\",\"fields\":{\"videoUrl\":\"https:\\/\\/www.youtube.com\\/watch?v=uuAZDCEWEpk\"}},\"45\":{\"type\":\"showCopy\",\"enabled\":\"1\",\"fields\":{\"text\":\"eVolution Dance Theater from Italy comes to Israel with it\\u2019s  \\u00a0Creativity-in-Motion spectacular show \\u201celectriCity\\u201d: an exciting fusion of Dance, Art, Acrobatics, Magic and illusion, using an exciting mix \\u2028of science and art to create a truly unique experience,\\u00a0combining black light and shadows with acrobatic dance , video art and visual illusions. The company has for the last seven years toured the world captivating audiences with their unique performances. As well as creating shows for The National Ballet Company in Florence, Italy\'s Got Talent , and most recently creating the new hit Show \\\"The Magic of Light\\\" for Disney Cruise Lines.\\u00a0 Founded by an American Artist, Anthony Heinl, and based in Rome Italy, \\u00a0Evolution Dance Theater is dedicated to creating new and innovative techniques for the stage\"}},\"46\":{\"type\":\"showImages\",\"enabled\":\"1\",\"fields\":{\"image\":[\"40\"]}},\"47\":{\"type\":\"showQuote\",\"enabled\":\"1\",\"fields\":{\"quote\":\"Magical, exciting, cool... a must-see!\",\"source\":\"Weekend Milano\"}},\"48\":{\"type\":\"showImages\",\"enabled\":\"1\",\"fields\":{\"image\":[\"41\"]}},\"49\":{\"type\":\"showImages\",\"enabled\":\"1\",\"fields\":{\"image\":[\"42\"]}}},\"53\":[\"59\"],\"47\":{\"50\":{\"type\":\"ticketInformation\",\"enabled\":\"1\",\"fields\":{\"theaterName\":\"Herzliiya National Thater\",\"showDateTime\":{\"date\":\"2\\/26\\/2017\",\"time\":\"6:00 PM\"},\"purchaseLink\":\"http:\\/\\/google.com\"}},\"51\":{\"type\":\"ticketInformation\",\"enabled\":\"1\",\"fields\":{\"theaterName\":\"Habima, Tel Aviv\",\"showDateTime\":{\"date\":\"2\\/27\\/2017\",\"time\":\"5:00 PM\"},\"purchaseLink\":\"http:\\/\\/google.com\"}},\"52\":{\"type\":\"ticketInformation\",\"enabled\":\"1\",\"fields\":{\"theaterName\":\"Habima, Tel-Aviv\",\"showDateTime\":{\"date\":\"2\\/27\\/2017\",\"time\":\"9:00 PM\"},\"purchaseLink\":\"http:\\/\\/google.com\"}},\"53\":{\"type\":\"ticketInformation\",\"enabled\":\"1\",\"fields\":{\"theaterName\":\"Jerusalem Theater\",\"showDateTime\":{\"date\":\"2\\/28\\/2017\",\"time\":\"7:00 PM\"},\"purchaseLink\":\"http:\\/\\/google.com\"}}}}}', '2017-02-22 20:14:44', '2017-02-22 20:14:44', '46687da4-81a3-4c14-aec3-69e5bfdb0a38'),
 ('21', '60', '5', '1', 'en_us', '2', '', '{\"typeId\":\"5\",\"authorId\":\"1\",\"title\":\"Cinderella\",\"slug\":\"pixel-1\",\"postDate\":1487631000,\"expiryDate\":null,\"enabled\":1,\"parentId\":null,\"fields\":{\"37\":\"Ballet Sao Paulo, Brazil\",\"38\":{\"date\":\"3\\/30\\/2017\"},\"39\":{\"date\":\"3\\/15\\/2017\"},\"52\":\"1\",\"51\":[\"71\"],\"40\":{\"61\":{\"type\":\"showVideos\",\"enabled\":\"1\",\"fields\":{\"videoUrl\":\"https:\\/\\/www.youtube.com\\/watch?v=uuAZDCEWEpk\"}},\"62\":{\"type\":\"showCopy\",\"enabled\":\"1\",\"fields\":{\"text\":\"eVolution Dance Theater from Italy comes to Israel with it\\u2019s  \\u00a0Creativity-in-Motion spectacular show \\u201celectriCity\\u201d: an exciting fusion of Dance, Art, Acrobatics, Magic and illusion, using an exciting mix \\u2028of science and art to create a truly unique experience,\\u00a0combining black light and shadows with acrobatic dance , video art and visual illusions. The company has for the last seven years toured the world captivating audiences with their unique performances. As well as creating shows for The National Ballet Company in Florence, Italy\'s Got Talent , and most recently creating the new hit Show \\\"The Magic of Light\\\" for Disney Cruise Lines.\\u00a0 Founded by an American Artist, Anthony Heinl, and based in Rome Italy, \\u00a0Evolution Dance Theater is dedicated to creating new and innovative techniques for the stage\"}},\"63\":{\"type\":\"showImages\",\"enabled\":\"1\",\"fields\":{\"image\":[\"40\"]}},\"64\":{\"type\":\"showQuote\",\"enabled\":\"1\",\"fields\":{\"quote\":\"Magical, exciting, cool... a must-see!\",\"source\":\"Weekend Milano\"}},\"65\":{\"type\":\"showImages\",\"enabled\":\"1\",\"fields\":{\"image\":[\"41\"]}},\"66\":{\"type\":\"showImages\",\"enabled\":\"1\",\"fields\":{\"image\":[\"42\"]}}},\"53\":\"\",\"47\":{\"67\":{\"type\":\"ticketInformation\",\"enabled\":\"1\",\"fields\":{\"theaterName\":\"Herzliiya National Thater\",\"showDateTime\":{\"date\":\"2\\/26\\/2017\",\"time\":\"6:00 PM\"},\"purchaseLink\":\"http:\\/\\/google.com\"}},\"68\":{\"type\":\"ticketInformation\",\"enabled\":\"1\",\"fields\":{\"theaterName\":\"Habima, Tel Aviv\",\"showDateTime\":{\"date\":\"2\\/27\\/2017\",\"time\":\"5:00 PM\"},\"purchaseLink\":\"http:\\/\\/google.com\"}},\"69\":{\"type\":\"ticketInformation\",\"enabled\":\"1\",\"fields\":{\"theaterName\":\"Habima, Tel-Aviv\",\"showDateTime\":{\"date\":\"2\\/27\\/2017\",\"time\":\"9:00 PM\"},\"purchaseLink\":\"http:\\/\\/google.com\"}},\"70\":{\"type\":\"ticketInformation\",\"enabled\":\"1\",\"fields\":{\"theaterName\":\"Jerusalem Theater\",\"showDateTime\":{\"date\":\"2\\/28\\/2017\",\"time\":\"7:00 PM\"},\"purchaseLink\":\"http:\\/\\/google.com\"}}}}}', '2017-02-22 20:15:58', '2017-02-22 20:15:58', 'ff1f11e8-c0b2-489e-8ea4-955a23f19d23'),
 ('22', '60', '5', '1', 'en_us', '3', '', '{\"typeId\":\"5\",\"authorId\":\"1\",\"title\":\"Cinderella\",\"slug\":\"cinderella\",\"postDate\":1487631000,\"expiryDate\":null,\"enabled\":1,\"parentId\":null,\"fields\":{\"37\":\"Ballet Sao Paulo, Brazil\",\"38\":{\"date\":\"3\\/30\\/2017\"},\"39\":{\"date\":\"3\\/15\\/2017\"},\"52\":\"1\",\"51\":[\"71\"],\"40\":{\"61\":{\"type\":\"showVideos\",\"enabled\":\"1\",\"fields\":{\"videoUrl\":\"https:\\/\\/www.youtube.com\\/watch?v=uuAZDCEWEpk\"}},\"62\":{\"type\":\"showCopy\",\"enabled\":\"1\",\"fields\":{\"text\":\"eVolution Dance Theater from Italy comes to Israel with it\\u2019s  \\u00a0Creativity-in-Motion spectacular show \\u201celectriCity\\u201d: an exciting fusion of Dance, Art, Acrobatics, Magic and illusion, using an exciting mix \\u2028of science and art to create a truly unique experience,\\u00a0combining black light and shadows with acrobatic dance , video art and visual illusions. The company has for the last seven years toured the world captivating audiences with their unique performances. As well as creating shows for The National Ballet Company in Florence, Italy\'s Got Talent , and most recently creating the new hit Show \\\"The Magic of Light\\\" for Disney Cruise Lines.\\u00a0 Founded by an American Artist, Anthony Heinl, and based in Rome Italy, \\u00a0Evolution Dance Theater is dedicated to creating new and innovative techniques for the stage\"}},\"63\":{\"type\":\"showImages\",\"enabled\":\"1\",\"fields\":{\"image\":[\"40\"]}},\"64\":{\"type\":\"showQuote\",\"enabled\":\"1\",\"fields\":{\"quote\":\"Magical, exciting, cool... a must-see!\",\"source\":\"Weekend Milano\"}},\"65\":{\"type\":\"showImages\",\"enabled\":\"1\",\"fields\":{\"image\":[\"41\"]}},\"66\":{\"type\":\"showImages\",\"enabled\":\"1\",\"fields\":{\"image\":[\"42\"]}}},\"53\":\"\",\"47\":{\"67\":{\"type\":\"ticketInformation\",\"enabled\":\"1\",\"fields\":{\"theaterName\":\"Herzliiya National Thater\",\"showDateTime\":{\"date\":\"2\\/26\\/2017\",\"time\":\"6:00 PM\"},\"purchaseLink\":\"http:\\/\\/google.com\"}},\"68\":{\"type\":\"ticketInformation\",\"enabled\":\"1\",\"fields\":{\"theaterName\":\"Habima, Tel Aviv\",\"showDateTime\":{\"date\":\"2\\/27\\/2017\",\"time\":\"5:00 PM\"},\"purchaseLink\":\"http:\\/\\/google.com\"}},\"69\":{\"type\":\"ticketInformation\",\"enabled\":\"1\",\"fields\":{\"theaterName\":\"Habima, Tel-Aviv\",\"showDateTime\":{\"date\":\"2\\/27\\/2017\",\"time\":\"9:00 PM\"},\"purchaseLink\":\"http:\\/\\/google.com\"}},\"70\":{\"type\":\"ticketInformation\",\"enabled\":\"1\",\"fields\":{\"theaterName\":\"Jerusalem Theater\",\"showDateTime\":{\"date\":\"2\\/28\\/2017\",\"time\":\"7:00 PM\"},\"purchaseLink\":\"http:\\/\\/google.com\"}}}}}', '2017-02-22 20:16:09', '2017-02-22 20:16:09', '92ba6427-6406-41dc-9b07-67abdf8db42d'),
 ('23', '60', '5', '1', 'en_us', '4', '', '{\"typeId\":\"5\",\"authorId\":\"1\",\"title\":\"Cinderella\",\"slug\":\"cinderella\",\"postDate\":1487631000,\"expiryDate\":null,\"enabled\":1,\"parentId\":null,\"fields\":{\"37\":\"Ballet Sao Paulo, Brazil\",\"38\":{\"date\":\"3\\/30\\/2017\"},\"39\":{\"date\":\"3\\/15\\/2017\"},\"52\":\"\",\"51\":[\"71\"],\"40\":{\"61\":{\"type\":\"showVideos\",\"enabled\":\"1\",\"fields\":{\"videoUrl\":\"https:\\/\\/www.youtube.com\\/watch?v=uuAZDCEWEpk\"}},\"62\":{\"type\":\"showCopy\",\"enabled\":\"1\",\"fields\":{\"text\":\"eVolution Dance Theater from Italy comes to Israel with it\\u2019s  \\u00a0Creativity-in-Motion spectacular show \\u201celectriCity\\u201d: an exciting fusion of Dance, Art, Acrobatics, Magic and illusion, using an exciting mix \\u2028of science and art to create a truly unique experience,\\u00a0combining black light and shadows with acrobatic dance , video art and visual illusions. The company has for the last seven years toured the world captivating audiences with their unique performances. As well as creating shows for The National Ballet Company in Florence, Italy\'s Got Talent , and most recently creating the new hit Show \\\"The Magic of Light\\\" for Disney Cruise Lines.\\u00a0 Founded by an American Artist, Anthony Heinl, and based in Rome Italy, \\u00a0Evolution Dance Theater is dedicated to creating new and innovative techniques for the stage\"}},\"63\":{\"type\":\"showImages\",\"enabled\":\"1\",\"fields\":{\"image\":[\"40\"]}},\"64\":{\"type\":\"showQuote\",\"enabled\":\"1\",\"fields\":{\"quote\":\"Magical, exciting, cool... a must-see!\",\"source\":\"Weekend Milano\"}},\"65\":{\"type\":\"showImages\",\"enabled\":\"1\",\"fields\":{\"image\":[\"41\"]}},\"66\":{\"type\":\"showImages\",\"enabled\":\"1\",\"fields\":{\"image\":[\"42\"]}}},\"53\":[\"72\"],\"47\":{\"67\":{\"type\":\"ticketInformation\",\"enabled\":\"1\",\"fields\":{\"theaterName\":\"Herzliiya National Thater\",\"showDateTime\":{\"date\":\"2\\/26\\/2017\",\"time\":\"6:00 PM\"},\"purchaseLink\":\"http:\\/\\/google.com\"}},\"68\":{\"type\":\"ticketInformation\",\"enabled\":\"1\",\"fields\":{\"theaterName\":\"Habima, Tel Aviv\",\"showDateTime\":{\"date\":\"2\\/27\\/2017\",\"time\":\"5:00 PM\"},\"purchaseLink\":\"http:\\/\\/google.com\"}},\"69\":{\"type\":\"ticketInformation\",\"enabled\":\"1\",\"fields\":{\"theaterName\":\"Habima, Tel-Aviv\",\"showDateTime\":{\"date\":\"2\\/27\\/2017\",\"time\":\"9:00 PM\"},\"purchaseLink\":\"http:\\/\\/google.com\"}},\"70\":{\"type\":\"ticketInformation\",\"enabled\":\"1\",\"fields\":{\"theaterName\":\"Jerusalem Theater\",\"showDateTime\":{\"date\":\"2\\/28\\/2017\",\"time\":\"7:00 PM\"},\"purchaseLink\":\"http:\\/\\/google.com\"}}}}}', '2017-02-22 20:17:23', '2017-02-22 20:17:23', 'accb59ed-ab02-439b-a9fa-0ade7169d9d4'),
 ('24', '60', '5', '1', 'he', '1', '', '{\"typeId\":\"5\",\"authorId\":\"1\",\"title\":\"\\u05dc\\u05b4\\u05db\\u05dc\\u05d5\\u05bc\\u05db\\u05b4\\u05d9\\u05ea\",\"slug\":\"pixel-1\",\"postDate\":1487631000,\"expiryDate\":null,\"enabled\":1,\"parentId\":null,\"fields\":{\"37\":\"\\u05d1\\u05dc\\u05d8 \\u05e1\\u05d0\\u05d5 \\u05e4\\u05d0\\u05d5\\u05dc\\u05d5, \\u05d1\\u05e8\\u05d6\\u05d9\\u05dc\",\"38\":{\"date\":\"3\\/30\\/2017\"},\"39\":{\"date\":\"3\\/15\\/2017\"},\"52\":\"\",\"51\":[\"71\"],\"40\":{\"61\":{\"type\":\"showVideos\",\"enabled\":\"1\",\"fields\":{\"videoUrl\":\"https:\\/\\/www.youtube.com\\/watch?v=uuAZDCEWEpk\"}},\"62\":{\"type\":\"showCopy\",\"enabled\":\"1\",\"fields\":{\"text\":\"eVolution Dance Theater from Italy comes to Israel with it\\u2019s  \\u00a0Creativity-in-Motion spectacular show \\u201celectriCity\\u201d: an exciting fusion of Dance, Art, Acrobatics, Magic and illusion, using an exciting mix \\u2028of science and art to create a truly unique experience,\\u00a0combining black light and shadows with acrobatic dance , video art and visual illusions. The company has for the last seven years toured the world captivating audiences with their unique performances. As well as creating shows for The National Ballet Company in Florence, Italy\'s Got Talent , and most recently creating the new hit Show \\\"The Magic of Light\\\" for Disney Cruise Lines.\\u00a0 Founded by an American Artist, Anthony Heinl, and based in Rome Italy, \\u00a0Evolution Dance Theater is dedicated to creating new and innovative techniques for the stage\"}},\"63\":{\"type\":\"showImages\",\"enabled\":\"1\",\"fields\":{\"image\":[\"40\"]}},\"64\":{\"type\":\"showQuote\",\"enabled\":\"1\",\"fields\":{\"quote\":\"Magical, exciting, cool... a must-see!\",\"source\":\"Weekend Milano\"}},\"65\":{\"type\":\"showImages\",\"enabled\":\"1\",\"fields\":{\"image\":[\"41\"]}},\"66\":{\"type\":\"showImages\",\"enabled\":\"1\",\"fields\":{\"image\":[\"42\"]}}},\"53\":[\"72\"],\"47\":{\"67\":{\"type\":\"ticketInformation\",\"enabled\":\"1\",\"fields\":{\"theaterName\":\"Herzliiya National Thater\",\"showDateTime\":{\"date\":\"2\\/26\\/2017\",\"time\":\"6:00 PM\"},\"purchaseLink\":\"http:\\/\\/google.com\"}},\"68\":{\"type\":\"ticketInformation\",\"enabled\":\"1\",\"fields\":{\"theaterName\":\"Habima, Tel Aviv\",\"showDateTime\":{\"date\":\"2\\/27\\/2017\",\"time\":\"5:00 PM\"},\"purchaseLink\":\"http:\\/\\/google.com\"}},\"69\":{\"type\":\"ticketInformation\",\"enabled\":\"1\",\"fields\":{\"theaterName\":\"Habima, Tel-Aviv\",\"showDateTime\":{\"date\":\"2\\/27\\/2017\",\"time\":\"9:00 PM\"},\"purchaseLink\":\"http:\\/\\/google.com\"}},\"70\":{\"type\":\"ticketInformation\",\"enabled\":\"1\",\"fields\":{\"theaterName\":\"Jerusalem Theater\",\"showDateTime\":{\"date\":\"2\\/28\\/2017\",\"time\":\"7:00 PM\"},\"purchaseLink\":\"http:\\/\\/google.com\"}}}}}', '2017-02-22 20:18:44', '2017-02-22 20:18:44', '6814b6eb-6e2c-4ec2-9c25-5f8dfa45cf5f'),
 ('25', '73', '8', '1', 'en_us', '1', NULL, '{\"typeId\":\"8\",\"authorId\":null,\"title\":\"Past Shows\",\"slug\":\"past-shows\",\"postDate\":1487796320,\"expiryDate\":null,\"enabled\":1,\"parentId\":null,\"fields\":[]}', '2017-02-22 20:45:21', '2017-02-22 20:45:21', '4bc13fa9-e856-4661-9321-81c6ed2d9016'),
 ('27', '77', '6', '1', 'en_us', '1', '', '{\"typeId\":null,\"authorId\":\"1\",\"title\":\"Kafig\",\"slug\":\"kafig-1\",\"postDate\":null,\"expiryDate\":null,\"enabled\":0,\"parentId\":null,\"fields\":{\"33\":\"http:\\/\\/google.com\",\"34\":\"France\",\"35\":\"The word kafig, choreographer Mourad Merzouki explains, carries almost the same meaning in Arabic and German: it refers to a cage. Merzouki used the word as the title of the first piece he made in 1996, for six dancers. He also took it as the name of his company, a group of contemporary hip hop- based dancers whose animal energy, street-savvy instincts and theatrical intelligence flatten any barriers between spectator and performer. In Merzouki\\u2019s case,\\u2018kafig\\u2019 equals liberation.\",\"36\":[\"76\"]}}', '2017-02-22 21:00:43', '2017-02-22 21:00:43', '50899f8f-96c7-49e9-a0bf-7ccca620b597'),
 ('28', '77', '6', '1', 'he', '1', '', '{\"typeId\":\"6\",\"authorId\":\"1\",\"title\":\"Kafig Hebrew\",\"slug\":\"kafig-1\",\"postDate\":null,\"expiryDate\":null,\"enabled\":0,\"parentId\":null,\"fields\":{\"33\":\"http:\\/\\/google.com\",\"34\":\"France\",\"35\":\"The word kafig, choreographer Mourad Merzouki explains, carries almost the same meaning in Arabic and German: it refers to a cage. Merzouki used the word as the title of the first piece he made in 1996, for six dancers. He also took it as the name of his company, a group of contemporary hip hop- based dancers whose animal energy, street-savvy instincts and theatrical intelligence flatten any barriers between spectator and performer. In Merzouki\\u2019s case,\\u2018kafig\\u2019 equals liberation.\",\"36\":[\"76\"]}}', '2017-02-22 21:00:59', '2017-02-22 21:00:59', 'fd221401-7ef2-4186-8208-7cd4a556329c'),
 ('29', '77', '6', '1', 'en_us', '2', '', '{\"typeId\":\"6\",\"authorId\":\"1\",\"title\":\"Kafig\",\"slug\":\"kafig-1\",\"postDate\":1487797293,\"expiryDate\":null,\"enabled\":1,\"parentId\":null,\"fields\":{\"33\":\"http:\\/\\/google.com\",\"34\":\"France\",\"35\":\"The word kafig, choreographer Mourad Merzouki explains, carries almost the same meaning in Arabic and German: it refers to a cage. Merzouki used the word as the title of the first piece he made in 1996, for six dancers. He also took it as the name of his company, a group of contemporary hip hop- based dancers whose animal energy, street-savvy instincts and theatrical intelligence flatten any barriers between spectator and performer. In Merzouki\\u2019s case,\\u2018kafig\\u2019 equals liberation.\",\"36\":[\"76\"]}}', '2017-02-22 21:01:33', '2017-02-22 21:01:33', '7a79c21c-9997-4eb0-bda1-4573203d3704'),
 ('30', '39', '5', '1', 'en_us', '13', '', '{\"typeId\":\"5\",\"authorId\":\"1\",\"title\":\"Pixel\",\"slug\":\"pixel\",\"postDate\":1487631000,\"expiryDate\":null,\"enabled\":1,\"parentId\":null,\"fields\":{\"37\":\"Kafig, Paris, France\",\"38\":{\"date\":\"2\\/28\\/2017\"},\"39\":{\"date\":\"2\\/26\\/2017\"},\"52\":\"1\",\"51\":[\"57\"],\"40\":{\"44\":{\"type\":\"showVideos\",\"enabled\":\"1\",\"fields\":{\"videoUrl\":\"https:\\/\\/www.youtube.com\\/watch?v=uuAZDCEWEpk\"}},\"45\":{\"type\":\"showCopy\",\"enabled\":\"1\",\"fields\":{\"text\":\"eVolution Dance Theater from Italy comes to Israel with it\\u2019s Creativity-in-Motion spectacular show \\u201celectriCity\\u201d: an exciting fusion of Dance, Art, Acrobatics, Magic and illusion, using an exciting mix \\u2028of science and art to create a truly unique experience,\\u00a0combining black light and shadows with acrobatic dance , video art and visual illusions. The company has for the last seven years toured the world captivating audiences with their unique performances. As well as creating shows for The National Ballet Company in Florence, Italy\'s Got Talent , and most recently creating the new hit Show \\\"The Magic of Light\\\" for Disney Cruise Lines.\\u00a0 Founded by an American Artist, Anthony Heinl, and based in Rome Italy, \\u00a0Evolution Dance Theater is dedicated to creating new and innovative techniques for the stage\"}},\"46\":{\"type\":\"showImages\",\"enabled\":\"1\",\"fields\":{\"image\":[\"40\"]}},\"47\":{\"type\":\"showQuote\",\"enabled\":\"1\",\"fields\":{\"quote\":\"Magical, exciting, cool... a must-see!\",\"source\":\"Weekend Milano\"}},\"48\":{\"type\":\"showImages\",\"enabled\":\"1\",\"fields\":{\"image\":[\"41\"]}},\"49\":{\"type\":\"showImages\",\"enabled\":\"1\",\"fields\":{\"image\":[\"42\"]}}},\"54\":\"eVolution Dance Theater from Italy comes to Israel with it\\u2019s Creativity-in-Motion spectacular show \\u201celectriCity\\u201d: an exciting fusion of Dance, Art, Acrobatics, Magic and illusion, using an exciting mix \\u2028of science and art to create a truly unique experience,\\u00a0combining black...\",\"53\":[\"59\"],\"47\":{\"50\":{\"type\":\"ticketInformation\",\"enabled\":\"1\",\"fields\":{\"theaterName\":\"Herzliiya National Thater\",\"showDateTime\":{\"date\":\"2\\/26\\/2017\",\"time\":\"6:00 PM\"},\"purchaseLink\":\"http:\\/\\/google.com\"}},\"51\":{\"type\":\"ticketInformation\",\"enabled\":\"1\",\"fields\":{\"theaterName\":\"Habima, Tel Aviv\",\"showDateTime\":{\"date\":\"2\\/27\\/2017\",\"time\":\"5:00 PM\"},\"purchaseLink\":\"http:\\/\\/google.com\"}},\"52\":{\"type\":\"ticketInformation\",\"enabled\":\"1\",\"fields\":{\"theaterName\":\"Habima, Tel-Aviv\",\"showDateTime\":{\"date\":\"2\\/27\\/2017\",\"time\":\"9:00 PM\"},\"purchaseLink\":\"http:\\/\\/google.com\"}},\"53\":{\"type\":\"ticketInformation\",\"enabled\":\"1\",\"fields\":{\"theaterName\":\"Jerusalem Theater\",\"showDateTime\":{\"date\":\"2\\/28\\/2017\",\"time\":\"7:00 PM\"},\"purchaseLink\":\"http:\\/\\/google.com\"}}}}}', '2017-02-22 21:46:27', '2017-02-22 21:46:27', 'c38a7e4a-458e-4261-99fc-1fc2825430f8'),
 ('31', '39', '5', '1', 'he', '5', '', '{\"typeId\":\"5\",\"authorId\":\"1\",\"title\":\"\\u05e4\\u05d9\\u05e7\\u05e1\\u05dc\",\"slug\":\"pixel\",\"postDate\":1487631000,\"expiryDate\":null,\"enabled\":1,\"parentId\":null,\"fields\":{\"37\":\"\\u05e7\\u05d0\\u05e4\\u05d9\\u05d2, \\u05e4\\u05bc\\u05e8\\u05d9\\u05e1, \\u05e6\\u05d5\\u05e8\\u05e4\\u05d0\\u05ea\",\"38\":{\"date\":\"2\\/28\\/2017\"},\"39\":{\"date\":\"2\\/26\\/2017\"},\"52\":\"1\",\"51\":[\"57\"],\"40\":{\"44\":{\"type\":\"showVideos\",\"enabled\":\"1\",\"fields\":{\"videoUrl\":\"https:\\/\\/www.youtube.com\\/watch?v=uuAZDCEWEpk\"}},\"45\":{\"type\":\"showCopy\",\"enabled\":\"1\",\"fields\":{\"text\":\"\\u05dc\\u05ea\\u05e8\\u05d5\\u05dd \\u05e8\\u05d1\\u05be\\u05dc\\u05e9\\u05d5\\u05e0\\u05d9 \\u05d6\\u05d0\\u05ea \\u05d1\\u05d4, \\u05e6\'\\u05d8 \\u05d0\\u05d5\\u05d3\\u05d5\\u05ea \\u05d4\\u05e7\\u05d4\\u05d9\\u05dc\\u05d4 \\u05dc\\u05de\\u05ea\\u05d7\\u05d9\\u05dc\\u05d9\\u05dd \\u05d2\\u05dd. \\u05d0\\u05ea \\u05d0\\u05d7\\u05e8 \\u05de\\u05d9\\u05d6\\u05de\\u05d9\\u05dd \\u05d5\\u05d4\\u05d2\\u05d5\\u05dc\\u05e9\\u05d9\\u05dd \\u05de\\u05d5\\u05e0\\u05d7\\u05d5\\u05e0\\u05d9\\u05dd, \\u05de\\u05d3\\u05e2 \\u05ea\\u05e8\\u05d1\\u05d5\\u05ea \\u05e9\\u05d0\\u05dc\\u05d5\\u05ea \\u05e2\\u05e1\\u05e7\\u05d9\\u05dd \\u05d1\\u05d4, \\u05e2\\u05dc \\u05de\\u05d7\\u05dc\\u05d9\\u05d8\\u05d4 \\u05e0\\u05d1\\u05d7\\u05e8\\u05d9\\u05dd \\u05d5\\u05de\\u05d4\\u05d9\\u05de\\u05e0\\u05d4 \\u05de\\u05d3\\u05e2. \\u05d1\\u05e8\\u05d9\\u05ea \\u05e7\\u05e8\\u05d9\\u05de\\u05d9\\u05e0\\u05d5\\u05dc\\u05d5\\u05d2\\u05d9\\u05d4 \\u05e1\\u05d3\\u05e8 \\u05d1, \\u05d3\\u05e4\\u05d9\\u05dd \\u05e8\\u05d5\\u05e1\\u05d9\\u05ea \\u05e0\\u05d1\\u05d7\\u05e8\\u05d9\\u05dd \\u05de\\u05ea\\u05df \\u05d2\\u05dd. \\u05d0\\u05dd \\u05e2\\u05d5\\u05d3 \\u05d4\\u05ea\\u05d5\\u05db\\u05df \\u05d5\\u05e7\\u05e9\\u05e7\\u05e9. \\u05dc\\u05ea\\u05e8\\u05d5\\u05dd \\u05e8\\u05d1\\u05be\\u05dc\\u05e9\\u05d5\\u05e0\\u05d9 \\u05d6\\u05d0\\u05ea \\u05d1\\u05d4, \\u05e6\'\\u05d8 \\u05d0\\u05d5\\u05d3\\u05d5\\u05ea \\u05d4\\u05e7\\u05d4\\u05d9\\u05dc\\u05d4 \\u05dc\\u05de\\u05ea\\u05d7\\u05d9\\u05dc\\u05d9\\u05dd \\u05d2\\u05dd. \\u05d0\\u05ea \\u05d0\\u05d7\\u05e8 \\u05de\\u05d9\\u05d6\\u05de\\u05d9\\u05dd \\u05d5\\u05d4\\u05d2\\u05d5\\u05dc\\u05e9\\u05d9\\u05dd \\u05de\\u05d5\\u05e0\\u05d7\\u05d5\\u05e0\\u05d9\\u05dd, \\u05de\\u05d3\\u05e2 \\u05ea\\u05e8\\u05d1\\u05d5\\u05ea \\u05e9\\u05d0\\u05dc\\u05d5\\u05ea \\u05e2\\u05e1\\u05e7\\u05d9\\u05dd \\u05d1\\u05d4, \\u05e2\\u05dc \\u05de\\u05d7\\u05dc\\u05d9\\u05d8\\u05d4 \\u05e0\\u05d1\\u05d7\\u05e8\\u05d9\\u05dd \\u05d5\\u05de\\u05d4\\u05d9\\u05de\\u05e0\\u05d4 \\u05de\\u05d3\\u05e2. \\u05d1\\u05e8\\u05d9\\u05ea \\u05e7\\u05e8\\u05d9\\u05de\\u05d9\\u05e0\\u05d5\\u05dc\\u05d5\\u05d2\\u05d9\\u05d4 \\u05e1\\u05d3\\u05e8 \\u05d1, \\u05d3\\u05e4\\u05d9\\u05dd \\u05e8\\u05d5\\u05e1\\u05d9\\u05ea \\u05e0\\u05d1\\u05d7\\u05e8\\u05d9\\u05dd \\u05de\\u05ea\\u05df \\u05d2\\u05dd. \\u05d0\\u05dd \\u05e2\\u05d5\\u05d3 \\u05d4\\u05ea\\u05d5\\u05db\\u05df \\u05d5\\u05e7\\u05e9\\u05e7\\u05e9. \\u05dc\\u05ea\\u05e8\\u05d5\\u05dd \\u05e8\\u05d1\\u05be\\u05dc\\u05e9\\u05d5\\u05e0\\u05d9 \\u05d6\\u05d0\\u05ea \\u05d1\\u05d4, \\u05e6\'\\u05d8 \\u05d0\\u05d5\\u05d3\\u05d5\\u05ea \\u05d4\\u05e7\\u05d4\\u05d9\\u05dc\\u05d4 \\u05dc\\u05de\\u05ea\\u05d7\\u05d9\\u05dc\\u05d9\\u05dd \\u05d2\\u05dd. \\u05d0\\u05ea \\u05d0\\u05d7\\u05e8 \\u05de\\u05d9\\u05d6\\u05de\\u05d9\\u05dd \\u05d5\\u05d4\\u05d2\\u05d5\\u05dc\\u05e9\\u05d9\\u05dd \\u05de\\u05d5\\u05e0\\u05d7\\u05d5\\u05e0\\u05d9\\u05dd, \\u05de\\u05d3\\u05e2 \\u05ea\\u05e8\\u05d1\\u05d5\\u05ea \\u05e9\\u05d0\\u05dc\\u05d5\\u05ea \\u05e2\\u05e1\\u05e7\\u05d9\\u05dd \\u05d1\\u05d4, \\u05e2\\u05dc \\u05de\\u05d7\\u05dc\\u05d9\\u05d8\\u05d4 \\u05e0\\u05d1\\u05d7\\u05e8\\u05d9\\u05dd \\u05d5\\u05de\\u05d4\\u05d9\\u05de\\u05e0\\u05d4 \\u05de\\u05d3\\u05e2. \\u05d1\\u05e8\\u05d9\\u05ea \\u05e7\\u05e8\\u05d9\\u05de\\u05d9\\u05e0\\u05d5\\u05dc\\u05d5\\u05d2\\u05d9\\u05d4 \\u05e1\\u05d3\\u05e8 \\u05d1, \\u05d3\\u05e4\\u05d9\\u05dd \\u05e8\\u05d5\\u05e1\\u05d9\\u05ea \\u05e0\\u05d1\\u05d7\\u05e8\\u05d9\\u05dd \\u05de\\u05ea\\u05df \\u05d2\\u05dd. \\u05d0\\u05dd \\u05e2\\u05d5\\u05d3 \\u05d4\\u05ea\\u05d5\\u05db\\u05df \\u05d5\\u05e7\\u05e9\\u05e7\\u05e9. \\u05dc\\u05ea\\u05e8\\u05d5\\u05dd \\u05e8\\u05d1\\u05be\\u05dc\\u05e9\\u05d5\\u05e0\\u05d9 \\u05d6\\u05d0\\u05ea \\u05d1\\u05d4, \\u05e6\'\\u05d8 \\u05d0\\u05d5\\u05d3\\u05d5\\u05ea \\u05d4\\u05e7\\u05d4\\u05d9\\u05dc\\u05d4 \\u05dc\\u05de\\u05ea\\u05d7\\u05d9\\u05dc\\u05d9\\u05dd \\u05d2\\u05dd. \\u05d0\\u05ea \\u05d0\\u05d7\\u05e8 \\u05de\\u05d9\\u05d6\\u05de\\u05d9\\u05dd \\u05d5\\u05d4\\u05d2\\u05d5\\u05dc\\u05e9\\u05d9\\u05dd \\u05de\\u05d5\\u05e0\\u05d7\\u05d5\\u05e0\\u05d9\\u05dd, \\u05de\\u05d3\\u05e2 \\u05ea\\u05e8\\u05d1\\u05d5\\u05ea \\u05e9\\u05d0\\u05dc\\u05d5\\u05ea \\u05e2\\u05e1\\u05e7\\u05d9\\u05dd \\u05d1\\u05d4, \\u05e2\\u05dc \\u05de\\u05d7\\u05dc\\u05d9\\u05d8\\u05d4 \\u05e0\\u05d1\\u05d7\\u05e8\\u05d9\\u05dd \\u05d5\\u05de\\u05d4\\u05d9\\u05de\\u05e0\\u05d4 \\u05de\\u05d3\\u05e2. \\u05d1\\u05e8\\u05d9\\u05ea \\u05e7\\u05e8\\u05d9\\u05de\\u05d9\\u05e0\\u05d5\\u05dc\\u05d5\\u05d2\\u05d9\\u05d4 \\u05e1\\u05d3\\u05e8 \\u05d1, \\u05d3\\u05e4\\u05d9\\u05dd \\u05e8\\u05d5\\u05e1\\u05d9\\u05ea \\u05e0\\u05d1\\u05d7\\u05e8\\u05d9\\u05dd \\u05de\\u05ea\\u05df \\u05d2\\u05dd. \\u05d0\\u05dd \\u05e2\\u05d5\\u05d3 \\u05d4\\u05ea\\u05d5\\u05db\\u05df \\u05d5\\u05e7\\u05e9\\u05e7\\u05e9.\"}},\"46\":{\"type\":\"showImages\",\"enabled\":\"1\",\"fields\":{\"image\":[\"40\"]}},\"47\":{\"type\":\"showQuote\",\"enabled\":\"1\",\"fields\":{\"quote\":\"\\u05e7\\u05e1\\u05d5\\u05dd , \\u05de\\u05e8\\u05d2\\u05e9 , \\u05de\\u05d2\\u05e0\\u05d9\\u05d1 ...\\u05d7\\u05d5\\u05d1\\u05d4 \\u05dc\\u05e8\\u05d0\\u05d5\\u05ea !\",\"source\":\"\\u05d5\\u05d5\\u05d9\\u05d9\\u05db\\u05d9\\u05e0\\u05d3, \\u05de\\u05d9\\u05dc\\u05d0\\u05e0\\u05d5\"}},\"48\":{\"type\":\"showImages\",\"enabled\":\"1\",\"fields\":{\"image\":[\"41\"]}},\"49\":{\"type\":\"showImages\",\"enabled\":\"1\",\"fields\":{\"image\":[\"42\"]}}},\"54\":\"\\u05ea\\u05d9\\u05d0\\u05d8\\u05e8\\u05d5\\u05df \\u05d0\\u05d1\\u05d5\\u05dc\\u05d5\\u05e6\\u05d9\\u05ea \\u05e8\\u05d9\\u05e7\\u05d5\\u05d3 \\u05de\\u05d0\\u05d9\\u05d8\\u05dc\\u05d9\\u05d4 \\u05de\\u05d2\\u05d9\\u05e2 \\u05dc\\u05d9\\u05e9\\u05e8\\u05d0\\u05dc \\u05e2\\u05dd \\u05d6\\u05d4 \\u05d9\\u05e6\\u05d9\\u05e8\\u05ea\\u05d9\\u05d5\\u05ea-in-Motion \\u05de\\u05d5\\u05e4\\u05e2 \\u05de\\u05e8\\u05d4\\u05d9\\u05d1 \\\"\\u05d7\\u05e9\\u05de\\u05dc\\\": \\u05d4\\u05d9\\u05ea\\u05d5\\u05da \\u05de\\u05e8\\u05d2\\u05e9 \\u05e9\\u05dc \\u05e8\\u05d9\\u05e7\\u05d5\\u05d3, \\u05d0\\u05de\\u05e0\\u05d5\\u05ea, \\u05d0\\u05e7\\u05e8\\u05d5\\u05d1\\u05d8\\u05d9\\u05e7\\u05d4, \\u05e7\\u05e1\\u05dd \\u05d5\\u05d0\\u05e9\\u05dc\\u05d9\\u05d4, \\u05d1\\u05d0\\u05de\\u05e6\\u05e2\\u05d5\\u05ea \\u05e9\\u05d9\\u05dc\\u05d5\\u05d1 \\u05de\\u05e8\\u05d2\\u05e9 \\u05e9\\u05dc \\u05de\\u05d3\\u05e2 \\u05d5\\u05d0\\u05de\\u05e0\\u05d5\\u05ea \\u05db\\u05d3\\u05d9 \\u05dc\\u05d9\\u05e6\\u05d5\\u05e8 \\u05d7\\u05d5\\u05d5\\u05d9\\u05d4 \\u05d9\\u05d9\\u05d7\\u05d5\\u05d3\\u05d9\\u05ea \\u05d1\\u05d0\\u05de\\u05ea, \\u05e9\\u05d9\\u05dc\\u05d5\\u05d1 \\u05e9\\u05d7\\u05d5\\u05e8 ...\",\"53\":[\"59\"],\"47\":{\"50\":{\"type\":\"ticketInformation\",\"enabled\":\"1\",\"fields\":{\"theaterName\":\"\\u05d4\\u05ea\\u05d9\\u05d0\\u05d8\\u05e8\\u05d5\\u05df \\u05d4\\u05dc\\u05d0\\u05d5\\u05de\\u05d9 \\u05d4\\u05e8\\u05e6\\u05dc\\u05d9\\u05d4\",\"showDateTime\":{\"date\":\"2\\/26\\/2017\",\"time\":\"6:00 PM\"},\"purchaseLink\":\"http:\\/\\/google.com\"}},\"51\":{\"type\":\"ticketInformation\",\"enabled\":\"1\",\"fields\":{\"theaterName\":\"\\u05d4\\u05d1\\u05d9\\u05de\\u05d4, \\u05ea\\u05dc \\u05d0\\u05d1\\u05d9\\u05d1\",\"showDateTime\":{\"date\":\"2\\/27\\/2017\",\"time\":\"5:00 PM\"},\"purchaseLink\":\"http:\\/\\/google.com\"}},\"52\":{\"type\":\"ticketInformation\",\"enabled\":\"1\",\"fields\":{\"theaterName\":\"\\u05d4\\u05d1\\u05d9\\u05de\\u05d4, \\u05ea\\u05dc \\u05d0\\u05d1\\u05d9\\u05d1\",\"showDateTime\":{\"date\":\"2\\/27\\/2017\",\"time\":\"9:00 PM\"},\"purchaseLink\":\"http:\\/\\/google.com\"}},\"53\":{\"type\":\"ticketInformation\",\"enabled\":\"1\",\"fields\":{\"theaterName\":\"\\u05ea\\u05d9\\u05d0\\u05d8\\u05e8\\u05d5\\u05df \\u05d9\\u05e8\\u05d5\\u05e9\\u05dc\\u05d9\\u05dd\",\"showDateTime\":{\"date\":\"2\\/28\\/2017\",\"time\":\"7:00 PM\"},\"purchaseLink\":\"http:\\/\\/google.com\"}}}}}', '2017-02-22 21:47:43', '2017-02-22 21:47:43', '68e7f374-db4c-4b53-9863-7056950c6da7'),
 ('32', '56', '7', '1', 'en_us', '2', '', '{\"typeId\":null,\"authorId\":null,\"title\":\"About & Contact\",\"slug\":\"about-contact\",\"postDate\":1487789383,\"expiryDate\":null,\"enabled\":1,\"parentId\":null,\"fields\":{\"60\":{\"new1\":{\"type\":\"map\",\"enabled\":\"1\",\"fields\":{\"mapLocation\":{\"lat\":\"32.0866157\",\"lng\":\"34.780425599999944\",\"zoom\":\"17\",\"address\":\"Klonimus St 2, Tel Aviv-Yafo, Israel\",\"parts\":{\"street_number\":\"2\",\"street_number_short\":\"2\",\"route\":\"Klonimus Street\",\"route_short\":\"Klonimus St\",\"locality\":\"Tel Aviv-Yafo\",\"locality_short\":\"Tel Aviv-Yafo\",\"administrative_area_level_1\":\"Tel Aviv District\",\"administrative_area_level_1_short\":\"Tel Aviv District\",\"country\":\"Israel\",\"country_short\":\"IL\"}}}},\"new3\":{\"type\":\"titleBlock\",\"enabled\":\"1\",\"fields\":{\"titleContent\":\"Who is OZ Productions?\"}},\"new4\":{\"type\":\"textBlock\",\"enabled\":\"1\",\"fields\":{\"textContent\":\"<p>eVolution Dance Theater from Italy comes to Israel with it\\u2019s&nbsp; &nbsp;Creativity-in-Motion spectacular show \\u201celectriCity\\u201d: an exciting fusion of Dance, Art, Acrobatics, Magic and illusion, using an exciting mix&nbsp;<\\/p>\\r\\n<p>of science and art to create a truly unique experience,&nbsp;combining black light and shadows with acrobatic dance , video art and visual illusions.<\\/p>\\r\\n<p>The company has for the last seven years toured the world captivating audiences with their unique performances. As well as creating shows for The National Ballet Company in Florence, Italy\'s Got Talent , and most recently creating the new hit Show \\\"The Magic of Light\\\" for Disney Cruise Lines.&nbsp;<\\/p>\\r\\n<p>Founded by an American Artist, Anthony Heinl, and based in Rome Italy, &nbsp;Evolution Dance Theater is dedicated to creating new and innovative techniques for the stage<\\/p>\"}},\"new5\":{\"type\":\"titleBlock\",\"enabled\":\"1\",\"fields\":{\"titleContent\":\"Contact\"}},\"new6\":{\"type\":\"textBlock\",\"enabled\":\"1\",\"fields\":{\"textContent\":\"<p>contact@oz-productions.co<\\/p>\\r\\n<p>+972 (52) 58 76 5341<\\/p>\\r\\n<p>Klonimus 4, Suite 5<\\/p>\\r\\n<p>Tel Aviv, IL, 6248<\\/p>\"}}}}}', '2017-02-23 18:45:42', '2017-02-23 18:45:42', '88054127-dda5-4bf9-a64b-254904300231'),
 ('33', '56', '7', '1', 'en_us', '3', '', '{\"typeId\":\"7\",\"authorId\":null,\"title\":\"About & Contact\",\"slug\":\"about-contact\",\"postDate\":1487875628,\"expiryDate\":null,\"enabled\":1,\"parentId\":null,\"fields\":{\"64\":{\"lat\":\"32.0866157\",\"lng\":\"34.780425599999944\",\"zoom\":\"15\",\"address\":\"Klonimus St 2, Tel Aviv-Yafo, Israel\",\"parts\":{\"street_number\":\"2\",\"street_number_short\":\"2\",\"route\":\"Klonimus Street\",\"route_short\":\"Klonimus St\",\"locality\":\"Tel Aviv-Yafo\",\"locality_short\":\"Tel Aviv-Yafo\",\"administrative_area_level_1\":\"Tel Aviv District\",\"administrative_area_level_1_short\":\"Tel Aviv District\",\"country\":\"Israel\",\"country_short\":\"IL\"}},\"60\":{\"87\":{\"type\":\"titleBlock\",\"enabled\":\"1\",\"fields\":{\"titleContent\":\"Who is OZ Productions?\"}},\"88\":{\"type\":\"textBlock\",\"enabled\":\"1\",\"fields\":{\"textContent\":\"<p>eVolution Dance Theater from Italy comes to Israel with it\\u2019s&nbsp; &nbsp;Creativity-in-Motion spectacular show \\u201celectriCity\\u201d: an exciting fusion of Dance, Art, Acrobatics, Magic and illusion, using an exciting mix&nbsp;<\\/p>\\r\\n<p>of science and art to create a truly unique experience,&nbsp;combining black light and shadows with acrobatic dance , video art and visual illusions.<\\/p>\\r\\n<p>The company has for the last seven years toured the world captivating audiences with their unique performances. As well as creating shows for The National Ballet Company in Florence, Italy\'s Got Talent , and most recently creating the new hit Show \\\"The Magic of Light\\\" for Disney Cruise Lines.&nbsp;<\\/p>\\r\\n<p>Founded by an American Artist, Anthony Heinl, and based in Rome Italy, &nbsp;Evolution Dance Theater is dedicated to creating new and innovative techniques for the stage<\\/p>\"}},\"89\":{\"type\":\"titleBlock\",\"enabled\":\"1\",\"fields\":{\"titleContent\":\"Contact\"}},\"90\":{\"type\":\"textBlock\",\"enabled\":\"1\",\"fields\":{\"textContent\":\"<p>contact@oz-productions.co<\\/p>\\r\\n<p>+972 (52) 58 76 5341<\\/p>\\r\\n<p>Klonimus 4, Suite 5<\\/p>\\r\\n<p>Tel Aviv, IL, 6248<\\/p>\"}}}}}', '2017-02-23 19:10:20', '2017-02-23 19:10:20', '5deb13a4-aaa3-444c-9222-f3039f33486d'),
 ('34', '56', '7', '1', 'en_us', '4', '', '{\"typeId\":\"7\",\"authorId\":null,\"title\":\"About & Contact\",\"slug\":\"about-contact\",\"postDate\":1487875628,\"expiryDate\":null,\"enabled\":1,\"parentId\":null,\"fields\":{\"60\":{\"new1\":{\"type\":\"map\",\"enabled\":\"1\",\"fields\":{\"mapLocation\":{\"lat\":\"32.08780900000001\",\"lng\":\"34.78069900000003\",\"zoom\":\"15\",\"address\":\"Klonimus St 16, Tel Aviv-Yafo, Israel\",\"parts\":{\"street_number\":\"16\",\"street_number_short\":\"16\",\"route\":\"Klonimus Street\",\"route_short\":\"Klonimus St\",\"locality\":\"Tel Aviv-Yafo\",\"locality_short\":\"Tel Aviv-Yafo\",\"administrative_area_level_1\":\"Tel Aviv District\",\"administrative_area_level_1_short\":\"Tel Aviv District\",\"country\":\"Israel\",\"country_short\":\"IL\"}}}},\"87\":{\"type\":\"titleBlock\",\"enabled\":\"1\",\"fields\":{\"titleContent\":\"Who is OZ Productions?\"}},\"88\":{\"type\":\"textBlock\",\"enabled\":\"1\",\"fields\":{\"textContent\":\"<p>eVolution Dance Theater from Italy comes to Israel with it\\u2019s&nbsp; &nbsp;Creativity-in-Motion spectacular show \\u201celectriCity\\u201d: an exciting fusion of Dance, Art, Acrobatics, Magic and illusion, using an exciting mix&nbsp;<\\/p>\\r\\n<p>of science and art to create a truly unique experience,&nbsp;combining black light and shadows with acrobatic dance , video art and visual illusions.<\\/p>\\r\\n<p>The company has for the last seven years toured the world captivating audiences with their unique performances. As well as creating shows for The National Ballet Company in Florence, Italy\'s Got Talent , and most recently creating the new hit Show \\\"The Magic of Light\\\" for Disney Cruise Lines.&nbsp;<\\/p>\\r\\n<p>Founded by an American Artist, Anthony Heinl, and based in Rome Italy, &nbsp;Evolution Dance Theater is dedicated to creating new and innovative techniques for the stage<\\/p>\"}},\"89\":{\"type\":\"titleBlock\",\"enabled\":\"1\",\"fields\":{\"titleContent\":\"Contact\"}},\"90\":{\"type\":\"textBlock\",\"enabled\":\"1\",\"fields\":{\"textContent\":\"<p>contact@oz-productions.co<\\/p>\\r\\n<p>+972 (52) 58 76 5341<\\/p>\\r\\n<p>Klonimus 4, Suite 5<\\/p>\\r\\n<p>Tel Aviv, IL, 6248<\\/p>\"}}}}}', '2017-02-23 19:13:19', '2017-02-23 19:13:19', '4529d2c8-e660-429d-be14-d4a45be27afe'),
 ('36', '2', '1', '1', 'en_us', '3', '', '{\"typeId\":\"1\",\"authorId\":null,\"title\":\"OZ Productions\",\"slug\":\"homepage\",\"postDate\":1485477005,\"expiryDate\":null,\"enabled\":1,\"parentId\":null,\"fields\":[]}', '2017-02-23 20:18:08', '2017-02-23 20:18:08', '0420edde-43cb-4f11-b078-cdc5bc297105');



DROP TABLE IF EXISTS `fieldgroups`;


--
-- Schema for table `fieldgroups`
--
CREATE TABLE `fieldgroups` (
  `id` int(11) NOT NULL AUTO_INCREMENT,
  `name` varchar(255) COLLATE utf8_unicode_ci NOT NULL,
  `dateCreated` datetime NOT NULL,
  `dateUpdated` datetime NOT NULL,
  `uid` char(36) COLLATE utf8_unicode_ci NOT NULL DEFAULT '0',
  PRIMARY KEY (`id`),
  UNIQUE KEY `fieldgroups_name_unq_idx` (`name`)
) ENGINE=InnoDB AUTO_INCREMENT=7 DEFAULT CHARSET=utf8 COLLATE=utf8_unicode_ci;

--
-- Data for table `fieldgroups`
--

INSERT INTO `fieldgroups` (`id`, `name`, `dateCreated`, `dateUpdated`, `uid`) VALUES
 ('3', 'Imagery', '2017-02-01 22:26:12', '2017-02-20 21:14:51', 'c2733bd8-68c0-4032-af71-de7eb085cc77'),
 ('4', 'Representation', '2017-02-20 21:14:58', '2017-02-20 21:14:58', '891c583a-a303-4161-b39c-10ddd1b4ddf9'),
 ('5', 'Shows', '2017-02-20 21:15:04', '2017-02-20 21:15:04', 'c0e9f912-80e1-48e9-acd4-574800ee5af6'),
 ('6', 'Template', '2017-02-23 17:02:33', '2017-02-23 18:33:40', 'af54451a-31ba-4cff-9666-cd3c67cc8a81');



DROP TABLE IF EXISTS `fieldlayoutfields`;


--
-- Schema for table `fieldlayoutfields`
--
CREATE TABLE `fieldlayoutfields` (
  `id` int(11) NOT NULL AUTO_INCREMENT,
  `layoutId` int(11) NOT NULL,
  `tabId` int(11) NOT NULL,
  `fieldId` int(11) NOT NULL,
  `required` tinyint(1) unsigned NOT NULL DEFAULT '0',
  `sortOrder` smallint(6) unsigned DEFAULT NULL,
  `dateCreated` datetime NOT NULL,
  `dateUpdated` datetime NOT NULL,
  `uid` char(36) COLLATE utf8_unicode_ci NOT NULL DEFAULT '0',
  PRIMARY KEY (`id`),
  UNIQUE KEY `fieldlayoutfields_layoutId_fieldId_unq_idx` (`layoutId`,`fieldId`),
  KEY `fieldlayoutfields_sortOrder_idx` (`sortOrder`),
  KEY `fieldlayoutfields_tabId_fk` (`tabId`),
  KEY `fieldlayoutfields_fieldId_fk` (`fieldId`)
) ENGINE=InnoDB AUTO_INCREMENT=182 DEFAULT CHARSET=utf8 COLLATE=utf8_unicode_ci;

--
-- Data for table `fieldlayoutfields`
--

INSERT INTO `fieldlayoutfields` (`id`, `layoutId`, `tabId`, `fieldId`, `required`, `sortOrder`, `dateCreated`, `dateUpdated`, `uid`) VALUES
 ('93', '50', '45', '33', '0', '1', '2017-02-20 21:23:55', '2017-02-20 21:23:55', '59d56ec9-14f6-47e3-bd21-5f4d2583e0a7'),
 ('94', '50', '45', '34', '0', '2', '2017-02-20 21:23:55', '2017-02-20 21:23:55', '911211fc-9004-4cb0-9bba-12dd4799e0ab'),
 ('95', '50', '45', '35', '0', '3', '2017-02-20 21:23:55', '2017-02-20 21:23:55', '03d2be0a-6de9-4d3e-967b-ac64d7fe367c'),
 ('96', '50', '45', '36', '0', '4', '2017-02-20 21:23:55', '2017-02-20 21:23:55', 'b3988cb2-a206-4ea7-82e9-d5bc95b00d30'),
 ('109', '57', '53', '48', '0', '1', '2017-02-20 21:33:16', '2017-02-20 21:33:16', '7878de80-af65-43d0-882a-e10edbd86ae3'),
 ('110', '57', '53', '49', '0', '2', '2017-02-20 21:33:16', '2017-02-20 21:33:16', '1064d095-3a8f-4d9c-9c7e-0209b902973a'),
 ('111', '57', '53', '50', '0', '3', '2017-02-20 21:33:16', '2017-02-20 21:33:16', '6f176cc0-7895-44c9-88e6-99c8c90ce078'),
 ('112', '58', '54', '32', '0', '1', '2017-02-20 22:17:15', '2017-02-20 22:17:15', '6804b4eb-6a7b-4f4d-b898-9709d68eae9a'),
 ('113', '59', '55', '41', '0', '1', '2017-02-21 21:59:12', '2017-02-21 21:59:12', '0115b320-29bf-4b13-ac4d-3e3305b375a1'),
 ('114', '60', '56', '42', '0', '1', '2017-02-21 21:59:12', '2017-02-21 21:59:12', '36f84496-c3d1-46e6-8a1c-3edf791922df'),
 ('115', '61', '57', '43', '0', '1', '2017-02-21 21:59:12', '2017-02-21 21:59:12', '24d6c58c-a08a-430b-8406-872a1865a7c0'),
 ('116', '62', '58', '44', '0', '1', '2017-02-21 21:59:12', '2017-02-21 21:59:12', 'da92dd29-c141-474b-9a56-4c956718ea81'),
 ('117', '62', '58', '45', '0', '2', '2017-02-21 21:59:12', '2017-02-21 21:59:12', '28dda4c3-6031-45fe-9441-43b9b64b00ce'),
 ('146', '69', '68', '37', '0', '1', '2017-02-22 21:45:21', '2017-02-22 21:45:21', 'c9768d49-682b-487c-b4b0-1014897f7215'),
 ('147', '69', '68', '39', '0', '2', '2017-02-22 21:45:21', '2017-02-22 21:45:21', '1e2a2558-255c-4bb2-8cd2-f25b8f9313b2'),
 ('148', '69', '68', '38', '0', '3', '2017-02-22 21:45:21', '2017-02-22 21:45:21', '2df8d0e2-d0c5-442f-b4a7-885d99288ae5'),
 ('149', '69', '68', '54', '0', '4', '2017-02-22 21:45:21', '2017-02-22 21:45:21', '2d3b7708-8667-4dcf-932a-37139bbcf195'),
 ('150', '69', '68', '40', '0', '5', '2017-02-22 21:45:21', '2017-02-22 21:45:21', '89af500e-adad-44d0-8c60-45291a9c5a23'),
 ('151', '69', '69', '51', '0', '1', '2017-02-22 21:45:21', '2017-02-22 21:45:21', '37d70983-e7bf-4b95-ab44-5499444ca8e0'),
 ('152', '69', '69', '52', '0', '2', '2017-02-22 21:45:21', '2017-02-22 21:45:21', '1a28a286-42f8-42e2-8a97-479f495eb94f'),
 ('153', '69', '69', '53', '0', '3', '2017-02-22 21:45:21', '2017-02-22 21:45:21', 'c9abbfdd-35bf-4a25-8050-a54590cd871d'),
 ('154', '69', '70', '47', '0', '1', '2017-02-22 21:45:21', '2017-02-22 21:45:21', 'a13124c9-25b7-4084-b529-20296275ea8a'),
 ('156', '72', '72', '55', '0', '1', '2017-02-23 17:44:17', '2017-02-23 17:44:17', '11c7ea3d-400f-4adc-bd97-a6ff9979ef40'),
 ('167', '77', '77', '57', '1', '1', '2017-02-23 18:17:01', '2017-02-23 18:17:01', '550c75b1-8c50-4e66-90c4-54926a3599b1'),
 ('168', '77', '77', '58', '1', '2', '2017-02-23 18:17:01', '2017-02-23 18:17:01', '97bb3e3c-c124-4a71-bd84-2c8320a708b1'),
 ('178', '87', '87', '60', '0', '2', '2017-02-23 19:09:56', '2017-02-23 19:09:56', 'baed1b38-b4a2-47fa-86d7-7455766bfb90'),
 ('179', '88', '88', '61', '0', '1', '2017-02-23 19:12:56', '2017-02-23 19:12:56', '5ab460bf-8b24-4bd1-8d69-7445019c5ec1'),
 ('180', '89', '89', '62', '0', '1', '2017-02-23 19:12:56', '2017-02-23 19:12:56', '81c37135-98ce-4249-88a7-ee75ddccb2c4'),
 ('181', '90', '90', '65', '0', '1', '2017-02-23 19:12:56', '2017-02-23 19:12:56', '5b51bfe8-6b32-420b-be00-9f71289a1716');



DROP TABLE IF EXISTS `fieldlayouts`;


--
-- Schema for table `fieldlayouts`
--
CREATE TABLE `fieldlayouts` (
  `id` int(11) NOT NULL AUTO_INCREMENT,
  `type` varchar(150) COLLATE utf8_unicode_ci NOT NULL,
  `dateCreated` datetime NOT NULL,
  `dateUpdated` datetime NOT NULL,
  `uid` char(36) COLLATE utf8_unicode_ci NOT NULL DEFAULT '0',
  PRIMARY KEY (`id`),
  KEY `fieldlayouts_type_idx` (`type`)
) ENGINE=InnoDB AUTO_INCREMENT=91 DEFAULT CHARSET=utf8 COLLATE=utf8_unicode_ci;

--
-- Data for table `fieldlayouts`
--

INSERT INTO `fieldlayouts` (`id`, `type`, `dateCreated`, `dateUpdated`, `uid`) VALUES
 ('1', 'Tag', '2017-01-26 23:53:36', '2017-01-26 23:53:36', 'b009bcc2-e09d-41e9-9f55-4cc0342c3014'),
 ('3', 'Entry', '2017-01-26 23:53:37', '2017-01-26 23:53:37', 'c360c623-b106-421a-9154-6527bc974dba'),
 ('50', 'Entry', '2017-02-20 21:23:55', '2017-02-20 21:23:55', 'a520a8bf-317f-48dc-a500-c60154981adf'),
 ('57', 'MatrixBlock', '2017-02-20 21:33:16', '2017-02-20 21:33:16', '2e8a2279-6514-4461-8d52-a499c64472ca'),
 ('58', 'Asset', '2017-02-20 22:17:15', '2017-02-20 22:17:15', 'f8abb272-3284-4e9d-8a04-854e8b7f6792'),
 ('59', 'MatrixBlock', '2017-02-21 21:59:12', '2017-02-21 21:59:12', 'eafdb186-d8c5-4466-bfa0-10e6a0891850'),
 ('60', 'MatrixBlock', '2017-02-21 21:59:12', '2017-02-21 21:59:12', 'f34143dc-3b19-4ad0-8cfa-4c6532efb4f9'),
 ('61', 'MatrixBlock', '2017-02-21 21:59:12', '2017-02-21 21:59:12', 'bd2bf84a-fc9f-4456-a4ce-6b507d40769d'),
 ('62', 'MatrixBlock', '2017-02-21 21:59:12', '2017-02-21 21:59:12', '40d12207-74bb-427c-a26c-c2e478b696fe'),
 ('68', 'Entry', '2017-02-22 20:45:20', '2017-02-22 20:45:20', '98752dc9-ba83-457f-83d3-55d0df59647e'),
 ('69', 'Entry', '2017-02-22 21:45:21', '2017-02-22 21:45:21', '73cad3e4-5650-4641-9c77-d2ed75c8e64b'),
 ('72', 'Entry', '2017-02-23 17:44:17', '2017-02-23 17:44:17', '7193d801-8a54-4b26-a8dd-0fa3476ab8d9'),
 ('77', 'MatrixBlock', '2017-02-23 18:17:01', '2017-02-23 18:17:01', '989aec76-da7d-4cfa-99a1-181059e0603a'),
 ('87', 'Entry', '2017-02-23 19:09:56', '2017-02-23 19:09:56', '13d5627d-83c5-4096-81dd-2197c45e2274'),
 ('88', 'MatrixBlock', '2017-02-23 19:12:56', '2017-02-23 19:12:56', '5a41daf5-9df9-40b6-8f21-190da928524d'),
 ('89', 'MatrixBlock', '2017-02-23 19:12:56', '2017-02-23 19:12:56', '18d0cc51-0455-47aa-b258-f7efc2f9e77a'),
 ('90', 'MatrixBlock', '2017-02-23 19:12:56', '2017-02-23 19:12:56', '59a2dd54-a47a-406a-8660-0e985496fac5');



DROP TABLE IF EXISTS `fieldlayouttabs`;


--
-- Schema for table `fieldlayouttabs`
--
CREATE TABLE `fieldlayouttabs` (
  `id` int(11) NOT NULL AUTO_INCREMENT,
  `layoutId` int(11) NOT NULL,
  `name` varchar(255) COLLATE utf8_unicode_ci NOT NULL,
  `sortOrder` smallint(6) unsigned DEFAULT NULL,
  `dateCreated` datetime NOT NULL,
  `dateUpdated` datetime NOT NULL,
  `uid` char(36) COLLATE utf8_unicode_ci NOT NULL DEFAULT '0',
  PRIMARY KEY (`id`),
  KEY `fieldlayouttabs_sortOrder_idx` (`sortOrder`),
  KEY `fieldlayouttabs_layoutId_fk` (`layoutId`)
) ENGINE=InnoDB AUTO_INCREMENT=91 DEFAULT CHARSET=utf8 COLLATE=utf8_unicode_ci;

--
-- Data for table `fieldlayouttabs`
--

INSERT INTO `fieldlayouttabs` (`id`, `layoutId`, `name`, `sortOrder`, `dateCreated`, `dateUpdated`, `uid`) VALUES
 ('1', '3', 'Content', '1', '2017-01-26 23:53:37', '2017-01-26 23:53:37', '0b734964-1347-40d0-affd-242f4768a43b'),
 ('45', '50', 'Representation', '1', '2017-02-20 21:23:55', '2017-02-20 21:23:55', '311a7af7-3d73-4434-aebe-2dc7b13ad35d'),
 ('53', '57', 'Content', '1', '2017-02-20 21:33:16', '2017-02-20 21:33:16', '4ac4779a-3dcc-4e3e-b8a7-d2be355b25fa'),
 ('54', '58', 'Content', '1', '2017-02-20 22:17:15', '2017-02-20 22:17:15', '40a49946-49f3-4b4e-bf68-4483fee4b613'),
 ('55', '59', 'Content', '1', '2017-02-21 21:59:12', '2017-02-21 21:59:12', '8514c3cd-caa8-4d0f-b887-0f6880b8b6df'),
 ('56', '60', 'Content', '1', '2017-02-21 21:59:12', '2017-02-21 21:59:12', '6bc4e421-a6d3-4ada-b814-acba7fbbed3c'),
 ('57', '61', 'Content', '1', '2017-02-21 21:59:12', '2017-02-21 21:59:12', 'a2404d3a-e016-40ba-ac1e-e4c67e2742c6'),
 ('58', '62', 'Content', '1', '2017-02-21 21:59:12', '2017-02-21 21:59:12', '8d62489e-7adb-4fcd-b53d-0772bce84267'),
 ('68', '69', 'Shows', '1', '2017-02-22 21:45:21', '2017-02-22 21:45:21', '9eb73e45-d182-4f65-9015-bd478c32400e'),
 ('69', '69', 'Show Images', '2', '2017-02-22 21:45:21', '2017-02-22 21:45:21', '2a8c4a02-96da-4ae8-8b3e-4cbff00b4bc5'),
 ('70', '69', 'Tickets', '3', '2017-02-22 21:45:21', '2017-02-22 21:45:21', 'c50d5c0e-a065-44de-94c1-580759392929'),
 ('72', '72', 'Nav', '1', '2017-02-23 17:44:17', '2017-02-23 17:44:17', 'bc83868f-f24d-4c12-95ee-4cc242fce7ff'),
 ('77', '77', 'Content', '1', '2017-02-23 18:17:01', '2017-02-23 18:17:01', 'a546e81c-8ad0-4b66-9565-d45e62787feb'),
 ('87', '87', 'Template', '1', '2017-02-23 19:09:56', '2017-02-23 19:09:56', '1579568f-8bc3-4092-bfe7-bfd1e1288221'),
 ('88', '88', 'Content', '1', '2017-02-23 19:12:56', '2017-02-23 19:12:56', '45bb3e3c-d401-4a99-a0e9-eeaaa9a2614a'),
 ('89', '89', 'Content', '1', '2017-02-23 19:12:56', '2017-02-23 19:12:56', 'e94611d5-678c-46f5-bee6-9861f54e9ce1'),
 ('90', '90', 'Content', '1', '2017-02-23 19:12:56', '2017-02-23 19:12:56', '10c198f2-b4ae-4c21-9069-a98665a53cc7');



DROP TABLE IF EXISTS `fields`;


--
-- Schema for table `fields`
--
CREATE TABLE `fields` (
  `id` int(11) NOT NULL AUTO_INCREMENT,
  `groupId` int(11) DEFAULT NULL,
  `name` varchar(255) COLLATE utf8_unicode_ci NOT NULL,
  `handle` varchar(58) COLLATE utf8_unicode_ci NOT NULL,
  `context` varchar(255) COLLATE utf8_unicode_ci NOT NULL DEFAULT 'global',
  `instructions` text COLLATE utf8_unicode_ci,
  `translatable` tinyint(1) unsigned NOT NULL DEFAULT '0',
  `type` varchar(150) COLLATE utf8_unicode_ci NOT NULL,
  `settings` text COLLATE utf8_unicode_ci,
  `dateCreated` datetime NOT NULL,
  `dateUpdated` datetime NOT NULL,
  `uid` char(36) COLLATE utf8_unicode_ci NOT NULL DEFAULT '0',
  PRIMARY KEY (`id`),
  UNIQUE KEY `fields_handle_context_unq_idx` (`handle`,`context`),
  KEY `fields_context_idx` (`context`),
  KEY `fields_groupId_fk` (`groupId`)
) ENGINE=InnoDB AUTO_INCREMENT=66 DEFAULT CHARSET=utf8 COLLATE=utf8_unicode_ci;

--
-- Data for table `fields`
--

INSERT INTO `fields` (`id`, `groupId`, `name`, `handle`, `context`, `instructions`, `translatable`, `type`, `settings`, `dateCreated`, `dateUpdated`, `uid`) VALUES
 ('32', '3', 'Image Description', 'imageDescription', 'global', '', '1', 'PlainText', '{\"placeholder\":\"\",\"maxLength\":\"\",\"multiline\":\"\",\"initialRows\":\"4\"}', '2017-02-20 21:15:41', '2017-02-20 21:31:52', 'fc0d7102-0f01-4145-b1a8-c29efd923353'),
 ('33', '4', 'Representation Company Link', 'representationCompanyLink', 'global', '', '0', 'PlainText', '{\"placeholder\":\"\",\"maxLength\":\"\",\"multiline\":\"\",\"initialRows\":\"4\"}', '2017-02-20 21:17:20', '2017-02-20 21:17:20', 'ee031e1f-ec5b-4caf-9547-f2db5422e53d'),
 ('34', '4', 'Representation Company Location', 'representationCompanyLocation', 'global', '', '1', 'PlainText', '{\"placeholder\":\"\",\"maxLength\":\"\",\"multiline\":\"\",\"initialRows\":\"4\"}', '2017-02-20 21:17:34', '2017-02-20 21:32:10', 'a48fbb50-61aa-4926-9a62-988aa1bb1e35'),
 ('35', '4', 'Representation Company Text', 'representationCompanyText', 'global', '', '1', 'PlainText', '{\"placeholder\":\"\",\"maxLength\":\"\",\"multiline\":\"\",\"initialRows\":\"4\"}', '2017-02-20 21:17:44', '2017-02-20 21:32:20', 'cb4fa2e1-9a40-4339-80e9-ecb4f81f4067'),
 ('36', '4', 'Representation Company thumbnail', 'representationCompanyThumbnail', 'global', '', '0', 'Assets', '{\"useSingleFolder\":\"1\",\"sources\":\"*\",\"defaultUploadLocationSource\":\"1\",\"defaultUploadLocationSubpath\":\"\",\"singleUploadLocationSource\":\"1\",\"singleUploadLocationSubpath\":\"{section}\\/{slug}\",\"restrictFiles\":\"1\",\"allowedKinds\":[\"image\"],\"limit\":\"1\",\"viewMode\":\"list\",\"selectionLabel\":\"\"}', '2017-02-20 21:18:12', '2017-02-20 21:18:12', 'fe2d663c-8e39-44ab-a1ab-44220f4ef1f9'),
 ('37', '5', 'Show Company Name', 'showCompanyName', 'global', '', '1', 'PlainText', '{\"placeholder\":\"\",\"maxLength\":\"\",\"multiline\":\"\",\"initialRows\":\"4\"}', '2017-02-20 21:18:31', '2017-02-20 21:32:33', '26ab0116-840c-4eb4-ac2f-c86f3760b1ca'),
 ('38', '5', 'Show Date End', 'showDateEnd', 'global', '', '0', 'Date', '{\"minuteIncrement\":\"30\",\"showDate\":1,\"showTime\":0}', '2017-02-20 21:18:51', '2017-02-20 21:18:51', '50440c04-3a8c-4aa9-b7c8-151c9554a41a'),
 ('39', '5', 'Show Date Start', 'showDateStart', 'global', '', '0', 'Date', '{\"minuteIncrement\":\"30\",\"showDate\":1,\"showTime\":0}', '2017-02-20 21:19:04', '2017-02-20 21:19:04', '471fec19-f147-4e91-b48c-e0b2494623aa'),
 ('40', '5', 'Show Marketing', 'showMarketing', 'global', '', '0', 'Matrix', '{\"maxBlocks\":null}', '2017-02-20 21:21:07', '2017-02-21 21:59:12', 'a427c6da-e10c-43c8-9329-4a8053a483bc'),
 ('41', NULL, 'image', 'image', 'matrixBlockType:7', '', '0', 'Assets', '{\"useSingleFolder\":\"\",\"sources\":\"*\",\"defaultUploadLocationSource\":\"1\",\"defaultUploadLocationSubpath\":\"{owner.slug}\",\"singleUploadLocationSource\":\"1\",\"singleUploadLocationSubpath\":\"\",\"restrictFiles\":\"1\",\"allowedKinds\":[\"image\"],\"targetLocale\":\"\",\"limit\":\"1\",\"viewMode\":\"list\",\"selectionLabel\":\"\"}', '2017-02-20 21:21:07', '2017-02-21 21:59:12', 'ac07c155-d32d-4a15-af00-c3ba8e34ab01'),
 ('42', NULL, 'video URL', 'videoUrl', 'matrixBlockType:8', '', '0', 'PlainText', '{\"placeholder\":\"\",\"maxLength\":\"\",\"multiline\":\"\",\"initialRows\":\"4\"}', '2017-02-20 21:21:07', '2017-02-21 21:59:12', 'd6c36b22-a3d8-4870-8dec-f7e0eab16b1a'),
 ('43', NULL, 'text', 'text', 'matrixBlockType:9', '', '1', 'PlainText', '{\"placeholder\":\"\",\"maxLength\":\"\",\"multiline\":\"\",\"initialRows\":\"4\"}', '2017-02-20 21:21:07', '2017-02-21 21:59:12', 'c5b34385-eea7-4cb9-a90e-638dac830679'),
 ('44', NULL, 'Quote', 'quote', 'matrixBlockType:10', '', '1', 'PlainText', '{\"placeholder\":\"\",\"maxLength\":\"\",\"multiline\":\"1\",\"initialRows\":\"2\"}', '2017-02-20 21:21:07', '2017-02-21 21:59:12', '859bdac3-98bc-41b1-8276-1dd1a4eb48c4'),
 ('45', NULL, 'Source', 'source', 'matrixBlockType:10', '', '1', 'PlainText', '{\"placeholder\":\"\",\"maxLength\":\"\",\"multiline\":\"\",\"initialRows\":\"4\"}', '2017-02-20 21:21:07', '2017-02-21 21:59:12', '02d81489-4bd2-4c90-a99b-361f7d1648e5'),
 ('47', '5', 'Show Ticket Information', 'showTicketInformation', 'global', 'When/where can we get tickets for each performance?', '0', 'Matrix', '{\"maxBlocks\":null}', '2017-02-20 21:22:58', '2017-02-20 21:33:16', '3d42983b-5247-455e-9cdb-7ed7e2ef3ea3'),
 ('48', NULL, 'Theater Name', 'theaterName', 'matrixBlockType:11', '', '1', 'PlainText', '{\"placeholder\":\"\",\"maxLength\":\"\",\"multiline\":\"\",\"initialRows\":\"4\"}', '2017-02-20 21:22:58', '2017-02-20 21:33:16', '8450c59c-b7e3-4c97-bba8-0b8ce5619fcf'),
 ('49', NULL, 'Show Date & Time', 'showDateTime', 'matrixBlockType:11', '', '0', 'Date', '{\"minuteIncrement\":\"15\",\"showTime\":1,\"showDate\":1}', '2017-02-20 21:22:58', '2017-02-20 21:33:16', '91c60f27-8a66-4ea8-8a14-e34ffff9602d'),
 ('50', NULL, 'Purchase Link', 'purchaseLink', 'matrixBlockType:11', '', '0', 'PlainText', '{\"placeholder\":\"\",\"maxLength\":\"\",\"multiline\":\"\",\"initialRows\":\"4\"}', '2017-02-20 21:22:58', '2017-02-20 21:33:16', 'd07dc291-2959-401e-aa82-bd636333674e'),
 ('51', '5', 'Show Homepage Featured Image', 'showHomepageFeaturedImage', 'global', 'The image to be featured in the home page', '0', 'Assets', '{\"useSingleFolder\":\"1\",\"sources\":\"*\",\"defaultUploadLocationSource\":\"1\",\"defaultUploadLocationSubpath\":\"\",\"singleUploadLocationSource\":\"1\",\"singleUploadLocationSubpath\":\"{slug}\",\"restrictFiles\":\"1\",\"allowedKinds\":[\"image\"],\"targetLocale\":\"\",\"limit\":\"1\",\"viewMode\":\"list\",\"selectionLabel\":\"\"}', '2017-02-22 18:52:14', '2017-02-22 18:52:14', 'c35c68e7-42f9-41a2-ab8b-f539396f609c'),
 ('52', '5', 'Show Featured on Homepage', 'showFeaturedOnHomepage', 'global', 'Is this show going to be featured on the home page?', '0', 'Lightswitch', '{\"default\":\"\"}', '2017-02-22 19:05:01', '2017-02-22 19:05:19', '28de68af-7f1d-486d-92ad-53f86296809a'),
 ('53', '3', 'Show Thumbnail', 'showThumbnail', 'global', 'Image for Upcoming and past pages', '0', 'Assets', '{\"useSingleFolder\":\"1\",\"sources\":\"*\",\"defaultUploadLocationSource\":\"1\",\"defaultUploadLocationSubpath\":\"\",\"singleUploadLocationSource\":\"1\",\"singleUploadLocationSubpath\":\"{slug}\",\"restrictFiles\":\"1\",\"allowedKinds\":[\"image\"],\"targetLocale\":\"\",\"limit\":\"\",\"viewMode\":\"list\",\"selectionLabel\":\"\"}', '2017-02-22 19:24:46', '2017-02-22 19:24:46', 'c6fb40c6-4b62-4065-adcb-938d2590aa17'),
 ('54', '5', 'Show Summary', 'showSummary', 'global', 'Two-three lines from Marketing material to spike interest', '1', 'PlainText', '{\"placeholder\":\"\",\"maxLength\":\"300\",\"multiline\":\"\",\"initialRows\":\"4\"}', '2017-02-22 21:43:41', '2017-02-22 21:46:56', 'eaa0e990-bbb5-41b5-9e6c-1965476ec30c'),
 ('55', '6', 'Navigation Link', 'navigationLink', 'global', '', '0', 'Matrix', '{\"maxBlocks\":null}', '2017-02-23 17:03:10', '2017-02-23 18:17:01', '497402bb-0e75-4509-90ee-03b8e6033840'),
 ('57', NULL, 'Title', 'linkTitle', 'matrixBlockType:12', '', '1', 'PlainText', '{\"placeholder\":\"\",\"maxLength\":\"\",\"multiline\":\"\",\"initialRows\":\"4\"}', '2017-02-23 18:02:47', '2017-02-23 18:17:01', 'bf0933c0-1cc0-49ec-bb7f-d7c942525aa4'),
 ('58', NULL, 'URL', 'linkUrl', 'matrixBlockType:12', '', '0', 'PlainText', '{\"placeholder\":\"\",\"maxLength\":\"\",\"multiline\":\"\",\"initialRows\":\"4\"}', '2017-02-23 18:02:47', '2017-02-23 18:17:01', 'f8c2e140-26aa-448c-aa99-f7fd2a9afbd4'),
 ('60', '6', 'Single Content', 'singleContent', 'global', 'Content for single pages', '1', 'Matrix', '{\"maxBlocks\":null}', '2017-02-23 18:38:50', '2017-02-23 19:12:56', '8c461bdb-9eef-4180-846d-74b156cc1093'),
 ('61', NULL, 'Text Content', 'textContent', 'matrixBlockType:13', '', '0', 'RichText', '{\"configFile\":\"Standard.json\",\"availableAssetSources\":\"*\",\"availableTransforms\":\"*\",\"cleanupHtml\":\"1\",\"purifyHtml\":\"1\",\"columnType\":\"text\"}', '2017-02-23 18:38:50', '2017-02-23 19:12:56', 'b0bdfc1b-b817-43ab-b7c8-e9899ce58124'),
 ('62', NULL, 'Title content', 'titleContent', 'matrixBlockType:14', '', '0', 'PlainText', '{\"placeholder\":\"\",\"maxLength\":\"\",\"multiline\":\"\",\"initialRows\":\"4\"}', '2017-02-23 18:38:50', '2017-02-23 19:12:56', '9b5c6457-f411-4287-aebe-8b7998c0673c'),
 ('65', NULL, 'Map Location', 'mapLocation', 'matrixBlockType:16', '', '0', 'SimpleMap_Map', '{\"lat\":\"\",\"lng\":\"\",\"zoom\":\"\",\"height\":\"\",\"hideMap\":\"\",\"countryRestriction\":\"\",\"typeRestriction\":\"\",\"boundaryRestrictionNElat\":\"\",\"boundaryRestrictionNElng\":\"\",\"boundaryRestrictionSWlat\":\"\",\"boundaryRestrictionSWlng\":\"\"}', '2017-02-23 19:12:56', '2017-02-23 19:12:56', 'd241e66e-799c-4451-9289-795bd569f4de');



DROP TABLE IF EXISTS `globalsets`;


--
-- Schema for table `globalsets`
--
CREATE TABLE `globalsets` (
  `id` int(11) NOT NULL,
  `name` varchar(255) COLLATE utf8_unicode_ci NOT NULL,
  `handle` varchar(255) COLLATE utf8_unicode_ci NOT NULL,
  `fieldLayoutId` int(11) DEFAULT NULL,
  `dateCreated` datetime NOT NULL,
  `dateUpdated` datetime NOT NULL,
  `uid` char(36) COLLATE utf8_unicode_ci NOT NULL DEFAULT '0',
  PRIMARY KEY (`id`),
  UNIQUE KEY `globalsets_name_unq_idx` (`name`),
  UNIQUE KEY `globalsets_handle_unq_idx` (`handle`),
  KEY `globalsets_fieldLayoutId_fk` (`fieldLayoutId`)
) ENGINE=InnoDB DEFAULT CHARSET=utf8 COLLATE=utf8_unicode_ci;

DROP TABLE IF EXISTS `info`;


--
-- Schema for table `info`
--
CREATE TABLE `info` (
  `id` int(11) NOT NULL AUTO_INCREMENT,
  `version` varchar(50) COLLATE utf8_unicode_ci NOT NULL,
  `schemaVersion` varchar(15) COLLATE utf8_unicode_ci NOT NULL,
  `edition` tinyint(1) unsigned NOT NULL DEFAULT '0',
  `siteName` varchar(100) COLLATE utf8_unicode_ci NOT NULL,
  `siteUrl` varchar(255) COLLATE utf8_unicode_ci NOT NULL,
  `timezone` varchar(30) COLLATE utf8_unicode_ci DEFAULT NULL,
  `on` tinyint(1) unsigned NOT NULL DEFAULT '0',
  `maintenance` tinyint(1) unsigned NOT NULL DEFAULT '0',
  `dateCreated` datetime NOT NULL,
  `dateUpdated` datetime NOT NULL,
  `uid` char(36) COLLATE utf8_unicode_ci NOT NULL DEFAULT '0',
  PRIMARY KEY (`id`)
) ENGINE=InnoDB AUTO_INCREMENT=2 DEFAULT CHARSET=utf8 COLLATE=utf8_unicode_ci;

--
-- Data for table `info`
--

INSERT INTO `info` (`id`, `version`, `schemaVersion`, `edition`, `siteName`, `siteUrl`, `timezone`, `on`, `maintenance`, `dateCreated`, `dateUpdated`, `uid`) VALUES
 ('1', '2.6.2962', '2.6.9', '2', 'Craft', 'http://craft.dev', 'UTC', '1', '0', '2017-01-26 23:53:34', '2017-02-20 21:34:00', '09329ccb-44f2-45d4-8509-07c73e3e5e5a');



DROP TABLE IF EXISTS `locales`;


--
-- Schema for table `locales`
--
CREATE TABLE `locales` (
  `locale` char(12) COLLATE utf8_unicode_ci NOT NULL,
  `sortOrder` smallint(6) unsigned DEFAULT NULL,
  `dateCreated` datetime NOT NULL,
  `dateUpdated` datetime NOT NULL,
  `uid` char(36) COLLATE utf8_unicode_ci NOT NULL DEFAULT '0',
  PRIMARY KEY (`locale`),
  KEY `locales_sortOrder_idx` (`sortOrder`)
) ENGINE=InnoDB DEFAULT CHARSET=utf8 COLLATE=utf8_unicode_ci;

--
-- Data for table `locales`
--

INSERT INTO `locales` (`locale`, `sortOrder`, `dateCreated`, `dateUpdated`, `uid`) VALUES
 ('en_us', '1', '2017-01-26 23:53:35', '2017-01-26 23:53:35', 'ed0f7e7f-487c-47a1-9caa-73e3a857063e'),
 ('he', '2', '2017-02-20 21:29:59', '2017-02-20 21:29:59', '3538f422-e74e-4547-a2c0-a87e023f39e9');



DROP TABLE IF EXISTS `matrixblocks`;


--
-- Schema for table `matrixblocks`
--
CREATE TABLE `matrixblocks` (
  `id` int(11) NOT NULL,
  `ownerId` int(11) NOT NULL,
  `fieldId` int(11) NOT NULL,
  `typeId` int(11) DEFAULT NULL,
  `sortOrder` smallint(6) unsigned DEFAULT NULL,
  `ownerLocale` char(12) COLLATE utf8_unicode_ci DEFAULT NULL,
  `dateCreated` datetime NOT NULL,
  `dateUpdated` datetime NOT NULL,
  `uid` char(36) COLLATE utf8_unicode_ci NOT NULL DEFAULT '0',
  PRIMARY KEY (`id`),
  KEY `matrixblocks_ownerId_idx` (`ownerId`),
  KEY `matrixblocks_fieldId_idx` (`fieldId`),
  KEY `matrixblocks_typeId_idx` (`typeId`),
  KEY `matrixblocks_sortOrder_idx` (`sortOrder`),
  KEY `matrixblocks_ownerLocale_fk` (`ownerLocale`)
) ENGINE=InnoDB DEFAULT CHARSET=utf8 COLLATE=utf8_unicode_ci;

--
-- Data for table `matrixblocks`
--

INSERT INTO `matrixblocks` (`id`, `ownerId`, `fieldId`, `typeId`, `sortOrder`, `ownerLocale`, `dateCreated`, `dateUpdated`, `uid`) VALUES
 ('44', '39', '40', '8', '1', NULL, '2017-02-20 23:14:09', '2017-02-22 21:47:43', 'dcd9e57e-696e-4cd0-b582-e788942b16fc'),
 ('45', '39', '40', '9', '2', NULL, '2017-02-20 23:14:09', '2017-02-22 21:47:43', '80c4f7f3-da44-43ad-b8c2-7d1bd48c7363'),
 ('46', '39', '40', '7', '3', NULL, '2017-02-20 23:14:09', '2017-02-22 21:47:43', '34fefac3-0778-4d5c-b017-96e1cd7b4d5a'),
 ('47', '39', '40', '10', '4', NULL, '2017-02-20 23:14:09', '2017-02-22 21:47:43', 'ace70b31-1e83-4de1-b86f-a2eefcda1fe9'),
 ('48', '39', '40', '7', '5', NULL, '2017-02-20 23:14:09', '2017-02-22 21:47:43', 'dbfb09ed-755f-4058-b68e-209c8922ec6b'),
 ('49', '39', '40', '7', '6', NULL, '2017-02-20 23:14:09', '2017-02-22 21:47:43', '3e3e93a5-78f2-4a0d-bdcf-5896497622a1'),
 ('50', '39', '47', '11', '1', NULL, '2017-02-20 23:14:09', '2017-02-22 21:47:43', '4afdb13d-b43d-4052-a3de-edc5c496afcd'),
 ('51', '39', '47', '11', '2', NULL, '2017-02-20 23:14:09', '2017-02-22 21:47:43', 'c31dc150-0e03-485c-963e-c2d91861983b'),
 ('52', '39', '47', '11', '3', NULL, '2017-02-20 23:14:09', '2017-02-22 21:47:43', '6c8ac239-a5e9-4273-a8c6-07e8bf56036e'),
 ('53', '39', '47', '11', '4', NULL, '2017-02-20 23:14:09', '2017-02-22 21:47:43', '87e7345b-4814-4b6c-80df-b1f4def84e27'),
 ('61', '60', '40', '8', '1', NULL, '2017-02-22 20:14:43', '2017-02-22 20:18:44', '499c420d-e180-45bc-8ce5-103d8da9379a'),
 ('62', '60', '40', '9', '2', NULL, '2017-02-22 20:14:43', '2017-02-22 20:18:44', '7c9e42b6-86da-427c-a888-81baabdc3027'),
 ('63', '60', '40', '7', '3', NULL, '2017-02-22 20:14:43', '2017-02-22 20:18:44', '44aad7be-747c-44cf-b6ba-38ed7ee06c4b'),
 ('64', '60', '40', '10', '4', NULL, '2017-02-22 20:14:43', '2017-02-22 20:18:44', '2ec84971-1169-4b8a-b82a-36620e3c6e0a'),
 ('65', '60', '40', '7', '5', NULL, '2017-02-22 20:14:44', '2017-02-22 20:18:44', 'd6888d0c-1c9b-47a0-8947-33f0e30204a2'),
 ('66', '60', '40', '7', '6', NULL, '2017-02-22 20:14:44', '2017-02-22 20:18:44', 'bed021e6-0708-4cc6-9c85-9e33761f3b8c'),
 ('67', '60', '47', '11', '1', NULL, '2017-02-22 20:14:44', '2017-02-22 20:18:44', 'b6a1fd8f-8443-4b8b-a2d3-d2664f430320'),
 ('68', '60', '47', '11', '2', NULL, '2017-02-22 20:14:44', '2017-02-22 20:18:44', 'fda89aee-809f-4129-a59e-2adcef42e3ca'),
 ('69', '60', '47', '11', '3', NULL, '2017-02-22 20:14:44', '2017-02-22 20:18:44', 'c4b24457-be5f-4591-ab01-36f06bb420ab'),
 ('70', '60', '47', '11', '4', NULL, '2017-02-22 20:14:44', '2017-02-22 20:18:44', 'dea71ff4-5a04-45f3-8986-de619e315103'),
 ('83', '82', '55', '12', '1', NULL, '2017-02-23 18:03:34', '2017-02-23 19:38:17', '1c89fcda-3e49-484c-ae17-630618fc6a0e'),
 ('84', '82', '55', '12', '2', NULL, '2017-02-23 18:03:34', '2017-02-23 19:38:17', 'da30c27c-1b5c-4f6f-852d-8b9e4950f31e'),
 ('85', '82', '55', '12', '3', NULL, '2017-02-23 18:03:34', '2017-02-23 19:38:17', '1e5d5f30-5e8a-4d6c-9744-75dd41b690d3'),
 ('87', '56', '60', '14', '2', 'en_us', '2017-02-23 18:45:42', '2017-02-23 19:13:19', '6f12dce0-9302-48e2-aa07-35cb9099013f'),
 ('88', '56', '60', '13', '3', 'en_us', '2017-02-23 18:45:42', '2017-02-23 19:13:19', 'c458058c-7867-4059-abd8-21c272d332d9'),
 ('89', '56', '60', '14', '4', 'en_us', '2017-02-23 18:45:42', '2017-02-23 19:13:19', 'eab47bc6-fefb-4ace-9d04-ced3bf76a895'),
 ('90', '56', '60', '13', '5', 'en_us', '2017-02-23 18:45:42', '2017-02-23 19:13:19', '72c07634-356a-420c-84c2-0c02ad4574fb'),
 ('91', '56', '60', '16', '1', 'en_us', '2017-02-23 19:13:19', '2017-02-23 19:13:19', '22a97452-9dad-46e5-b847-16a03e16cd74');



DROP TABLE IF EXISTS `matrixblocktypes`;


--
-- Schema for table `matrixblocktypes`
--
CREATE TABLE `matrixblocktypes` (
  `id` int(11) NOT NULL AUTO_INCREMENT,
  `fieldId` int(11) NOT NULL,
  `fieldLayoutId` int(11) DEFAULT NULL,
  `name` varchar(255) COLLATE utf8_unicode_ci NOT NULL,
  `handle` varchar(255) COLLATE utf8_unicode_ci NOT NULL,
  `sortOrder` smallint(6) unsigned DEFAULT NULL,
  `dateCreated` datetime NOT NULL,
  `dateUpdated` datetime NOT NULL,
  `uid` char(36) COLLATE utf8_unicode_ci NOT NULL DEFAULT '0',
  PRIMARY KEY (`id`),
  UNIQUE KEY `matrixblocktypes_name_fieldId_unq_idx` (`name`,`fieldId`),
  UNIQUE KEY `matrixblocktypes_handle_fieldId_unq_idx` (`handle`,`fieldId`),
  KEY `matrixblocktypes_fieldId_fk` (`fieldId`),
  KEY `matrixblocktypes_fieldLayoutId_fk` (`fieldLayoutId`)
) ENGINE=InnoDB AUTO_INCREMENT=17 DEFAULT CHARSET=utf8 COLLATE=utf8_unicode_ci;

--
-- Data for table `matrixblocktypes`
--

INSERT INTO `matrixblocktypes` (`id`, `fieldId`, `fieldLayoutId`, `name`, `handle`, `sortOrder`, `dateCreated`, `dateUpdated`, `uid`) VALUES
 ('7', '40', '59', 'Show Images', 'showImages', '1', '2017-02-20 21:21:07', '2017-02-21 21:59:12', 'f4b85da2-e613-42bb-9f8a-6002bf5dd29f'),
 ('8', '40', '60', 'Show Videos', 'showVideos', '2', '2017-02-20 21:21:07', '2017-02-21 21:59:12', '3efed6c9-2d92-419d-9622-32ecceadf9a9'),
 ('9', '40', '61', 'Show Copy', 'showCopy', '3', '2017-02-20 21:21:07', '2017-02-21 21:59:12', 'a4e9cb0b-642b-4d2c-8088-9e230fcf697f'),
 ('10', '40', '62', 'Show Quote', 'showQuote', '4', '2017-02-20 21:21:07', '2017-02-21 21:59:12', '5764ebf2-3353-43f1-beff-1be89bc86fda'),
 ('11', '47', '57', 'Ticket Information', 'ticketInformation', '1', '2017-02-20 21:22:58', '2017-02-20 21:33:16', '9af518c0-412a-45b4-88ce-4a1b2a93980e'),
 ('12', '55', '77', 'Nav Link', 'navLink', '1', '2017-02-23 18:02:47', '2017-02-23 18:17:01', '62b89dd5-ba73-4a56-b938-ce0b87eb9413'),
 ('13', '60', '88', 'Text Block', 'textBlock', '1', '2017-02-23 18:38:50', '2017-02-23 19:12:56', 'f40191c7-27fb-4f1c-8e61-99a7194acff0'),
 ('14', '60', '89', 'Title Block', 'titleBlock', '2', '2017-02-23 18:38:50', '2017-02-23 19:12:56', '64d93ff5-f7c5-4bc2-b8b4-dcce5fa99f33'),
 ('16', '60', '90', 'map', 'map', '3', '2017-02-23 19:12:56', '2017-02-23 19:12:56', 'f03e35a9-7691-485d-b9d8-e4d7e6ddb533');



DROP TABLE IF EXISTS `matrixcontent_navigationlink`;


--
-- Schema for table `matrixcontent_navigationlink`
--
CREATE TABLE `matrixcontent_navigationlink` (
  `id` int(11) NOT NULL AUTO_INCREMENT,
  `elementId` int(11) NOT NULL,
  `locale` char(12) COLLATE utf8_unicode_ci NOT NULL,
  `field_navLink_linkTitle` text COLLATE utf8_unicode_ci,
  `field_navLink_linkUrl` text COLLATE utf8_unicode_ci,
  `dateCreated` datetime NOT NULL,
  `dateUpdated` datetime NOT NULL,
  `uid` char(36) COLLATE utf8_unicode_ci NOT NULL DEFAULT '0',
  PRIMARY KEY (`id`),
  UNIQUE KEY `matrixcontent_navigationlink_elementId_locale_unq_idx` (`elementId`,`locale`),
  KEY `matrixcontent_navigationlink_locale_fk` (`locale`)
) ENGINE=InnoDB AUTO_INCREMENT=7 DEFAULT CHARSET=utf8 COLLATE=utf8_unicode_ci;

--
-- Data for table `matrixcontent_navigationlink`
--

INSERT INTO `matrixcontent_navigationlink` (`id`, `elementId`, `locale`, `field_navLink_linkTitle`, `field_navLink_linkUrl`, `dateCreated`, `dateUpdated`, `uid`) VALUES
 ('1', '83', 'en_us', 'Home', '/', '2017-02-23 18:03:34', '2017-02-23 19:38:17', '2f450810-86fc-4754-b17e-04537cb4cc18'),
 ('2', '83', 'he', 'Home', '/', '2017-02-23 18:03:34', '2017-02-23 19:38:17', '7e611325-99d8-4b35-bbed-e476d9f41d0b'),
 ('3', '84', 'en_us', 'About / Contact', '/about', '2017-02-23 18:03:34', '2017-02-23 19:38:17', '65da1f39-b034-46a3-8b64-6dbce27e69e3'),
 ('4', '84', 'he', 'About / Contact', '/about', '2017-02-23 18:03:34', '2017-02-23 19:38:17', '74dd161f-dee1-40f2-b6e4-09efa86f4d59'),
 ('5', '85', 'en_us', 'Representation', '/representation', '2017-02-23 18:03:34', '2017-02-23 19:38:17', '8db56743-6998-4fe8-bd81-717f55d9e544'),
 ('6', '85', 'he', 'Representation', '/representation', '2017-02-23 18:03:34', '2017-02-23 19:38:17', 'e4ac463d-8543-4e7c-ade2-b2b0f326997b');



DROP TABLE IF EXISTS `matrixcontent_showmarketing`;


--
-- Schema for table `matrixcontent_showmarketing`
--
CREATE TABLE `matrixcontent_showmarketing` (
  `id` int(11) NOT NULL AUTO_INCREMENT,
  `elementId` int(11) NOT NULL,
  `locale` char(12) COLLATE utf8_unicode_ci NOT NULL,
  `field_showVideos_videoUrl` text COLLATE utf8_unicode_ci,
  `field_showCopy_text` text COLLATE utf8_unicode_ci,
  `field_showQuote_quote` text COLLATE utf8_unicode_ci,
  `field_showQuote_source` text COLLATE utf8_unicode_ci,
  `dateCreated` datetime NOT NULL,
  `dateUpdated` datetime NOT NULL,
  `uid` char(36) COLLATE utf8_unicode_ci NOT NULL DEFAULT '0',
  PRIMARY KEY (`id`),
  UNIQUE KEY `matrixcontent_showmarketing_elementId_locale_unq_idx` (`elementId`,`locale`),
  KEY `matrixcontent_showmarketing_locale_fk` (`locale`)
) ENGINE=InnoDB AUTO_INCREMENT=25 DEFAULT CHARSET=utf8 COLLATE=utf8_unicode_ci;

--
-- Data for table `matrixcontent_showmarketing`
--

INSERT INTO `matrixcontent_showmarketing` (`id`, `elementId`, `locale`, `field_showVideos_videoUrl`, `field_showCopy_text`, `field_showQuote_quote`, `field_showQuote_source`, `dateCreated`, `dateUpdated`, `uid`) VALUES
 ('1', '44', 'en_us', 'https://www.youtube.com/watch?v=uuAZDCEWEpk', NULL, NULL, NULL, '2017-02-20 23:14:09', '2017-02-22 21:47:43', 'cc13ea01-5e57-4684-acd3-578eee424172'),
 ('2', '44', 'he', 'https://www.youtube.com/watch?v=uuAZDCEWEpk', NULL, NULL, NULL, '2017-02-20 23:14:09', '2017-02-22 21:47:43', '5230a3a9-306f-4ddd-9391-77b8a61a253e'),
 ('3', '45', 'en_us', NULL, 'eVolution Dance Theater from Italy comes to Israel with it’s Creativity-in-Motion spectacular show “electriCity”: an exciting fusion of Dance, Art, Acrobatics, Magic and illusion, using an exciting mix  of science and art to create a truly unique experience, combining black light and shadows with acrobatic dance , video art and visual illusions. The company has for the last seven years toured the world captivating audiences with their unique performances. As well as creating shows for The National Ballet Company in Florence, Italy\'s Got Talent , and most recently creating the new hit Show \"The Magic of Light\" for Disney Cruise Lines.  Founded by an American Artist, Anthony Heinl, and based in Rome Italy,  Evolution Dance Theater is dedicated to creating new and innovative techniques for the stage', NULL, NULL, '2017-02-20 23:14:09', '2017-02-22 21:46:26', '8077ce6a-fada-4196-9854-3a76825d7113'),
 ('4', '45', 'he', NULL, 'לתרום רב־לשוני זאת בה, צ\'ט אודות הקהילה למתחילים גם. את אחר מיזמים והגולשים מונחונים, מדע תרבות שאלות עסקים בה, על מחליטה נבחרים ומהימנה מדע. ברית קרימינולוגיה סדר ב, דפים רוסית נבחרים מתן גם. אם עוד התוכן וקשקש. לתרום רב־לשוני זאת בה, צ\'ט אודות הקהילה למתחילים גם. את אחר מיזמים והגולשים מונחונים, מדע תרבות שאלות עסקים בה, על מחליטה נבחרים ומהימנה מדע. ברית קרימינולוגיה סדר ב, דפים רוסית נבחרים מתן גם. אם עוד התוכן וקשקש. לתרום רב־לשוני זאת בה, צ\'ט אודות הקהילה למתחילים גם. את אחר מיזמים והגולשים מונחונים, מדע תרבות שאלות עסקים בה, על מחליטה נבחרים ומהימנה מדע. ברית קרימינולוגיה סדר ב, דפים רוסית נבחרים מתן גם. אם עוד התוכן וקשקש. לתרום רב־לשוני זאת בה, צ\'ט אודות הקהילה למתחילים גם. את אחר מיזמים והגולשים מונחונים, מדע תרבות שאלות עסקים בה, על מחליטה נבחרים ומהימנה מדע. ברית קרימינולוגיה סדר ב, דפים רוסית נבחרים מתן גם. אם עוד התוכן וקשקש.', NULL, NULL, '2017-02-20 23:14:09', '2017-02-22 21:47:43', '02169658-f74d-44a7-beb5-404a9c9e0f51'),
 ('5', '46', 'en_us', NULL, NULL, NULL, NULL, '2017-02-20 23:14:09', '2017-02-22 21:46:26', '939f0e01-b03c-4184-b63a-8f81c7e300c1'),
 ('6', '46', 'he', NULL, NULL, NULL, NULL, '2017-02-20 23:14:09', '2017-02-22 21:47:43', '7e33b911-1473-4348-9138-cba3db72aa7c'),
 ('7', '47', 'en_us', NULL, NULL, 'Magical, exciting, cool... a must-see!', 'Weekend Milano', '2017-02-20 23:14:09', '2017-02-22 21:46:26', 'b99cace3-da9c-44cf-8ebb-d333115031f0'),
 ('8', '47', 'he', NULL, NULL, 'קסום , מרגש , מגניב ...חובה לראות !', 'ווייכינד, מילאנו', '2017-02-20 23:14:09', '2017-02-22 21:47:43', 'a8aac08d-c981-4a61-aa14-c4efc6195da8'),
 ('9', '48', 'en_us', NULL, NULL, NULL, NULL, '2017-02-20 23:14:09', '2017-02-22 21:46:26', '1924bc94-8428-4a25-af3b-850e3f7c672c'),
 ('10', '48', 'he', NULL, NULL, NULL, NULL, '2017-02-20 23:14:09', '2017-02-22 21:47:43', '0424d601-f5ff-4505-bb32-0515df457271'),
 ('11', '49', 'en_us', NULL, NULL, NULL, NULL, '2017-02-20 23:14:09', '2017-02-22 21:46:26', '632b588a-39d3-40b7-b822-63680876a08a'),
 ('12', '49', 'he', NULL, NULL, NULL, NULL, '2017-02-20 23:14:09', '2017-02-22 21:47:43', 'b0001f30-a078-4c6f-955e-ff98b7f47904'),
 ('13', '61', 'en_us', 'https://www.youtube.com/watch?v=uuAZDCEWEpk', NULL, NULL, NULL, '2017-02-22 20:14:43', '2017-02-22 20:18:44', '209a55cc-2ef4-4837-8b18-f983c993b20a'),
 ('14', '61', 'he', 'https://www.youtube.com/watch?v=uuAZDCEWEpk', NULL, NULL, NULL, '2017-02-22 20:14:43', '2017-02-22 20:18:44', '3305b024-8ff6-49df-8369-587197ff85f7'),
 ('15', '62', 'en_us', NULL, 'eVolution Dance Theater from Italy comes to Israel with it’s   Creativity-in-Motion spectacular show “electriCity”: an exciting fusion of Dance, Art, Acrobatics, Magic and illusion, using an exciting mix  of science and art to create a truly unique experience, combining black light and shadows with acrobatic dance , video art and visual illusions. The company has for the last seven years toured the world captivating audiences with their unique performances. As well as creating shows for The National Ballet Company in Florence, Italy\'s Got Talent , and most recently creating the new hit Show \"The Magic of Light\" for Disney Cruise Lines.  Founded by an American Artist, Anthony Heinl, and based in Rome Italy,  Evolution Dance Theater is dedicated to creating new and innovative techniques for the stage', NULL, NULL, '2017-02-22 20:14:43', '2017-02-22 20:17:22', '9adcc3ec-eb37-4683-b56c-801aab9d029a'),
 ('16', '62', 'he', NULL, 'eVolution Dance Theater from Italy comes to Israel with it’s   Creativity-in-Motion spectacular show “electriCity”: an exciting fusion of Dance, Art, Acrobatics, Magic and illusion, using an exciting mix  of science and art to create a truly unique experience, combining black light and shadows with acrobatic dance , video art and visual illusions. The company has for the last seven years toured the world captivating audiences with their unique performances. As well as creating shows for The National Ballet Company in Florence, Italy\'s Got Talent , and most recently creating the new hit Show \"The Magic of Light\" for Disney Cruise Lines.  Founded by an American Artist, Anthony Heinl, and based in Rome Italy,  Evolution Dance Theater is dedicated to creating new and innovative techniques for the stage', NULL, NULL, '2017-02-22 20:14:43', '2017-02-22 20:18:44', '349848bb-b7ad-459f-8c24-a42f00d3853b'),
 ('17', '63', 'en_us', NULL, NULL, NULL, NULL, '2017-02-22 20:14:43', '2017-02-22 20:17:23', '4c929e27-cb98-4e0f-b0dd-95611f8bbe57'),
 ('18', '63', 'he', NULL, NULL, NULL, NULL, '2017-02-22 20:14:43', '2017-02-22 20:18:44', '78032dc0-19df-43c6-a78e-2075accae456'),
 ('19', '64', 'en_us', NULL, NULL, 'Magical, exciting, cool... a must-see!', 'Weekend Milano', '2017-02-22 20:14:43', '2017-02-22 20:17:23', 'ad855efb-6e11-4098-90d2-47241ab9ad3c'),
 ('20', '64', 'he', NULL, NULL, 'Magical, exciting, cool... a must-see!', 'Weekend Milano', '2017-02-22 20:14:43', '2017-02-22 20:18:44', 'e6f2fd54-1165-4db6-bd3f-4aa606ff5cbd'),
 ('21', '65', 'en_us', NULL, NULL, NULL, NULL, '2017-02-22 20:14:43', '2017-02-22 20:17:23', '76f8272f-4c05-48a2-a3a5-e20bd03d1ed4'),
 ('22', '65', 'he', NULL, NULL, NULL, NULL, '2017-02-22 20:14:43', '2017-02-22 20:18:44', '6a11da70-9cf3-489a-8a81-54acd764e639'),
 ('23', '66', 'en_us', NULL, NULL, NULL, NULL, '2017-02-22 20:14:44', '2017-02-22 20:17:23', 'fd37932d-911a-4771-baca-7085097d55ad'),
 ('24', '66', 'he', NULL, NULL, NULL, NULL, '2017-02-22 20:14:44', '2017-02-22 20:18:44', 'ef6d6eb8-f1d4-4d2e-8528-ccb3f52c0ef0');



DROP TABLE IF EXISTS `matrixcontent_showticketinformation`;


--
-- Schema for table `matrixcontent_showticketinformation`
--
CREATE TABLE `matrixcontent_showticketinformation` (
  `id` int(11) NOT NULL AUTO_INCREMENT,
  `elementId` int(11) NOT NULL,
  `locale` char(12) COLLATE utf8_unicode_ci NOT NULL,
  `field_ticketInformation_theaterName` text COLLATE utf8_unicode_ci,
  `field_ticketInformation_showDateTime` datetime DEFAULT NULL,
  `field_ticketInformation_purchaseLink` text COLLATE utf8_unicode_ci,
  `dateCreated` datetime NOT NULL,
  `dateUpdated` datetime NOT NULL,
  `uid` char(36) COLLATE utf8_unicode_ci NOT NULL DEFAULT '0',
  PRIMARY KEY (`id`),
  UNIQUE KEY `matrixcontent_showticketinformation_elementId_locale_unq_idx` (`elementId`,`locale`),
  KEY `matrixcontent_showticketinformation_locale_fk` (`locale`)
) ENGINE=InnoDB AUTO_INCREMENT=17 DEFAULT CHARSET=utf8 COLLATE=utf8_unicode_ci;

--
-- Data for table `matrixcontent_showticketinformation`
--

INSERT INTO `matrixcontent_showticketinformation` (`id`, `elementId`, `locale`, `field_ticketInformation_theaterName`, `field_ticketInformation_showDateTime`, `field_ticketInformation_purchaseLink`, `dateCreated`, `dateUpdated`, `uid`) VALUES
 ('1', '50', 'en_us', 'Herzliiya National Thater', '2017-02-26 18:00:00', 'http://google.com', '2017-02-20 23:14:09', '2017-02-22 21:47:43', 'c8718443-f510-4c8e-99f3-ffd0ad21f771'),
 ('2', '50', 'he', 'התיאטרון הלאומי הרצליה', '2017-02-26 18:00:00', 'http://google.com', '2017-02-20 23:14:09', '2017-02-22 21:47:43', 'a46c1212-488c-44e0-becc-85a3f88d2297'),
 ('3', '51', 'en_us', 'Habima, Tel Aviv', '2017-02-27 17:00:00', 'http://google.com', '2017-02-20 23:14:09', '2017-02-22 21:47:43', '878ab005-6e5d-41c5-a041-c81818759a68'),
 ('4', '51', 'he', 'הבימה, תל אביב', '2017-02-27 17:00:00', 'http://google.com', '2017-02-20 23:14:09', '2017-02-22 21:47:43', '2804bc2c-d55c-44d6-a3fe-fb601eafcf4d'),
 ('5', '52', 'en_us', 'Habima, Tel-Aviv', '2017-02-27 21:00:00', 'http://google.com', '2017-02-20 23:14:09', '2017-02-22 21:47:43', '1ddbcee5-9999-42a5-961c-5bd50ecd7ffa'),
 ('6', '52', 'he', 'הבימה, תל אביב', '2017-02-27 21:00:00', 'http://google.com', '2017-02-20 23:14:09', '2017-02-22 21:47:43', 'ad2e3769-e330-4fc2-ab1b-4db3bcb44b27'),
 ('7', '53', 'en_us', 'Jerusalem Theater', '2017-02-28 19:00:00', 'http://google.com', '2017-02-20 23:14:09', '2017-02-22 21:47:43', '8d3234c5-b20e-4cdd-a584-09a421b8e5ae'),
 ('8', '53', 'he', 'תיאטרון ירושלים', '2017-02-28 19:00:00', 'http://google.com', '2017-02-20 23:14:09', '2017-02-22 21:47:43', '48b8aaed-c79e-49b9-b6c4-f8216d5d21a2'),
 ('9', '67', 'en_us', 'Herzliiya National Thater', '2017-02-26 18:00:00', 'http://google.com', '2017-02-22 20:14:44', '2017-02-22 20:18:44', '104c2047-0c91-4014-b3ac-0ed6524e35c1'),
 ('10', '67', 'he', 'Herzliiya National Thater', '2017-02-26 18:00:00', 'http://google.com', '2017-02-22 20:14:44', '2017-02-22 20:18:44', 'b6f5ff7b-d07d-4cc4-a0b6-6fa2c60feb35'),
 ('11', '68', 'en_us', 'Habima, Tel Aviv', '2017-02-27 17:00:00', 'http://google.com', '2017-02-22 20:14:44', '2017-02-22 20:18:44', '3a3ca8f9-4920-4749-9ba7-17c70ec3d00e'),
 ('12', '68', 'he', 'Habima, Tel Aviv', '2017-02-27 17:00:00', 'http://google.com', '2017-02-22 20:14:44', '2017-02-22 20:18:44', '4bbeb22f-73a9-4561-9ca6-daf9d61ee4d5'),
 ('13', '69', 'en_us', 'Habima, Tel-Aviv', '2017-02-27 21:00:00', 'http://google.com', '2017-02-22 20:14:44', '2017-02-22 20:18:44', '5cdef5b7-2d3d-4319-9094-aafbb806ae22'),
 ('14', '69', 'he', 'Habima, Tel-Aviv', '2017-02-27 21:00:00', 'http://google.com', '2017-02-22 20:14:44', '2017-02-22 20:18:44', 'e9f8f14d-1385-47d3-b292-39443f15106d'),
 ('15', '70', 'en_us', 'Jerusalem Theater', '2017-02-28 19:00:00', 'http://google.com', '2017-02-22 20:14:44', '2017-02-22 20:18:44', '526de630-208e-43ac-b9d4-d0baa8a5e04c'),
 ('16', '70', 'he', 'Jerusalem Theater', '2017-02-28 19:00:00', 'http://google.com', '2017-02-22 20:14:44', '2017-02-22 20:18:44', '931e3428-3ba8-4d24-a8e0-e7d23c1783c5');



DROP TABLE IF EXISTS `matrixcontent_singlecontent`;


--
-- Schema for table `matrixcontent_singlecontent`
--
CREATE TABLE `matrixcontent_singlecontent` (
  `id` int(11) NOT NULL AUTO_INCREMENT,
  `elementId` int(11) NOT NULL,
  `locale` char(12) COLLATE utf8_unicode_ci NOT NULL,
  `field_textBlock_textContent` text COLLATE utf8_unicode_ci,
  `field_titleBlock_titleContent` text COLLATE utf8_unicode_ci,
  `dateCreated` datetime NOT NULL,
  `dateUpdated` datetime NOT NULL,
  `uid` char(36) COLLATE utf8_unicode_ci NOT NULL DEFAULT '0',
  PRIMARY KEY (`id`),
  UNIQUE KEY `matrixcontent_singlecontent_elementId_locale_unq_idx` (`elementId`,`locale`),
  KEY `matrixcontent_singlecontent_locale_fk` (`locale`)
) ENGINE=InnoDB AUTO_INCREMENT=7 DEFAULT CHARSET=utf8 COLLATE=utf8_unicode_ci;

--
-- Data for table `matrixcontent_singlecontent`
--

INSERT INTO `matrixcontent_singlecontent` (`id`, `elementId`, `locale`, `field_textBlock_textContent`, `field_titleBlock_titleContent`, `dateCreated`, `dateUpdated`, `uid`) VALUES
 ('2', '87', 'en_us', NULL, 'Who is OZ Productions?', '2017-02-23 18:45:42', '2017-02-23 19:13:19', '86f48e07-2858-4653-8334-64ac99874e75'),
 ('3', '88', 'en_us', '<p>eVolution Dance Theater from Italy comes to Israel with it’s   Creativity-in-Motion spectacular show “electriCity”: an exciting fusion of Dance, Art, Acrobatics, Magic and illusion, using an exciting mix </p>\n<p>of science and art to create a truly unique experience, combining black light and shadows with acrobatic dance , video art and visual illusions.</p>\n<p>The company has for the last seven years toured the world captivating audiences with their unique performances. As well as creating shows for The National Ballet Company in Florence, Italy\'s Got Talent , and most recently creating the new hit Show \"The Magic of Light\" for Disney Cruise Lines. </p>\n<p>Founded by an American Artist, Anthony Heinl, and based in Rome Italy,  Evolution Dance Theater is dedicated to creating new and innovative techniques for the stage</p>', NULL, '2017-02-23 18:45:42', '2017-02-23 19:13:19', 'dcb08784-a27d-49b8-b667-0021fb5ef750'),
 ('4', '89', 'en_us', NULL, 'Contact', '2017-02-23 18:45:42', '2017-02-23 19:13:19', 'af943516-c8a4-48df-a25e-1e8c65663aa1'),
 ('5', '90', 'en_us', '<p>contact@oz-productions.co</p>\n<p>+972 (52) 58 76 5341</p>\n<p>Klonimus 4, Suite 5</p>\n<p>Tel Aviv, IL, 6248</p>', NULL, '2017-02-23 18:45:42', '2017-02-23 19:13:19', 'c7aef0f2-e2d7-4960-887c-97c23813dc57'),
 ('6', '91', 'en_us', NULL, NULL, '2017-02-23 19:13:19', '2017-02-23 19:13:19', '732e71b0-6f73-4170-9645-007c3fffab37');



DROP TABLE IF EXISTS `migrations`;


--
-- Schema for table `migrations`
--
CREATE TABLE `migrations` (
  `id` int(11) NOT NULL AUTO_INCREMENT,
  `pluginId` int(11) DEFAULT NULL,
  `version` varchar(255) COLLATE utf8_unicode_ci NOT NULL,
  `applyTime` datetime NOT NULL,
  `dateCreated` datetime NOT NULL,
  `dateUpdated` datetime NOT NULL,
  `uid` char(36) COLLATE utf8_unicode_ci NOT NULL DEFAULT '0',
  PRIMARY KEY (`id`),
  UNIQUE KEY `migrations_version_unq_idx` (`version`),
  KEY `migrations_pluginId_fk` (`pluginId`)
) ENGINE=InnoDB AUTO_INCREMENT=40 DEFAULT CHARSET=utf8 COLLATE=utf8_unicode_ci;

--
-- Data for table `migrations`
--

INSERT INTO `migrations` (`id`, `pluginId`, `version`, `applyTime`, `dateCreated`, `dateUpdated`, `uid`) VALUES
 ('1', NULL, 'm000000_000000_base', '2017-01-26 23:53:34', '2017-01-26 23:53:35', '2017-01-26 23:53:35', 'f9ff9175-a3df-4a80-bd6c-b1260f7cfeb5'),
 ('2', NULL, 'm140730_000001_add_filename_and_format_to_transformindex', '2017-01-26 23:53:35', '2017-01-26 23:53:35', '2017-01-26 23:53:35', 'f7d845ea-d6c9-4da3-a7b9-569a52477265'),
 ('3', NULL, 'm140815_000001_add_format_to_transforms', '2017-01-26 23:53:35', '2017-01-26 23:53:35', '2017-01-26 23:53:35', '02d614bf-10cc-40d1-bcff-d8cb7cd576ff'),
 ('4', NULL, 'm140822_000001_allow_more_than_128_items_per_field', '2017-01-26 23:53:35', '2017-01-26 23:53:35', '2017-01-26 23:53:35', '05acee92-9b46-4943-8794-ab1555837100'),
 ('5', NULL, 'm140829_000001_single_title_formats', '2017-01-26 23:53:35', '2017-01-26 23:53:35', '2017-01-26 23:53:35', 'c646cae2-f4a4-46a3-b998-9e683fca0669'),
 ('6', NULL, 'm140831_000001_extended_cache_keys', '2017-01-26 23:53:35', '2017-01-26 23:53:35', '2017-01-26 23:53:35', '34c62811-24a2-44fa-a6ed-1cceb3571ce6'),
 ('7', NULL, 'm140922_000001_delete_orphaned_matrix_blocks', '2017-01-26 23:53:35', '2017-01-26 23:53:35', '2017-01-26 23:53:35', '17dc7455-505e-4536-9d1e-522a7e872ea0'),
 ('8', NULL, 'm141008_000001_elements_index_tune', '2017-01-26 23:53:35', '2017-01-26 23:53:35', '2017-01-26 23:53:35', 'e11bbd61-1499-4fbf-aec3-24f4ea00e2c5'),
 ('9', NULL, 'm141009_000001_assets_source_handle', '2017-01-26 23:53:35', '2017-01-26 23:53:35', '2017-01-26 23:53:35', '89b7df05-c2f8-45f2-9a4c-6c105c6399f6'),
 ('10', NULL, 'm141024_000001_field_layout_tabs', '2017-01-26 23:53:35', '2017-01-26 23:53:35', '2017-01-26 23:53:35', 'ef2ed955-7427-4c02-a197-1190e1c0af2d'),
 ('11', NULL, 'm141030_000000_plugin_schema_versions', '2017-01-26 23:53:35', '2017-01-26 23:53:35', '2017-01-26 23:53:35', '9627dfc0-d90b-41c5-ae57-224bcfccf2e3'),
 ('12', NULL, 'm141030_000001_drop_structure_move_permission', '2017-01-26 23:53:35', '2017-01-26 23:53:35', '2017-01-26 23:53:35', '0adc9711-8ee2-4a83-bc09-a1d6609bb994'),
 ('13', NULL, 'm141103_000001_tag_titles', '2017-01-26 23:53:35', '2017-01-26 23:53:35', '2017-01-26 23:53:35', '0eef69ca-783a-4baa-a69a-71966ad4a3a2'),
 ('14', NULL, 'm141109_000001_user_status_shuffle', '2017-01-26 23:53:35', '2017-01-26 23:53:35', '2017-01-26 23:53:35', '4c3af602-6eec-4f17-bd30-4bd0c30d0f81'),
 ('15', NULL, 'm141126_000001_user_week_start_day', '2017-01-26 23:53:35', '2017-01-26 23:53:35', '2017-01-26 23:53:35', 'f205f85d-77c2-4e07-95af-e7c6a42c635b'),
 ('16', NULL, 'm150210_000001_adjust_user_photo_size', '2017-01-26 23:53:35', '2017-01-26 23:53:35', '2017-01-26 23:53:35', '55ca3bc2-7396-4f0b-ac5d-83ec55b0c2bc'),
 ('17', NULL, 'm150724_000001_adjust_quality_settings', '2017-01-26 23:53:35', '2017-01-26 23:53:35', '2017-01-26 23:53:35', '3fe42674-111b-4483-8f33-93c724a855ee'),
 ('18', NULL, 'm150827_000000_element_index_settings', '2017-01-26 23:53:35', '2017-01-26 23:53:35', '2017-01-26 23:53:35', '4fc49a6c-f5d4-409c-95c7-1dbe9a0a1cd9'),
 ('19', NULL, 'm150918_000001_add_colspan_to_widgets', '2017-01-26 23:53:35', '2017-01-26 23:53:35', '2017-01-26 23:53:35', '67046431-22a0-4b10-921b-2f4488099f44'),
 ('20', NULL, 'm151007_000000_clear_asset_caches', '2017-01-26 23:53:35', '2017-01-26 23:53:35', '2017-01-26 23:53:35', '3c31f6fd-8e02-4e5d-82f6-60b8b979e1cb'),
 ('21', NULL, 'm151109_000000_text_url_formats', '2017-01-26 23:53:35', '2017-01-26 23:53:35', '2017-01-26 23:53:35', '49cc8656-06fd-475f-9749-f4f7a7e56c4c'),
 ('22', NULL, 'm151110_000000_move_logo', '2017-01-26 23:53:35', '2017-01-26 23:53:35', '2017-01-26 23:53:35', 'ec718391-c1ca-4ba9-9d0b-8c8c6e6df503'),
 ('23', NULL, 'm151117_000000_adjust_image_widthheight', '2017-01-26 23:53:35', '2017-01-26 23:53:35', '2017-01-26 23:53:35', 'c24e9ea3-97f7-44f9-8880-b3fd90cad217'),
 ('24', NULL, 'm151127_000000_clear_license_key_status', '2017-01-26 23:53:35', '2017-01-26 23:53:35', '2017-01-26 23:53:35', '92dd65c7-374c-4166-913f-a95d80467741'),
 ('25', NULL, 'm151127_000000_plugin_license_keys', '2017-01-26 23:53:35', '2017-01-26 23:53:35', '2017-01-26 23:53:35', 'af72d73b-fe45-4d66-81fe-c01d933d882a'),
 ('26', NULL, 'm151130_000000_update_pt_widget_feeds', '2017-01-26 23:53:35', '2017-01-26 23:53:35', '2017-01-26 23:53:35', '3c4e6681-bb74-4d14-8dcf-feef4a326a94'),
 ('27', NULL, 'm160114_000000_asset_sources_public_url_default_true', '2017-01-26 23:53:35', '2017-01-26 23:53:35', '2017-01-26 23:53:35', '75c4d159-ba04-4247-8f53-1efcf9658b6a'),
 ('28', NULL, 'm160223_000000_sortorder_to_smallint', '2017-01-26 23:53:35', '2017-01-26 23:53:35', '2017-01-26 23:53:35', 'ed2f07ca-8f04-4820-9175-97591f7f5d9f'),
 ('29', NULL, 'm160229_000000_set_default_entry_statuses', '2017-01-26 23:53:35', '2017-01-26 23:53:35', '2017-01-26 23:53:35', '6df07ec3-d7b3-4b14-ba38-323c9a44233e'),
 ('30', NULL, 'm160304_000000_client_permissions', '2017-01-26 23:53:35', '2017-01-26 23:53:35', '2017-01-26 23:53:35', '1cec196f-e927-4a69-bb91-2e87db05163c'),
 ('31', NULL, 'm160322_000000_asset_filesize', '2017-01-26 23:53:35', '2017-01-26 23:53:35', '2017-01-26 23:53:35', 'c14b8eae-1bee-437b-9f84-0beb711725dd'),
 ('32', NULL, 'm160503_000000_orphaned_fieldlayouts', '2017-01-26 23:53:35', '2017-01-26 23:53:35', '2017-01-26 23:53:35', 'f2a6fcdc-0743-427a-8f07-c1ec585f86d9'),
 ('33', NULL, 'm160510_000000_tasksettings', '2017-01-26 23:53:35', '2017-01-26 23:53:35', '2017-01-26 23:53:35', '580060e9-7637-48a3-b22b-688e83efdc20'),
 ('34', NULL, 'm160829_000000_pending_user_content_cleanup', '2017-01-26 23:53:35', '2017-01-26 23:53:35', '2017-01-26 23:53:35', 'b988b082-4012-45fe-9cae-81b88513bfd3'),
 ('35', NULL, 'm160830_000000_asset_index_uri_increase', '2017-01-26 23:53:35', '2017-01-26 23:53:35', '2017-01-26 23:53:35', 'bfbbd3c1-32ec-400b-8039-c9fc2ffae98d'),
 ('36', NULL, 'm160919_000000_usergroup_handle_title_unique', '2017-01-26 23:53:35', '2017-01-26 23:53:35', '2017-01-26 23:53:35', 'cbb103c0-0777-4bb2-bde7-d1bfc37d8f69'),
 ('37', NULL, 'm161108_000000_new_version_format', '2017-01-26 23:53:35', '2017-01-26 23:53:35', '2017-01-26 23:53:35', '8c28e0a3-3fd9-491d-bf50-d8860065e6dc'),
 ('38', NULL, 'm161109_000000_index_shuffle', '2017-01-26 23:53:35', '2017-01-26 23:53:35', '2017-01-26 23:53:35', '25a2476c-f7fa-4c1c-a7d0-11c823c3ef91'),
 ('39', '2', 'm160606_162300_simpleMap_updateFieldStorage', '2017-02-23 18:39:40', '2017-02-23 18:39:40', '2017-02-23 18:39:40', '852a5a43-3c39-401a-a006-7139a3f66165');



DROP TABLE IF EXISTS `plugins`;


--
-- Schema for table `plugins`
--
CREATE TABLE `plugins` (
  `id` int(11) NOT NULL AUTO_INCREMENT,
  `class` varchar(150) COLLATE utf8_unicode_ci NOT NULL,
  `version` varchar(15) COLLATE utf8_unicode_ci NOT NULL,
  `schemaVersion` varchar(15) COLLATE utf8_unicode_ci DEFAULT NULL,
  `licenseKey` char(24) COLLATE utf8_unicode_ci DEFAULT NULL,
  `licenseKeyStatus` enum('valid','invalid','mismatched','unknown') COLLATE utf8_unicode_ci NOT NULL DEFAULT 'unknown',
  `enabled` tinyint(1) unsigned NOT NULL DEFAULT '0',
  `settings` text COLLATE utf8_unicode_ci,
  `installDate` datetime NOT NULL,
  `dateCreated` datetime NOT NULL,
  `dateUpdated` datetime NOT NULL,
  `uid` char(36) COLLATE utf8_unicode_ci NOT NULL DEFAULT '0',
  PRIMARY KEY (`id`)
) ENGINE=InnoDB AUTO_INCREMENT=3 DEFAULT CHARSET=utf8 COLLATE=utf8_unicode_ci;

--
-- Data for table `plugins`
--

INSERT INTO `plugins` (`id`, `class`, `version`, `schemaVersion`, `licenseKey`, `licenseKeyStatus`, `enabled`, `settings`, `installDate`, `dateCreated`, `dateUpdated`, `uid`) VALUES
 ('1', 'VideoEmbedUtility', '1.0.0', NULL, NULL, 'unknown', '1', NULL, '2017-02-06 20:00:39', '2017-02-06 20:00:39', '2017-02-23 21:36:11', 'bb06d543-a4f1-4679-b860-58430f0f8116'),
 ('2', 'SimpleMap', '1.3.0', '0.0.6', NULL, 'unknown', '1', '{\"browserApiKey\":\"AIzaSyBpwEbVUUeZxLNDnjXhxF-gsms_FxY_iN0\"}', '2017-02-23 18:39:40', '2017-02-23 18:39:40', '2017-02-23 21:36:11', '79c8d79b-b16b-47f4-b4f0-58cc7d9c28ec');



DROP TABLE IF EXISTS `rackspaceaccess`;


--
-- Schema for table `rackspaceaccess`
--
CREATE TABLE `rackspaceaccess` (
  `id` int(11) NOT NULL AUTO_INCREMENT,
  `connectionKey` varchar(255) COLLATE utf8_unicode_ci NOT NULL,
  `token` varchar(255) COLLATE utf8_unicode_ci NOT NULL,
  `storageUrl` varchar(255) COLLATE utf8_unicode_ci NOT NULL,
  `cdnUrl` varchar(255) COLLATE utf8_unicode_ci NOT NULL,
  `dateCreated` datetime NOT NULL,
  `dateUpdated` datetime NOT NULL,
  `uid` char(36) COLLATE utf8_unicode_ci NOT NULL DEFAULT '0',
  PRIMARY KEY (`id`),
  UNIQUE KEY `rackspaceaccess_connectionKey_unq_idx` (`connectionKey`)
) ENGINE=InnoDB DEFAULT CHARSET=utf8 COLLATE=utf8_unicode_ci;

DROP TABLE IF EXISTS `relations`;


--
-- Schema for table `relations`
--
CREATE TABLE `relations` (
  `id` int(11) NOT NULL AUTO_INCREMENT,
  `fieldId` int(11) NOT NULL,
  `sourceId` int(11) NOT NULL,
  `sourceLocale` char(12) COLLATE utf8_unicode_ci DEFAULT NULL,
  `targetId` int(11) NOT NULL,
  `sortOrder` smallint(6) DEFAULT NULL,
  `dateCreated` datetime NOT NULL,
  `dateUpdated` datetime NOT NULL,
  `uid` char(36) COLLATE utf8_unicode_ci NOT NULL DEFAULT '0',
  PRIMARY KEY (`id`),
  UNIQUE KEY `relations_fieldId_sourceId_sourceLocale_targetId_unq_idx` (`fieldId`,`sourceId`,`sourceLocale`,`targetId`),
  KEY `relations_sourceId_fk` (`sourceId`),
  KEY `relations_sourceLocale_fk` (`sourceLocale`),
  KEY `relations_targetId_fk` (`targetId`)
) ENGINE=InnoDB AUTO_INCREMENT=85 DEFAULT CHARSET=utf8 COLLATE=utf8_unicode_ci;

--
-- Data for table `relations`
--

INSERT INTO `relations` (`id`, `fieldId`, `sourceId`, `sourceLocale`, `targetId`, `sortOrder`, `dateCreated`, `dateUpdated`, `uid`) VALUES
 ('66', '41', '63', NULL, '40', '1', '2017-02-22 20:18:44', '2017-02-22 20:18:44', '89f2d764-9e4a-421a-b55d-ca9f1bb85e6d'),
 ('67', '41', '65', NULL, '41', '1', '2017-02-22 20:18:44', '2017-02-22 20:18:44', 'd23042ef-567b-4ae5-a4b0-2929a20319fb'),
 ('68', '41', '66', NULL, '42', '1', '2017-02-22 20:18:44', '2017-02-22 20:18:44', '27d6d704-c199-450c-b2b1-0929a231c413'),
 ('69', '51', '60', NULL, '71', '1', '2017-02-22 20:18:44', '2017-02-22 20:18:44', '81007e77-bb24-486a-9a82-3668ce4afbbc'),
 ('70', '53', '60', NULL, '72', '1', '2017-02-22 20:18:44', '2017-02-22 20:18:44', '67c77b20-bb8e-4c9c-b54c-d4998ed5e1c6'),
 ('74', '36', '77', NULL, '76', '1', '2017-02-22 21:01:33', '2017-02-22 21:01:33', 'e7b8e583-55b2-475b-ab41-e98e9fad56e1'),
 ('80', '41', '46', NULL, '40', '1', '2017-02-22 21:47:43', '2017-02-22 21:47:43', 'd1147dcc-7391-490a-8643-f93a71f9245b'),
 ('81', '41', '48', NULL, '41', '1', '2017-02-22 21:47:43', '2017-02-22 21:47:43', 'de1e4e48-15f1-4592-92f4-601141d8d768'),
 ('82', '41', '49', NULL, '42', '1', '2017-02-22 21:47:43', '2017-02-22 21:47:43', 'dd4cb5a5-bc34-4961-9637-ad18ee9d4d1f'),
 ('83', '51', '39', NULL, '57', '1', '2017-02-22 21:47:43', '2017-02-22 21:47:43', '17970c93-dba3-4618-9c33-7367b182974b'),
 ('84', '53', '39', NULL, '59', '1', '2017-02-22 21:47:43', '2017-02-22 21:47:43', '278c4f6d-52d2-400c-8544-917f81d0eb98');



DROP TABLE IF EXISTS `routes`;


--
-- Schema for table `routes`
--
CREATE TABLE `routes` (
  `id` int(11) NOT NULL AUTO_INCREMENT,
  `locale` char(12) COLLATE utf8_unicode_ci DEFAULT NULL,
  `urlParts` varchar(255) COLLATE utf8_unicode_ci NOT NULL,
  `urlPattern` varchar(255) COLLATE utf8_unicode_ci NOT NULL,
  `template` varchar(255) COLLATE utf8_unicode_ci NOT NULL,
  `sortOrder` smallint(6) unsigned DEFAULT NULL,
  `dateCreated` datetime NOT NULL,
  `dateUpdated` datetime NOT NULL,
  `uid` char(36) COLLATE utf8_unicode_ci NOT NULL DEFAULT '0',
  PRIMARY KEY (`id`),
  UNIQUE KEY `routes_urlPattern_unq_idx` (`urlPattern`),
  KEY `routes_locale_idx` (`locale`)
) ENGINE=InnoDB DEFAULT CHARSET=utf8 COLLATE=utf8_unicode_ci;

DROP TABLE IF EXISTS `searchindex`;


--
-- Schema for table `searchindex`
--
CREATE TABLE `searchindex` (
  `elementId` int(11) NOT NULL,
  `attribute` varchar(25) COLLATE utf8_unicode_ci NOT NULL,
  `fieldId` int(11) NOT NULL,
  `locale` char(12) COLLATE utf8_unicode_ci NOT NULL,
  `keywords` text COLLATE utf8_unicode_ci NOT NULL,
  PRIMARY KEY (`elementId`,`attribute`,`fieldId`,`locale`),
  FULLTEXT KEY `searchindex_keywords_idx` (`keywords`)
) ENGINE=MyISAM DEFAULT CHARSET=utf8 COLLATE=utf8_unicode_ci;

--
-- Data for table `searchindex`
--

INSERT INTO `searchindex` (`elementId`, `attribute`, `fieldId`, `locale`, `keywords`) VALUES
 ('30', 'filename', '0', 'en_us', ' 02 1 jpg '),
 ('30', 'extension', '0', 'en_us', ' jpg '),
 ('30', 'kind', '0', 'en_us', ' image '),
 ('30', 'slug', '0', 'en_us', ' 02 1 '),
 ('30', 'title', '0', 'en_us', ' 02 1 '),
 ('2', 'slug', '0', 'en_us', ' homepage '),
 ('2', 'title', '0', 'en_us', ' oz productions '),
 ('38', 'filename', '0', 'en_us', ' ejx9jc0kwjaqhn9lz9uqeqjamxy8kyh4k0vixjto7jyk_tn3n_qbvhzmwpbndettvm0w2zku5k6zy59p9p50tnwdhhnx6vvaugz7uy1ffa6i96wpbpzbohsulec lrr8whtkifaaaci2jkkzy km4wlp0aqyz4uhwt 2hqx7ot2vbezsvjasu7tzefyu0bjt0dcm ahy ucv jpg '),
 ('38', 'extension', '0', 'en_us', ' jpg '),
 ('38', 'kind', '0', 'en_us', ' image '),
 ('38', 'slug', '0', 'en_us', ' e jx9jc0 kwj aqh n9lz9u qeqjamx y8 kyh4 k0 vi xjto7 jyk t n3 n qbv hz mw pbndett vm0 w2 zku5k6z y59p9p50t nwd hh nx6 vv aug z7 uy1 ffa6i96wp bpzbohs ulec lrr8wht kif aaaci2 jk kzy k m4 wl p0a qyz4uhw t 2 hqx7o t2vb ez sv jasu7tze fyu0 bj t0d cm ahy ucv '),
 ('38', 'title', '0', 'en_us', ' e jx9jc0 kwj aqh n9lz9u qeqjamx y8 kyh4 k0 vi xjto7 jyk t n3 n qbv hz mw pbndett vm0 w2 zku5k6z y59p9p50t nwd hh nx6 vv aug z7 uy1 ffa6i96wp bpzbohs ulec lrr8wht kif aaaci2 jk kzy k m4 wl p0a qyz4uhw t 2 hqx7o t2vb ez sv jasu7tze fyu0 bj t0d cm ahy ucv '),
 ('39', 'slug', '0', 'en_us', ' pixel '),
 ('39', 'title', '0', 'en_us', ' pixel '),
 ('39', 'field', '46', 'en_us', ' header '),
 ('39', 'field', '37', 'en_us', ' kafig paris france '),
 ('39', 'field', '39', 'en_us', ' 2017 02 26 '),
 ('39', 'field', '38', 'en_us', ' 2017 02 28 '),
 ('39', 'field', '40', 'en_us', ' https www youtube com watch v=uuazdcewepk evolution dance theater from italy comes to israel with it s creativity in motion spectacular show electricity an exciting fusion of dance art acrobatics magic and illusion using an exciting mix of science and art to create a truly unique experience combining black light and shadows with acrobatic dance video art and visual illusions the company has for the last seven years toured the world captivating audiences with their unique performances as well as creating shows for the national ballet company in florence italy s got talent and most recently creating the new hit show the magic of light for disney cruise lines founded by an american artist anthony heinl and based in rome italy evolution dance theater is dedicated to creating new and innovative techniques for the stage electricity featured 01 magical exciting cool a must see weekend milano electricity featured 02 electricity featured 03 '),
 ('39', 'field', '47', 'en_us', ' http google com 2017 02 26 herzliiya national thater http google com 2017 02 27 habima tel aviv http google com 2017 02 27 habima tel aviv http google com 2017 02 28 jerusalem theater '),
 ('39', 'slug', '0', 'he', ' pixel '),
 ('39', 'title', '0', 'he', ' פיקסל '),
 ('39', 'field', '46', 'he', ''),
 ('39', 'field', '37', 'he', ' קאפיג פּריס צורפאת '),
 ('39', 'field', '39', 'he', ' 2017 02 26 '),
 ('39', 'field', '38', 'he', ' 2017 02 28 '),
 ('39', 'field', '40', 'he', ' https www youtube com watch v=uuazdcewepk לתרום רב־לשוני זאת בה צ ט אודות הקהילה למתחילים גם את אחר מיזמים והגולשים מונחונים מדע תרבות שאלות עסקים בה על מחליטה נבחרים ומהימנה מדע ברית קרימינולוגיה סדר ב דפים רוסית נבחרים מתן גם אם עוד התוכן וקשקש לתרום רב־לשוני זאת בה צ ט אודות הקהילה למתחילים גם את אחר מיזמים והגולשים מונחונים מדע תרבות שאלות עסקים בה על מחליטה נבחרים ומהימנה מדע ברית קרימינולוגיה סדר ב דפים רוסית נבחרים מתן גם אם עוד התוכן וקשקש לתרום רב־לשוני זאת בה צ ט אודות הקהילה למתחילים גם את אחר מיזמים והגולשים מונחונים מדע תרבות שאלות עסקים בה על מחליטה נבחרים ומהימנה מדע ברית קרימינולוגיה סדר ב דפים רוסית נבחרים מתן גם אם עוד התוכן וקשקש לתרום רב־לשוני זאת בה צ ט אודות הקהילה למתחילים גם את אחר מיזמים והגולשים מונחונים מדע תרבות שאלות עסקים בה על מחליטה נבחרים ומהימנה מדע ברית קרימינולוגיה סדר ב דפים רוסית נבחרים מתן גם אם עוד התוכן וקשקש electricity featured 01 קסום מרגש מגניב חובה לראות ווייכינד מילאנו electricity featured 02 electricity featured 03 '),
 ('39', 'field', '47', 'he', ' http google com 2017 02 26 התיאטרון הלאומי הרצליה http google com 2017 02 27 הבימה תל אביב http google com 2017 02 27 הבימה תל אביב http google com 2017 02 28 תיאטרון ירושלים '),
 ('1', 'username', '0', 'en_us', ' diego '),
 ('1', 'firstname', '0', 'en_us', ''),
 ('1', 'lastname', '0', 'en_us', ''),
 ('1', 'fullname', '0', 'en_us', ''),
 ('1', 'email', '0', 'en_us', ' hello diegozaks com '),
 ('1', 'slug', '0', 'en_us', ''),
 ('40', 'field', '32', 'en_us', ''),
 ('40', 'filename', '0', 'en_us', ' electricity featured 01 jpg '),
 ('40', 'extension', '0', 'en_us', ' jpg '),
 ('40', 'kind', '0', 'en_us', ' image '),
 ('40', 'slug', '0', 'en_us', ' electricity featured 01 '),
 ('40', 'title', '0', 'en_us', ' electricity featured 01 '),
 ('40', 'field', '32', 'he', ''),
 ('40', 'filename', '0', 'he', ' electricity featured 01 jpg '),
 ('40', 'extension', '0', 'he', ' jpg '),
 ('40', 'kind', '0', 'he', ' image '),
 ('40', 'slug', '0', 'he', ' electricity featured 01 '),
 ('40', 'title', '0', 'he', ' electricity featured 01 '),
 ('41', 'field', '32', 'en_us', ''),
 ('41', 'filename', '0', 'en_us', ' electricity featured 02 jpg '),
 ('41', 'extension', '0', 'en_us', ' jpg '),
 ('41', 'kind', '0', 'en_us', ' image '),
 ('41', 'slug', '0', 'en_us', ' electricity featured 02 '),
 ('41', 'title', '0', 'en_us', ' electricity featured 02 '),
 ('41', 'field', '32', 'he', ''),
 ('41', 'filename', '0', 'he', ' electricity featured 02 jpg '),
 ('41', 'extension', '0', 'he', ' jpg '),
 ('41', 'kind', '0', 'he', ' image '),
 ('41', 'slug', '0', 'he', ' electricity featured 02 '),
 ('41', 'title', '0', 'he', ' electricity featured 02 '),
 ('42', 'field', '32', 'en_us', ''),
 ('42', 'filename', '0', 'en_us', ' electricity featured 03 jpg '),
 ('42', 'extension', '0', 'en_us', ' jpg '),
 ('42', 'kind', '0', 'en_us', ' image '),
 ('42', 'slug', '0', 'en_us', ' electricity featured 03 '),
 ('42', 'title', '0', 'en_us', ' electricity featured 03 '),
 ('42', 'field', '32', 'he', ''),
 ('42', 'filename', '0', 'he', ' electricity featured 03 jpg '),
 ('42', 'extension', '0', 'he', ' jpg '),
 ('42', 'kind', '0', 'he', ' image '),
 ('42', 'slug', '0', 'he', ' electricity featured 03 '),
 ('42', 'title', '0', 'he', ' electricity featured 03 '),
 ('43', 'field', '32', 'en_us', ''),
 ('43', 'filename', '0', 'en_us', ' header jpg '),
 ('43', 'extension', '0', 'en_us', ' jpg '),
 ('43', 'kind', '0', 'en_us', ' image '),
 ('43', 'slug', '0', 'en_us', ' header '),
 ('43', 'title', '0', 'en_us', ' header '),
 ('43', 'field', '32', 'he', ''),
 ('43', 'filename', '0', 'he', ' header jpg '),
 ('43', 'extension', '0', 'he', ' jpg '),
 ('43', 'kind', '0', 'he', ' image '),
 ('43', 'slug', '0', 'he', ' header '),
 ('43', 'title', '0', 'he', ' header '),
 ('44', 'field', '42', 'en_us', ' https www youtube com watch v=uuazdcewepk '),
 ('44', 'slug', '0', 'en_us', ''),
 ('44', 'field', '42', 'he', ' https www youtube com watch v=uuazdcewepk '),
 ('44', 'slug', '0', 'he', ''),
 ('45', 'field', '43', 'en_us', ' evolution dance theater from italy comes to israel with it s creativity in motion spectacular show electricity an exciting fusion of dance art acrobatics magic and illusion using an exciting mix of science and art to create a truly unique experience combining black light and shadows with acrobatic dance video art and visual illusions the company has for the last seven years toured the world captivating audiences with their unique performances as well as creating shows for the national ballet company in florence italy s got talent and most recently creating the new hit show the magic of light for disney cruise lines founded by an american artist anthony heinl and based in rome italy evolution dance theater is dedicated to creating new and innovative techniques for the stage '),
 ('45', 'slug', '0', 'en_us', ''),
 ('45', 'field', '43', 'he', ' לתרום רב־לשוני זאת בה צ ט אודות הקהילה למתחילים גם את אחר מיזמים והגולשים מונחונים מדע תרבות שאלות עסקים בה על מחליטה נבחרים ומהימנה מדע ברית קרימינולוגיה סדר ב דפים רוסית נבחרים מתן גם אם עוד התוכן וקשקש לתרום רב־לשוני זאת בה צ ט אודות הקהילה למתחילים גם את אחר מיזמים והגולשים מונחונים מדע תרבות שאלות עסקים בה על מחליטה נבחרים ומהימנה מדע ברית קרימינולוגיה סדר ב דפים רוסית נבחרים מתן גם אם עוד התוכן וקשקש לתרום רב־לשוני זאת בה צ ט אודות הקהילה למתחילים גם את אחר מיזמים והגולשים מונחונים מדע תרבות שאלות עסקים בה על מחליטה נבחרים ומהימנה מדע ברית קרימינולוגיה סדר ב דפים רוסית נבחרים מתן גם אם עוד התוכן וקשקש לתרום רב־לשוני זאת בה צ ט אודות הקהילה למתחילים גם את אחר מיזמים והגולשים מונחונים מדע תרבות שאלות עסקים בה על מחליטה נבחרים ומהימנה מדע ברית קרימינולוגיה סדר ב דפים רוסית נבחרים מתן גם אם עוד התוכן וקשקש '),
 ('45', 'slug', '0', 'he', ''),
 ('46', 'field', '41', 'en_us', ' electricity featured 01 '),
 ('46', 'slug', '0', 'en_us', ''),
 ('46', 'field', '41', 'he', ' electricity featured 01 '),
 ('46', 'slug', '0', 'he', ''),
 ('47', 'field', '44', 'en_us', ' magical exciting cool a must see '),
 ('47', 'field', '45', 'en_us', ' weekend milano '),
 ('47', 'slug', '0', 'en_us', ''),
 ('47', 'field', '44', 'he', ' קסום מרגש מגניב חובה לראות '),
 ('47', 'field', '45', 'he', ' ווייכינד מילאנו '),
 ('47', 'slug', '0', 'he', '');
INSERT INTO `searchindex` (`elementId`, `attribute`, `fieldId`, `locale`, `keywords`) VALUES
 ('48', 'field', '41', 'en_us', ' electricity featured 02 '),
 ('48', 'slug', '0', 'en_us', ''),
 ('48', 'field', '41', 'he', ' electricity featured 02 '),
 ('48', 'slug', '0', 'he', ''),
 ('49', 'field', '41', 'en_us', ' electricity featured 03 '),
 ('49', 'slug', '0', 'en_us', ''),
 ('49', 'field', '41', 'he', ' electricity featured 03 '),
 ('49', 'slug', '0', 'he', ''),
 ('50', 'field', '48', 'en_us', ' herzliiya national thater '),
 ('50', 'field', '49', 'en_us', ' 2017 02 26 '),
 ('50', 'field', '50', 'en_us', ' http google com '),
 ('50', 'slug', '0', 'en_us', ''),
 ('50', 'field', '48', 'he', ' התיאטרון הלאומי הרצליה '),
 ('50', 'field', '49', 'he', ' 2017 02 26 '),
 ('50', 'field', '50', 'he', ' http google com '),
 ('50', 'slug', '0', 'he', ''),
 ('51', 'field', '48', 'en_us', ' habima tel aviv '),
 ('51', 'field', '49', 'en_us', ' 2017 02 27 '),
 ('51', 'field', '50', 'en_us', ' http google com '),
 ('51', 'slug', '0', 'en_us', ''),
 ('51', 'field', '48', 'he', ' הבימה תל אביב '),
 ('51', 'field', '49', 'he', ' 2017 02 27 '),
 ('51', 'field', '50', 'he', ' http google com '),
 ('51', 'slug', '0', 'he', ''),
 ('52', 'field', '48', 'en_us', ' habima tel aviv '),
 ('52', 'field', '49', 'en_us', ' 2017 02 27 '),
 ('52', 'field', '50', 'en_us', ' http google com '),
 ('52', 'slug', '0', 'en_us', ''),
 ('52', 'field', '48', 'he', ' הבימה תל אביב '),
 ('52', 'field', '49', 'he', ' 2017 02 27 '),
 ('52', 'field', '50', 'he', ' http google com '),
 ('52', 'slug', '0', 'he', ''),
 ('53', 'field', '48', 'en_us', ' jerusalem theater '),
 ('53', 'field', '49', 'en_us', ' 2017 02 28 '),
 ('53', 'field', '50', 'en_us', ' http google com '),
 ('53', 'slug', '0', 'en_us', ''),
 ('53', 'field', '48', 'he', ' תיאטרון ירושלים '),
 ('53', 'field', '49', 'he', ' 2017 02 28 '),
 ('53', 'field', '50', 'he', ' http google com '),
 ('53', 'slug', '0', 'he', ''),
 ('54', 'field', '32', 'en_us', ''),
 ('54', 'filename', '0', 'en_us', ' header jpg '),
 ('54', 'extension', '0', 'en_us', ' jpg '),
 ('54', 'kind', '0', 'en_us', ' image '),
 ('54', 'slug', '0', 'en_us', ' header '),
 ('54', 'title', '0', 'en_us', ' header '),
 ('54', 'field', '32', 'he', ''),
 ('54', 'filename', '0', 'he', ' header jpg '),
 ('54', 'extension', '0', 'he', ' jpg '),
 ('54', 'kind', '0', 'he', ' image '),
 ('54', 'slug', '0', 'he', ' header '),
 ('54', 'title', '0', 'he', ' header '),
 ('55', 'field', '32', 'en_us', ''),
 ('55', 'filename', '0', 'en_us', ' oz logo svg '),
 ('55', 'extension', '0', 'en_us', ' svg '),
 ('55', 'kind', '0', 'en_us', ' image '),
 ('55', 'slug', '0', 'en_us', ' oz logo '),
 ('55', 'title', '0', 'en_us', ' oz logo '),
 ('55', 'field', '32', 'he', ''),
 ('55', 'filename', '0', 'he', ' oz logo svg '),
 ('55', 'extension', '0', 'he', ' svg '),
 ('55', 'kind', '0', 'he', ' image '),
 ('55', 'slug', '0', 'he', ' oz logo '),
 ('55', 'title', '0', 'he', ' oz logo '),
 ('56', 'slug', '0', 'en_us', ' about contact '),
 ('56', 'title', '0', 'en_us', ' about contact '),
 ('56', 'slug', '0', 'he', ' about contact '),
 ('56', 'title', '0', 'he', ' about contact '),
 ('57', 'field', '32', 'en_us', ''),
 ('57', 'filename', '0', 'en_us', ' electricity slide jpg '),
 ('57', 'extension', '0', 'en_us', ' jpg '),
 ('57', 'kind', '0', 'en_us', ' image '),
 ('57', 'slug', '0', 'en_us', ' electricity slide '),
 ('57', 'title', '0', 'en_us', ' electricity slide '),
 ('57', 'field', '32', 'he', ''),
 ('57', 'filename', '0', 'he', ' electricity slide jpg '),
 ('57', 'extension', '0', 'he', ' jpg '),
 ('57', 'kind', '0', 'he', ' image '),
 ('57', 'slug', '0', 'he', ' electricity slide '),
 ('57', 'title', '0', 'he', ' electricity slide '),
 ('39', 'field', '51', 'en_us', ' electricity slide '),
 ('39', 'field', '52', 'en_us', ' 1 '),
 ('39', 'field', '52', 'he', ' 1 '),
 ('58', 'field', '32', 'en_us', ''),
 ('58', 'filename', '0', 'en_us', ' pixel png '),
 ('58', 'extension', '0', 'en_us', ' png '),
 ('58', 'kind', '0', 'en_us', ' image '),
 ('58', 'slug', '0', 'en_us', ' pixel '),
 ('58', 'title', '0', 'en_us', ' pixel '),
 ('58', 'field', '32', 'he', ''),
 ('58', 'filename', '0', 'he', ' pixel png '),
 ('58', 'extension', '0', 'he', ' png '),
 ('58', 'kind', '0', 'he', ' image '),
 ('58', 'slug', '0', 'he', ' pixel '),
 ('58', 'title', '0', 'he', ' pixel '),
 ('59', 'field', '32', 'en_us', ''),
 ('59', 'filename', '0', 'en_us', ' pixel jpg '),
 ('59', 'extension', '0', 'en_us', ' jpg '),
 ('59', 'kind', '0', 'en_us', ' image '),
 ('59', 'slug', '0', 'en_us', ' pixel ');
INSERT INTO `searchindex` (`elementId`, `attribute`, `fieldId`, `locale`, `keywords`) VALUES
 ('59', 'title', '0', 'en_us', ' pixel '),
 ('59', 'field', '32', 'he', ''),
 ('59', 'filename', '0', 'he', ' pixel jpg '),
 ('59', 'extension', '0', 'he', ' jpg '),
 ('59', 'kind', '0', 'he', ' image '),
 ('59', 'slug', '0', 'he', ' pixel '),
 ('59', 'title', '0', 'he', ' pixel '),
 ('39', 'field', '53', 'en_us', ' pixel '),
 ('39', 'field', '51', 'he', ' electricity slide '),
 ('39', 'field', '53', 'he', ' pixel '),
 ('60', 'field', '52', 'en_us', ' 0 '),
 ('60', 'field', '37', 'en_us', ' ballet sao paulo brazil '),
 ('60', 'field', '39', 'en_us', ' 2017 03 15 '),
 ('60', 'field', '38', 'en_us', ' 2017 03 30 '),
 ('60', 'field', '40', 'en_us', ' https www youtube com watch v=uuazdcewepk evolution dance theater from italy comes to israel with it s creativity in motion spectacular show electricity an exciting fusion of dance art acrobatics magic and illusion using an exciting mix of science and art to create a truly unique experience combining black light and shadows with acrobatic dance video art and visual illusions the company has for the last seven years toured the world captivating audiences with their unique performances as well as creating shows for the national ballet company in florence italy s got talent and most recently creating the new hit show the magic of light for disney cruise lines founded by an american artist anthony heinl and based in rome italy evolution dance theater is dedicated to creating new and innovative techniques for the stage electricity featured 01 magical exciting cool a must see weekend milano electricity featured 02 electricity featured 03 '),
 ('60', 'field', '51', 'en_us', ' cinderella '),
 ('60', 'field', '53', 'en_us', ' cinderella thumb '),
 ('60', 'field', '47', 'en_us', ' http google com 2017 02 26 herzliiya national thater http google com 2017 02 27 habima tel aviv http google com 2017 02 27 habima tel aviv http google com 2017 02 28 jerusalem theater '),
 ('60', 'slug', '0', 'en_us', ' cinderella '),
 ('60', 'title', '0', 'en_us', ' cinderella '),
 ('60', 'field', '52', 'he', ' 0 '),
 ('60', 'field', '37', 'he', ' בלט סאו פאולו ברזיל '),
 ('60', 'field', '39', 'he', ' 2017 03 15 '),
 ('60', 'field', '38', 'he', ' 2017 03 30 '),
 ('60', 'field', '40', 'he', ' https www youtube com watch v=uuazdcewepk evolution dance theater from italy comes to israel with it s creativity in motion spectacular show electricity an exciting fusion of dance art acrobatics magic and illusion using an exciting mix of science and art to create a truly unique experience combining black light and shadows with acrobatic dance video art and visual illusions the company has for the last seven years toured the world captivating audiences with their unique performances as well as creating shows for the national ballet company in florence italy s got talent and most recently creating the new hit show the magic of light for disney cruise lines founded by an american artist anthony heinl and based in rome italy evolution dance theater is dedicated to creating new and innovative techniques for the stage electricity featured 01 magical exciting cool a must see weekend milano electricity featured 02 electricity featured 03 '),
 ('60', 'field', '51', 'he', ' cinderella '),
 ('60', 'field', '53', 'he', ' cinderella thumb '),
 ('60', 'field', '47', 'he', ' http google com 2017 02 26 herzliiya national thater http google com 2017 02 27 habima tel aviv http google com 2017 02 27 habima tel aviv http google com 2017 02 28 jerusalem theater '),
 ('60', 'slug', '0', 'he', ' pixel 1 '),
 ('60', 'title', '0', 'he', ' לִכלוּכִית '),
 ('61', 'field', '42', 'en_us', ' https www youtube com watch v=uuazdcewepk '),
 ('61', 'slug', '0', 'en_us', ''),
 ('61', 'field', '42', 'he', ' https www youtube com watch v=uuazdcewepk '),
 ('61', 'slug', '0', 'he', ''),
 ('62', 'field', '43', 'en_us', ' evolution dance theater from italy comes to israel with it s creativity in motion spectacular show electricity an exciting fusion of dance art acrobatics magic and illusion using an exciting mix of science and art to create a truly unique experience combining black light and shadows with acrobatic dance video art and visual illusions the company has for the last seven years toured the world captivating audiences with their unique performances as well as creating shows for the national ballet company in florence italy s got talent and most recently creating the new hit show the magic of light for disney cruise lines founded by an american artist anthony heinl and based in rome italy evolution dance theater is dedicated to creating new and innovative techniques for the stage '),
 ('62', 'slug', '0', 'en_us', ''),
 ('62', 'field', '43', 'he', ' evolution dance theater from italy comes to israel with it s creativity in motion spectacular show electricity an exciting fusion of dance art acrobatics magic and illusion using an exciting mix of science and art to create a truly unique experience combining black light and shadows with acrobatic dance video art and visual illusions the company has for the last seven years toured the world captivating audiences with their unique performances as well as creating shows for the national ballet company in florence italy s got talent and most recently creating the new hit show the magic of light for disney cruise lines founded by an american artist anthony heinl and based in rome italy evolution dance theater is dedicated to creating new and innovative techniques for the stage '),
 ('62', 'slug', '0', 'he', ''),
 ('63', 'field', '41', 'en_us', ' electricity featured 01 '),
 ('63', 'slug', '0', 'en_us', ''),
 ('63', 'field', '41', 'he', ' electricity featured 01 '),
 ('63', 'slug', '0', 'he', ''),
 ('64', 'field', '44', 'en_us', ' magical exciting cool a must see '),
 ('64', 'field', '45', 'en_us', ' weekend milano '),
 ('64', 'slug', '0', 'en_us', ''),
 ('64', 'field', '44', 'he', ' magical exciting cool a must see '),
 ('64', 'field', '45', 'he', ' weekend milano '),
 ('64', 'slug', '0', 'he', ''),
 ('65', 'field', '41', 'en_us', ' electricity featured 02 '),
 ('65', 'slug', '0', 'en_us', ''),
 ('65', 'field', '41', 'he', ' electricity featured 02 '),
 ('65', 'slug', '0', 'he', ''),
 ('66', 'field', '41', 'en_us', ' electricity featured 03 '),
 ('66', 'slug', '0', 'en_us', ''),
 ('66', 'field', '41', 'he', ' electricity featured 03 '),
 ('66', 'slug', '0', 'he', ''),
 ('67', 'field', '48', 'en_us', ' herzliiya national thater '),
 ('67', 'field', '49', 'en_us', ' 2017 02 26 '),
 ('67', 'field', '50', 'en_us', ' http google com '),
 ('67', 'slug', '0', 'en_us', ''),
 ('67', 'field', '48', 'he', ' herzliiya national thater '),
 ('67', 'field', '49', 'he', ' 2017 02 26 '),
 ('67', 'field', '50', 'he', ' http google com '),
 ('67', 'slug', '0', 'he', ''),
 ('68', 'field', '48', 'en_us', ' habima tel aviv '),
 ('68', 'field', '49', 'en_us', ' 2017 02 27 '),
 ('68', 'field', '50', 'en_us', ' http google com '),
 ('68', 'slug', '0', 'en_us', ''),
 ('68', 'field', '48', 'he', ' habima tel aviv '),
 ('68', 'field', '49', 'he', ' 2017 02 27 '),
 ('68', 'field', '50', 'he', ' http google com '),
 ('68', 'slug', '0', 'he', ''),
 ('69', 'field', '48', 'en_us', ' habima tel aviv '),
 ('69', 'field', '49', 'en_us', ' 2017 02 27 '),
 ('69', 'field', '50', 'en_us', ' http google com '),
 ('69', 'slug', '0', 'en_us', ''),
 ('69', 'field', '48', 'he', ' habima tel aviv '),
 ('69', 'field', '49', 'he', ' 2017 02 27 '),
 ('69', 'field', '50', 'he', ' http google com '),
 ('69', 'slug', '0', 'he', ''),
 ('70', 'field', '48', 'en_us', ' jerusalem theater '),
 ('70', 'field', '49', 'en_us', ' 2017 02 28 '),
 ('70', 'field', '50', 'en_us', ' http google com '),
 ('70', 'slug', '0', 'en_us', ''),
 ('70', 'field', '48', 'he', ' jerusalem theater '),
 ('70', 'field', '49', 'he', ' 2017 02 28 '),
 ('70', 'field', '50', 'he', ' http google com '),
 ('70', 'slug', '0', 'he', ''),
 ('71', 'field', '32', 'en_us', ''),
 ('71', 'filename', '0', 'en_us', ' cinderella jpg '),
 ('71', 'extension', '0', 'en_us', ' jpg '),
 ('71', 'kind', '0', 'en_us', ' image '),
 ('71', 'slug', '0', 'en_us', ' cinderella '),
 ('71', 'title', '0', 'en_us', ' cinderella '),
 ('71', 'field', '32', 'he', ''),
 ('71', 'filename', '0', 'he', ' cinderella jpg '),
 ('71', 'extension', '0', 'he', ' jpg '),
 ('71', 'kind', '0', 'he', ' image '),
 ('71', 'slug', '0', 'he', ' cinderella '),
 ('71', 'title', '0', 'he', ' cinderella ');
INSERT INTO `searchindex` (`elementId`, `attribute`, `fieldId`, `locale`, `keywords`) VALUES
 ('72', 'field', '32', 'en_us', ''),
 ('72', 'filename', '0', 'en_us', ' cinderella thumb jpg '),
 ('72', 'extension', '0', 'en_us', ' jpg '),
 ('72', 'kind', '0', 'en_us', ' image '),
 ('72', 'slug', '0', 'en_us', ' cinderella thumb '),
 ('72', 'title', '0', 'en_us', ' cinderella thumb '),
 ('72', 'field', '32', 'he', ''),
 ('72', 'filename', '0', 'he', ' cinderella thumb jpg '),
 ('72', 'extension', '0', 'he', ' jpg '),
 ('72', 'kind', '0', 'he', ' image '),
 ('72', 'slug', '0', 'he', ' cinderella thumb '),
 ('72', 'title', '0', 'he', ' cinderella thumb '),
 ('73', 'slug', '0', 'en_us', ' past shows '),
 ('73', 'title', '0', 'en_us', ' past shows '),
 ('73', 'slug', '0', 'he', ' past shows '),
 ('73', 'title', '0', 'he', ' past shows '),
 ('74', 'field', '32', 'en_us', ''),
 ('74', 'filename', '0', 'en_us', ' kafig thumb comany jpg '),
 ('74', 'extension', '0', 'en_us', ' jpg '),
 ('74', 'kind', '0', 'en_us', ' image '),
 ('74', 'slug', '0', 'en_us', ' kafig thumb comany '),
 ('74', 'title', '0', 'en_us', ' kafig thumb comany '),
 ('74', 'field', '32', 'he', ''),
 ('74', 'filename', '0', 'he', ' kafig thumb comany jpg '),
 ('74', 'extension', '0', 'he', ' jpg '),
 ('74', 'kind', '0', 'he', ' image '),
 ('74', 'slug', '0', 'he', ' kafig thumb comany '),
 ('74', 'title', '0', 'he', ' kafig thumb comany '),
 ('83', 'field', '57', 'en_us', ' home '),
 ('83', 'field', '58', 'en_us', ''),
 ('85', 'field', '58', 'en_us', ' representation '),
 ('85', 'field', '57', 'en_us', ' representation '),
 ('84', 'slug', '0', 'he', ''),
 ('84', 'slug', '0', 'en_us', ''),
 ('84', 'field', '57', 'he', ' about contact '),
 ('84', 'field', '58', 'he', ' about '),
 ('84', 'field', '58', 'en_us', ' about '),
 ('83', 'slug', '0', 'he', ''),
 ('39', 'field', '54', 'en_us', ' evolution dance theater from italy comes to israel with it s creativity in motion spectacular show electricity an exciting fusion of dance art acrobatics magic and illusion using an exciting mix of science and art to create a truly unique experience combining black '),
 ('83', 'field', '57', 'he', ' home '),
 ('39', 'field', '54', 'he', ' תיאטרון אבולוצית ריקוד מאיטליה מגיע לישראל עם זה יצירתיות in motion מופע מרהיב חשמל היתוך מרגש של ריקוד אמנות אקרובטיקה קסם ואשליה באמצעות שילוב מרגש של מדע ואמנות כדי ליצור חוויה ייחודית באמת שילוב שחור '),
 ('76', 'field', '32', 'en_us', ''),
 ('76', 'filename', '0', 'en_us', ' kafig thumb comany jpg '),
 ('76', 'extension', '0', 'en_us', ' jpg '),
 ('76', 'kind', '0', 'en_us', ' image '),
 ('76', 'slug', '0', 'en_us', ' kafig thumb comany '),
 ('76', 'title', '0', 'en_us', ' kafig thumb comany '),
 ('76', 'field', '32', 'he', ''),
 ('76', 'filename', '0', 'he', ' kafig thumb comany jpg '),
 ('76', 'extension', '0', 'he', ' jpg '),
 ('76', 'kind', '0', 'he', ' image '),
 ('76', 'slug', '0', 'he', ' kafig thumb comany '),
 ('76', 'title', '0', 'he', ' kafig thumb comany '),
 ('77', 'field', '33', 'en_us', ' http google com '),
 ('77', 'field', '34', 'en_us', ' france '),
 ('77', 'field', '35', 'en_us', ' the word kafig choreographer mourad merzouki explains carries almost the same meaning in arabic and german it refers to a cage merzouki used the word as the title of the first piece he made in 1996 for six dancers he also took it as the name of his company a group of contemporary hip hop based dancers whose animal energy street savvy instincts and theatrical intelligence flatten any barriers between spectator and performer in merzouki s case kafig equals liberation '),
 ('77', 'field', '36', 'en_us', ' kafig thumb comany '),
 ('77', 'slug', '0', 'en_us', ' kafig 1 '),
 ('77', 'title', '0', 'en_us', ' kafig '),
 ('77', 'field', '33', 'he', ' http google com '),
 ('77', 'field', '34', 'he', ' france '),
 ('77', 'field', '35', 'he', ' the word kafig choreographer mourad merzouki explains carries almost the same meaning in arabic and german it refers to a cage merzouki used the word as the title of the first piece he made in 1996 for six dancers he also took it as the name of his company a group of contemporary hip hop based dancers whose animal energy street savvy instincts and theatrical intelligence flatten any barriers between spectator and performer in merzouki s case kafig equals liberation '),
 ('77', 'field', '36', 'he', ' kafig thumb comany '),
 ('77', 'slug', '0', 'he', ' kafig 1 '),
 ('77', 'title', '0', 'he', ' kafig hebrew '),
 ('84', 'field', '57', 'en_us', ' about contact '),
 ('83', 'field', '58', 'he', ''),
 ('83', 'slug', '0', 'en_us', ''),
 ('82', 'title', '0', 'he', ' header navigation '),
 ('82', 'slug', '0', 'en_us', ' header navigation '),
 ('82', 'title', '0', 'en_us', ' header navigation '),
 ('82', 'field', '55', 'he', ' home about contact about representation representation '),
 ('82', 'slug', '0', 'he', ' header navigation '),
 ('82', 'field', '55', 'en_us', ' home about contact about representation representation '),
 ('85', 'slug', '0', 'en_us', ''),
 ('85', 'field', '57', 'he', ' representation '),
 ('85', 'field', '58', 'he', ' representation '),
 ('85', 'slug', '0', 'he', ''),
 ('83', 'field', '59', 'en_us', ' 1 '),
 ('83', 'field', '59', 'he', ' 1 '),
 ('84', 'field', '59', 'en_us', ' 0 '),
 ('84', 'field', '59', 'he', ' 0 '),
 ('85', 'field', '59', 'en_us', ' 0 '),
 ('85', 'field', '59', 'he', ' 0 '),
 ('56', 'field', '60', 'en_us', ' 32 08780900000001 34 78069900000003 15 klonimus st 16 tel aviv yafo israel 16 16 klonimus street klonimus st tel aviv yafo tel aviv yafo tel aviv district tel aviv district israel il who is oz productions evolution dance theater from italy comes to israel with it s creativity in motion spectacular show electricity an exciting fusion of dance art acrobatics magic and illusion using an exciting mix of science and art to create a truly unique experience combining black light and shadows with acrobatic dance video art and visual illusions the company has for the last seven years toured the world captivating audiences with their unique performances as well as creating shows for the national ballet company in florence italy s got talent and most recently creating the new hit show the magic of light for disney cruise lines founded by an american artist anthony heinl and based in rome italy evolution dance theater is dedicated to creating new and innovative techniques for the stage contact contact oz productions co 972 52 58 76 5341 klonimus 4 suite 5 tel aviv il 6248 '),
 ('56', 'field', '64', 'en_us', ' 32 0866157 34 780425599999944 15 klonimus st 2 tel aviv yafo israel 2 2 klonimus street klonimus st tel aviv yafo tel aviv yafo tel aviv district tel aviv district israel il '),
 ('87', 'field', '62', 'en_us', ' who is oz productions '),
 ('87', 'slug', '0', 'en_us', ''),
 ('88', 'field', '61', 'en_us', ' evolution dance theater from italy comes to israel with it s creativity in motion spectacular show electricity an exciting fusion of dance art acrobatics magic and illusion using an exciting mix of science and art to create a truly unique experience combining black light and shadows with acrobatic dance video art and visual illusions the company has for the last seven years toured the world captivating audiences with their unique performances as well as creating shows for the national ballet company in florence italy s got talent and most recently creating the new hit show the magic of light for disney cruise lines founded by an american artist anthony heinl and based in rome italy evolution dance theater is dedicated to creating new and innovative techniques for the stage '),
 ('88', 'slug', '0', 'en_us', ''),
 ('89', 'field', '62', 'en_us', ' contact '),
 ('89', 'slug', '0', 'en_us', ''),
 ('90', 'field', '61', 'en_us', ' contact oz productions co 972 52 58 76 5341 klonimus 4 suite 5 tel aviv il 6248 '),
 ('90', 'slug', '0', 'en_us', ''),
 ('91', 'field', '65', 'en_us', ' 32 08780900000001 34 78069900000003 15 klonimus st 16 tel aviv yafo israel 16 16 klonimus street klonimus st tel aviv yafo tel aviv yafo tel aviv district tel aviv district israel il '),
 ('91', 'slug', '0', 'en_us', '');



DROP TABLE IF EXISTS `sections`;


--
-- Schema for table `sections`
--
CREATE TABLE `sections` (
  `id` int(11) NOT NULL AUTO_INCREMENT,
  `structureId` int(11) DEFAULT NULL,
  `name` varchar(255) COLLATE utf8_unicode_ci NOT NULL,
  `handle` varchar(255) COLLATE utf8_unicode_ci NOT NULL,
  `type` enum('single','channel','structure') COLLATE utf8_unicode_ci NOT NULL DEFAULT 'channel',
  `hasUrls` tinyint(1) unsigned NOT NULL DEFAULT '1',
  `template` varchar(500) COLLATE utf8_unicode_ci DEFAULT NULL,
  `enableVersioning` tinyint(1) unsigned NOT NULL DEFAULT '0',
  `dateCreated` datetime NOT NULL,
  `dateUpdated` datetime NOT NULL,
  `uid` char(36) COLLATE utf8_unicode_ci NOT NULL DEFAULT '0',
  PRIMARY KEY (`id`),
  UNIQUE KEY `sections_name_unq_idx` (`name`),
  UNIQUE KEY `sections_handle_unq_idx` (`handle`),
  KEY `sections_structureId_fk` (`structureId`)
) ENGINE=InnoDB AUTO_INCREMENT=10 DEFAULT CHARSET=utf8 COLLATE=utf8_unicode_ci;

--
-- Data for table `sections`
--

INSERT INTO `sections` (`id`, `structureId`, `name`, `handle`, `type`, `hasUrls`, `template`, `enableVersioning`, `dateCreated`, `dateUpdated`, `uid`) VALUES
 ('1', NULL, 'Homepage', 'homepage', 'single', '1', '', '1', '2017-01-26 23:53:37', '2017-01-27 00:30:05', '09a214d2-f320-4d2b-af00-0420daa9f6e5'),
 ('5', NULL, 'Shows', 'shows', 'channel', '1', 'show/_entry', '1', '2017-02-01 21:40:51', '2017-02-20 23:07:24', 'ccfee366-cdd8-44b0-8809-3444958ff35b'),
 ('6', NULL, 'Representation', 'representation', 'channel', '1', 'representation/_entry', '1', '2017-02-01 21:41:08', '2017-02-20 21:31:25', 'f7756083-b7c5-42ca-aac9-9a165e967e08'),
 ('7', NULL, 'About & Contact', 'aboutContact', 'single', '1', 'single', '1', '2017-02-22 18:49:43', '2017-02-23 18:47:08', '3a0cf9f1-901c-4943-a152-04c2ce4d53fb'),
 ('8', NULL, 'Past Shows', 'pastShows', 'single', '1', 'past-shows', '1', '2017-02-22 20:45:20', '2017-02-22 20:45:20', '75d5ea7b-4b4e-42bc-88f4-b6fd4721d0c9'),
 ('9', NULL, 'Navigation', 'navigation', 'single', '1', '', '0', '2017-02-23 17:01:48', '2017-02-23 18:17:41', '3b8f2660-3427-46a2-9a5f-d0db0b04ee5b');



DROP TABLE IF EXISTS `sections_i18n`;


--
-- Schema for table `sections_i18n`
--
CREATE TABLE `sections_i18n` (
  `id` int(11) NOT NULL AUTO_INCREMENT,
  `sectionId` int(11) NOT NULL,
  `locale` char(12) COLLATE utf8_unicode_ci NOT NULL,
  `enabledByDefault` tinyint(1) unsigned NOT NULL DEFAULT '1',
  `urlFormat` text COLLATE utf8_unicode_ci,
  `nestedUrlFormat` text COLLATE utf8_unicode_ci,
  `dateCreated` datetime NOT NULL,
  `dateUpdated` datetime NOT NULL,
  `uid` char(36) COLLATE utf8_unicode_ci NOT NULL DEFAULT '0',
  PRIMARY KEY (`id`),
  UNIQUE KEY `sections_i18n_sectionId_locale_unq_idx` (`sectionId`,`locale`),
  KEY `sections_i18n_locale_fk` (`locale`)
) ENGINE=InnoDB AUTO_INCREMENT=15 DEFAULT CHARSET=utf8 COLLATE=utf8_unicode_ci;

--
-- Data for table `sections_i18n`
--

INSERT INTO `sections_i18n` (`id`, `sectionId`, `locale`, `enabledByDefault`, `urlFormat`, `nestedUrlFormat`, `dateCreated`, `dateUpdated`, `uid`) VALUES
 ('1', '1', 'en_us', '1', 'welcome', NULL, '2017-01-26 23:53:37', '2017-01-27 00:30:05', 'e11ea16b-764d-4846-8108-21d948324fa4'),
 ('5', '5', 'en_us', '1', 'show/{slug}', NULL, '2017-02-01 21:40:51', '2017-02-01 21:40:51', '7e66f2dc-66f1-4864-9631-f850277baba7'),
 ('6', '6', 'en_us', '1', 'representation/{slug}', NULL, '2017-02-01 21:41:08', '2017-02-01 21:41:08', '051aee9a-7bae-4ea6-98b5-46da85e8d61f'),
 ('7', '5', 'he', '1', 'show/{slug}', NULL, '2017-02-20 21:31:01', '2017-02-20 23:07:24', 'f98df144-5103-4829-a667-d3045fb8b8a0'),
 ('8', '6', 'he', '1', 'representation/{slug}', NULL, '2017-02-20 21:31:25', '2017-02-20 21:31:25', '1846934c-0ba5-4a29-8bce-c7e2fc4a59fc'),
 ('9', '7', 'en_us', '1', 'about', NULL, '2017-02-22 18:49:43', '2017-02-22 18:49:43', 'ca5c367f-97d5-429d-b945-eed2c438f322'),
 ('10', '7', 'he', '1', 'about', NULL, '2017-02-22 18:49:43', '2017-02-22 18:49:43', 'c986d7c1-b7f3-4a39-b213-d96f2a031489'),
 ('11', '8', 'en_us', '1', 'past-shows', NULL, '2017-02-22 20:45:20', '2017-02-22 20:45:20', '2ec408a1-72d6-4fa5-9659-1cbec7b58513'),
 ('12', '8', 'he', '1', 'past-shows', NULL, '2017-02-22 20:45:20', '2017-02-22 20:45:20', 'b6beb43f-7298-48fa-af4f-d87c11f38569'),
 ('13', '9', 'en_us', '1', 'navigation', NULL, '2017-02-23 17:01:48', '2017-02-23 18:17:41', '3f7ebca1-fc7a-4095-b841-55ae86c4ec62'),
 ('14', '9', 'he', '1', 'navigation', NULL, '2017-02-23 17:01:48', '2017-02-23 18:17:41', '466791e1-8483-46dd-b746-93ef9772c487');



DROP TABLE IF EXISTS `sessions`;


--
-- Schema for table `sessions`
--
CREATE TABLE `sessions` (
  `id` int(11) NOT NULL AUTO_INCREMENT,
  `userId` int(11) NOT NULL,
  `token` char(100) COLLATE utf8_unicode_ci NOT NULL,
  `dateCreated` datetime NOT NULL,
  `dateUpdated` datetime NOT NULL,
  `uid` char(36) COLLATE utf8_unicode_ci NOT NULL DEFAULT '0',
  PRIMARY KEY (`id`),
  KEY `sessions_uid_idx` (`uid`),
  KEY `sessions_token_idx` (`token`),
  KEY `sessions_dateUpdated_idx` (`dateUpdated`),
  KEY `sessions_userId_fk` (`userId`)
) ENGINE=InnoDB AUTO_INCREMENT=15 DEFAULT CHARSET=utf8 COLLATE=utf8_unicode_ci;

DROP TABLE IF EXISTS `shunnedmessages`;


--
-- Schema for table `shunnedmessages`
--
CREATE TABLE `shunnedmessages` (
  `id` int(11) NOT NULL AUTO_INCREMENT,
  `userId` int(11) NOT NULL,
  `message` varchar(255) COLLATE utf8_unicode_ci NOT NULL,
  `expiryDate` datetime DEFAULT NULL,
  `dateCreated` datetime NOT NULL,
  `dateUpdated` datetime NOT NULL,
  `uid` char(36) COLLATE utf8_unicode_ci NOT NULL DEFAULT '0',
  PRIMARY KEY (`id`),
  UNIQUE KEY `shunnedmessages_userId_message_unq_idx` (`userId`,`message`)
) ENGINE=InnoDB DEFAULT CHARSET=utf8 COLLATE=utf8_unicode_ci;

DROP TABLE IF EXISTS `simplemap_maps`;


--
-- Schema for table `simplemap_maps`
--
CREATE TABLE `simplemap_maps` (
  `id` int(11) NOT NULL AUTO_INCREMENT,
  `ownerId` int(11) NOT NULL,
  `fieldId` int(11) NOT NULL,
  `ownerLocale` char(12) COLLATE utf8_unicode_ci DEFAULT NULL,
  `lat` decimal(12,8) DEFAULT NULL,
  `lng` decimal(12,8) DEFAULT NULL,
  `zoom` int(11) DEFAULT NULL,
  `address` varchar(255) COLLATE utf8_unicode_ci DEFAULT NULL,
  `parts` text COLLATE utf8_unicode_ci,
  `dateCreated` datetime NOT NULL,
  `dateUpdated` datetime NOT NULL,
  `uid` char(36) COLLATE utf8_unicode_ci NOT NULL DEFAULT '0',
  PRIMARY KEY (`id`),
  KEY `simplemap_maps_ownerId_idx` (`ownerId`),
  KEY `simplemap_maps_fieldId_idx` (`fieldId`),
  KEY `simplemap_maps_ownerLocale_fk` (`ownerLocale`)
) ENGINE=InnoDB AUTO_INCREMENT=4 DEFAULT CHARSET=utf8 COLLATE=utf8_unicode_ci;

--
-- Data for table `simplemap_maps`
--

INSERT INTO `simplemap_maps` (`id`, `ownerId`, `fieldId`, `ownerLocale`, `lat`, `lng`, `zoom`, `address`, `parts`, `dateCreated`, `dateUpdated`, `uid`) VALUES
 ('3', '91', '65', 'en_us', '32.08780900', '34.78069900', '15', 'Klonimus St 16, Tel Aviv-Yafo, Israel', '{\"street_number\":\"16\",\"street_number_short\":\"16\",\"route\":\"Klonimus Street\",\"route_short\":\"Klonimus St\",\"locality\":\"Tel Aviv-Yafo\",\"locality_short\":\"Tel Aviv-Yafo\",\"administrative_area_level_1\":\"Tel Aviv District\",\"administrative_area_level_1_short\":\"Tel Aviv District\",\"country\":\"Israel\",\"country_short\":\"IL\"}', '2017-02-23 19:13:19', '2017-02-23 19:13:19', '420934f3-8230-41bc-be86-2988da4c83ce');



DROP TABLE IF EXISTS `structureelements`;


--
-- Schema for table `structureelements`
--
CREATE TABLE `structureelements` (
  `id` int(11) NOT NULL AUTO_INCREMENT,
  `structureId` int(11) NOT NULL,
  `elementId` int(11) DEFAULT NULL,
  `root` int(11) unsigned DEFAULT NULL,
  `lft` int(11) unsigned NOT NULL,
  `rgt` int(11) unsigned NOT NULL,
  `level` smallint(6) unsigned NOT NULL,
  `dateCreated` datetime NOT NULL,
  `dateUpdated` datetime NOT NULL,
  `uid` char(36) COLLATE utf8_unicode_ci NOT NULL DEFAULT '0',
  PRIMARY KEY (`id`),
  UNIQUE KEY `structureelements_structureId_elementId_unq_idx` (`structureId`,`elementId`),
  KEY `structureelements_root_idx` (`root`),
  KEY `structureelements_lft_idx` (`lft`),
  KEY `structureelements_rgt_idx` (`rgt`),
  KEY `structureelements_level_idx` (`level`),
  KEY `structureelements_elementId_fk` (`elementId`)
) ENGINE=InnoDB DEFAULT CHARSET=utf8 COLLATE=utf8_unicode_ci;

DROP TABLE IF EXISTS `structures`;


--
-- Schema for table `structures`
--
CREATE TABLE `structures` (
  `id` int(11) NOT NULL AUTO_INCREMENT,
  `maxLevels` smallint(6) unsigned DEFAULT NULL,
  `dateCreated` datetime NOT NULL,
  `dateUpdated` datetime NOT NULL,
  `uid` char(36) COLLATE utf8_unicode_ci NOT NULL DEFAULT '0',
  PRIMARY KEY (`id`)
) ENGINE=InnoDB DEFAULT CHARSET=utf8 COLLATE=utf8_unicode_ci;

DROP TABLE IF EXISTS `systemsettings`;


--
-- Schema for table `systemsettings`
--
CREATE TABLE `systemsettings` (
  `id` int(11) NOT NULL AUTO_INCREMENT,
  `category` varchar(15) COLLATE utf8_unicode_ci NOT NULL,
  `settings` text COLLATE utf8_unicode_ci,
  `dateCreated` datetime NOT NULL,
  `dateUpdated` datetime NOT NULL,
  `uid` char(36) COLLATE utf8_unicode_ci NOT NULL DEFAULT '0',
  PRIMARY KEY (`id`),
  UNIQUE KEY `systemsettings_category_unq_idx` (`category`)
) ENGINE=InnoDB AUTO_INCREMENT=2 DEFAULT CHARSET=utf8 COLLATE=utf8_unicode_ci;

--
-- Data for table `systemsettings`
--

INSERT INTO `systemsettings` (`id`, `category`, `settings`, `dateCreated`, `dateUpdated`, `uid`) VALUES
 ('1', 'email', '{\"protocol\":\"php\",\"emailAddress\":\"hello@diegozaks.com\",\"senderName\":\"Craft\"}', '2017-01-26 23:53:36', '2017-01-26 23:53:36', '05ad84e1-dff5-4d70-89c0-5416325fd85a');



DROP TABLE IF EXISTS `taggroups`;


--
-- Schema for table `taggroups`
--
CREATE TABLE `taggroups` (
  `id` int(11) NOT NULL AUTO_INCREMENT,
  `name` varchar(255) COLLATE utf8_unicode_ci NOT NULL,
  `handle` varchar(255) COLLATE utf8_unicode_ci NOT NULL,
  `fieldLayoutId` int(11) DEFAULT NULL,
  `dateCreated` datetime NOT NULL,
  `dateUpdated` datetime NOT NULL,
  `uid` char(36) COLLATE utf8_unicode_ci NOT NULL DEFAULT '0',
  PRIMARY KEY (`id`),
  UNIQUE KEY `taggroups_name_unq_idx` (`name`),
  UNIQUE KEY `taggroups_handle_unq_idx` (`handle`),
  KEY `taggroups_fieldLayoutId_fk` (`fieldLayoutId`)
) ENGINE=InnoDB AUTO_INCREMENT=2 DEFAULT CHARSET=utf8 COLLATE=utf8_unicode_ci;

--
-- Data for table `taggroups`
--

INSERT INTO `taggroups` (`id`, `name`, `handle`, `fieldLayoutId`, `dateCreated`, `dateUpdated`, `uid`) VALUES
 ('1', 'Default', 'default', '1', '2017-01-26 23:53:36', '2017-01-26 23:53:36', '43ac92a4-4cc0-4419-a510-0f2aa4961b85');



DROP TABLE IF EXISTS `tags`;


--
-- Schema for table `tags`
--
CREATE TABLE `tags` (
  `id` int(11) NOT NULL,
  `groupId` int(11) NOT NULL,
  `dateCreated` datetime NOT NULL,
  `dateUpdated` datetime NOT NULL,
  `uid` char(36) COLLATE utf8_unicode_ci NOT NULL DEFAULT '0',
  PRIMARY KEY (`id`),
  KEY `tags_groupId_fk` (`groupId`)
) ENGINE=InnoDB DEFAULT CHARSET=utf8 COLLATE=utf8_unicode_ci;

DROP TABLE IF EXISTS `tasks`;


--
-- Schema for table `tasks`
--
CREATE TABLE `tasks` (
  `id` int(11) NOT NULL AUTO_INCREMENT,
  `root` int(11) unsigned DEFAULT NULL,
  `lft` int(11) unsigned NOT NULL,
  `rgt` int(11) unsigned NOT NULL,
  `level` smallint(6) unsigned NOT NULL,
  `currentStep` int(11) unsigned DEFAULT NULL,
  `totalSteps` int(11) unsigned DEFAULT NULL,
  `status` enum('pending','error','running') COLLATE utf8_unicode_ci DEFAULT NULL,
  `type` varchar(150) COLLATE utf8_unicode_ci NOT NULL,
  `description` varchar(255) COLLATE utf8_unicode_ci DEFAULT NULL,
  `settings` mediumtext COLLATE utf8_unicode_ci,
  `dateCreated` datetime NOT NULL,
  `dateUpdated` datetime NOT NULL,
  `uid` char(36) COLLATE utf8_unicode_ci NOT NULL DEFAULT '0',
  PRIMARY KEY (`id`),
  KEY `tasks_root_idx` (`root`),
  KEY `tasks_lft_idx` (`lft`),
  KEY `tasks_rgt_idx` (`rgt`),
  KEY `tasks_level_idx` (`level`)
) ENGINE=InnoDB DEFAULT CHARSET=utf8 COLLATE=utf8_unicode_ci;

DROP TABLE IF EXISTS `templatecachecriteria`;


--
-- Schema for table `templatecachecriteria`
--
CREATE TABLE `templatecachecriteria` (
  `id` int(11) NOT NULL AUTO_INCREMENT,
  `cacheId` int(11) NOT NULL,
  `type` varchar(150) COLLATE utf8_unicode_ci NOT NULL,
  `criteria` text COLLATE utf8_unicode_ci NOT NULL,
  PRIMARY KEY (`id`),
  KEY `templatecachecriteria_cacheId_fk` (`cacheId`),
  KEY `templatecachecriteria_type_idx` (`type`)
) ENGINE=InnoDB DEFAULT CHARSET=utf8 COLLATE=utf8_unicode_ci;

DROP TABLE IF EXISTS `templatecacheelements`;


--
-- Schema for table `templatecacheelements`
--
CREATE TABLE `templatecacheelements` (
  `cacheId` int(11) NOT NULL,
  `elementId` int(11) NOT NULL,
  KEY `templatecacheelements_cacheId_fk` (`cacheId`),
  KEY `templatecacheelements_elementId_fk` (`elementId`)
) ENGINE=InnoDB DEFAULT CHARSET=utf8 COLLATE=utf8_unicode_ci;

DROP TABLE IF EXISTS `templatecaches`;


--
-- Schema for table `templatecaches`
--
CREATE TABLE `templatecaches` (
  `id` int(11) NOT NULL AUTO_INCREMENT,
  `cacheKey` varchar(255) COLLATE utf8_unicode_ci NOT NULL,
  `locale` char(12) COLLATE utf8_unicode_ci NOT NULL,
  `path` varchar(255) COLLATE utf8_unicode_ci DEFAULT NULL,
  `expiryDate` datetime NOT NULL,
  `body` mediumtext COLLATE utf8_unicode_ci NOT NULL,
  PRIMARY KEY (`id`),
  KEY `templatecaches_expiryDate_cacheKey_locale_path_idx` (`expiryDate`,`cacheKey`,`locale`,`path`),
  KEY `templatecaches_locale_fk` (`locale`)
) ENGINE=InnoDB DEFAULT CHARSET=utf8 COLLATE=utf8_unicode_ci;

DROP TABLE IF EXISTS `tokens`;


--
-- Schema for table `tokens`
--
CREATE TABLE `tokens` (
  `id` int(11) NOT NULL AUTO_INCREMENT,
  `token` char(32) COLLATE utf8_unicode_ci NOT NULL,
  `route` text COLLATE utf8_unicode_ci,
  `usageLimit` tinyint(3) unsigned DEFAULT NULL,
  `usageCount` tinyint(3) unsigned DEFAULT NULL,
  `expiryDate` datetime NOT NULL,
  `dateCreated` datetime NOT NULL,
  `dateUpdated` datetime NOT NULL,
  `uid` char(36) COLLATE utf8_unicode_ci NOT NULL DEFAULT '0',
  PRIMARY KEY (`id`),
  UNIQUE KEY `tokens_token_unq_idx` (`token`),
  KEY `tokens_expiryDate_idx` (`expiryDate`)
) ENGINE=InnoDB DEFAULT CHARSET=utf8 COLLATE=utf8_unicode_ci;

DROP TABLE IF EXISTS `usergroups`;


--
-- Schema for table `usergroups`
--
CREATE TABLE `usergroups` (
  `id` int(11) NOT NULL AUTO_INCREMENT,
  `name` varchar(255) COLLATE utf8_unicode_ci NOT NULL,
  `handle` varchar(255) COLLATE utf8_unicode_ci NOT NULL,
  `dateCreated` datetime NOT NULL,
  `dateUpdated` datetime NOT NULL,
  `uid` char(36) COLLATE utf8_unicode_ci NOT NULL DEFAULT '0',
  PRIMARY KEY (`id`),
  UNIQUE KEY `usergroups_name_unq_idx` (`name`),
  UNIQUE KEY `usergroups_handle_unq_idx` (`handle`)
) ENGINE=InnoDB DEFAULT CHARSET=utf8 COLLATE=utf8_unicode_ci;

DROP TABLE IF EXISTS `usergroups_users`;


--
-- Schema for table `usergroups_users`
--
CREATE TABLE `usergroups_users` (
  `id` int(11) NOT NULL AUTO_INCREMENT,
  `groupId` int(11) NOT NULL,
  `userId` int(11) NOT NULL,
  `dateCreated` datetime NOT NULL,
  `dateUpdated` datetime NOT NULL,
  `uid` char(36) COLLATE utf8_unicode_ci NOT NULL DEFAULT '0',
  PRIMARY KEY (`id`),
  UNIQUE KEY `usergroups_users_groupId_userId_unq_idx` (`groupId`,`userId`),
  KEY `usergroups_users_userId_fk` (`userId`)
) ENGINE=InnoDB DEFAULT CHARSET=utf8 COLLATE=utf8_unicode_ci;

DROP TABLE IF EXISTS `userpermissions`;


--
-- Schema for table `userpermissions`
--
CREATE TABLE `userpermissions` (
  `id` int(11) NOT NULL AUTO_INCREMENT,
  `name` varchar(255) COLLATE utf8_unicode_ci NOT NULL,
  `dateCreated` datetime NOT NULL,
  `dateUpdated` datetime NOT NULL,
  `uid` char(36) COLLATE utf8_unicode_ci NOT NULL DEFAULT '0',
  PRIMARY KEY (`id`),
  UNIQUE KEY `userpermissions_name_unq_idx` (`name`)
) ENGINE=InnoDB DEFAULT CHARSET=utf8 COLLATE=utf8_unicode_ci;

DROP TABLE IF EXISTS `userpermissions_usergroups`;


--
-- Schema for table `userpermissions_usergroups`
--
CREATE TABLE `userpermissions_usergroups` (
  `id` int(11) NOT NULL AUTO_INCREMENT,
  `permissionId` int(11) NOT NULL,
  `groupId` int(11) NOT NULL,
  `dateCreated` datetime NOT NULL,
  `dateUpdated` datetime NOT NULL,
  `uid` char(36) COLLATE utf8_unicode_ci NOT NULL DEFAULT '0',
  PRIMARY KEY (`id`),
  UNIQUE KEY `userpermissions_usergroups_permissionId_groupId_unq_idx` (`permissionId`,`groupId`),
  KEY `userpermissions_usergroups_groupId_fk` (`groupId`)
) ENGINE=InnoDB DEFAULT CHARSET=utf8 COLLATE=utf8_unicode_ci;

DROP TABLE IF EXISTS `userpermissions_users`;


--
-- Schema for table `userpermissions_users`
--
CREATE TABLE `userpermissions_users` (
  `id` int(11) NOT NULL AUTO_INCREMENT,
  `permissionId` int(11) NOT NULL,
  `userId` int(11) NOT NULL,
  `dateCreated` datetime NOT NULL,
  `dateUpdated` datetime NOT NULL,
  `uid` char(36) COLLATE utf8_unicode_ci NOT NULL DEFAULT '0',
  PRIMARY KEY (`id`),
  UNIQUE KEY `userpermissions_users_permissionId_userId_unq_idx` (`permissionId`,`userId`),
  KEY `userpermissions_users_userId_fk` (`userId`)
) ENGINE=InnoDB DEFAULT CHARSET=utf8 COLLATE=utf8_unicode_ci;

DROP TABLE IF EXISTS `users`;


--
-- Schema for table `users`
--
CREATE TABLE `users` (
  `id` int(11) NOT NULL,
  `username` varchar(100) COLLATE utf8_unicode_ci NOT NULL,
  `photo` varchar(100) COLLATE utf8_unicode_ci DEFAULT NULL,
  `firstName` varchar(100) COLLATE utf8_unicode_ci DEFAULT NULL,
  `lastName` varchar(100) COLLATE utf8_unicode_ci DEFAULT NULL,
  `email` varchar(255) COLLATE utf8_unicode_ci NOT NULL,
  `password` char(255) COLLATE utf8_unicode_ci DEFAULT NULL,
  `preferredLocale` char(12) COLLATE utf8_unicode_ci DEFAULT NULL,
  `weekStartDay` tinyint(1) unsigned NOT NULL DEFAULT '0',
  `admin` tinyint(1) unsigned NOT NULL DEFAULT '0',
  `client` tinyint(1) unsigned NOT NULL DEFAULT '0',
  `locked` tinyint(1) unsigned NOT NULL DEFAULT '0',
  `suspended` tinyint(1) unsigned NOT NULL DEFAULT '0',
  `pending` tinyint(1) unsigned NOT NULL DEFAULT '0',
  `archived` tinyint(1) unsigned NOT NULL DEFAULT '0',
  `lastLoginDate` datetime DEFAULT NULL,
  `lastLoginAttemptIPAddress` varchar(45) COLLATE utf8_unicode_ci DEFAULT NULL,
  `invalidLoginWindowStart` datetime DEFAULT NULL,
  `invalidLoginCount` tinyint(4) unsigned DEFAULT NULL,
  `lastInvalidLoginDate` datetime DEFAULT NULL,
  `lockoutDate` datetime DEFAULT NULL,
  `verificationCode` char(100) COLLATE utf8_unicode_ci DEFAULT NULL,
  `verificationCodeIssuedDate` datetime DEFAULT NULL,
  `unverifiedEmail` varchar(255) COLLATE utf8_unicode_ci DEFAULT NULL,
  `passwordResetRequired` tinyint(1) unsigned NOT NULL DEFAULT '0',
  `lastPasswordChangeDate` datetime DEFAULT NULL,
  `dateCreated` datetime NOT NULL,
  `dateUpdated` datetime NOT NULL,
  `uid` char(36) COLLATE utf8_unicode_ci NOT NULL DEFAULT '0',
  PRIMARY KEY (`id`),
  UNIQUE KEY `users_username_unq_idx` (`username`),
  UNIQUE KEY `users_email_unq_idx` (`email`),
  KEY `users_verificationCode_idx` (`verificationCode`),
  KEY `users_uid_idx` (`uid`),
  KEY `users_preferredLocale_fk` (`preferredLocale`)
) ENGINE=InnoDB DEFAULT CHARSET=utf8 COLLATE=utf8_unicode_ci;

--
-- Data for table `users`
--

INSERT INTO `users` (`id`, `username`, `photo`, `firstName`, `lastName`, `email`, `password`, `preferredLocale`, `weekStartDay`, `admin`, `client`, `locked`, `suspended`, `pending`, `archived`, `lastLoginDate`, `lastLoginAttemptIPAddress`, `invalidLoginWindowStart`, `invalidLoginCount`, `lastInvalidLoginDate`, `lockoutDate`, `verificationCode`, `verificationCodeIssuedDate`, `unverifiedEmail`, `passwordResetRequired`, `lastPasswordChangeDate`, `dateCreated`, `dateUpdated`, `uid`) VALUES
 ('1', 'diego', NULL, NULL, NULL, 'hello@diegozaks.com', '$2y$13$qnIOXkgGOS3gn2WHGhMA3ucdT3Ad2HvKPv2WfXR2plzP4Nib8lwrG', NULL, '0', '1', '0', '0', '0', '0', '0', '2017-02-23 20:17:18', '192.168.56.1', NULL, NULL, '2017-02-01 21:32:40', NULL, NULL, NULL, NULL, '0', '2017-01-26 23:53:36', '2017-01-26 23:53:36', '2017-02-23 20:17:18', 'd125fe4f-ad7e-4cb2-bb43-3cf7cc480d61');



DROP TABLE IF EXISTS `widgets`;


--
-- Schema for table `widgets`
--
CREATE TABLE `widgets` (
  `id` int(11) NOT NULL AUTO_INCREMENT,
  `userId` int(11) NOT NULL,
  `type` varchar(150) COLLATE utf8_unicode_ci NOT NULL,
  `sortOrder` smallint(6) unsigned DEFAULT NULL,
  `colspan` tinyint(4) unsigned DEFAULT NULL,
  `settings` text COLLATE utf8_unicode_ci,
  `enabled` tinyint(1) unsigned NOT NULL DEFAULT '1',
  `dateCreated` datetime NOT NULL,
  `dateUpdated` datetime NOT NULL,
  `uid` char(36) COLLATE utf8_unicode_ci NOT NULL DEFAULT '0',
  PRIMARY KEY (`id`),
  KEY `widgets_userId_fk` (`userId`)
) ENGINE=InnoDB AUTO_INCREMENT=5 DEFAULT CHARSET=utf8 COLLATE=utf8_unicode_ci;

--
-- Data for table `widgets`
--

INSERT INTO `widgets` (`id`, `userId`, `type`, `sortOrder`, `colspan`, `settings`, `enabled`, `dateCreated`, `dateUpdated`, `uid`) VALUES
 ('1', '1', 'RecentEntries', '1', NULL, NULL, '1', '2017-01-26 23:54:36', '2017-01-26 23:54:36', '9ad67665-0be3-4dfd-a29a-7c4ae32f5de3'),
 ('2', '1', 'GetHelp', '2', NULL, NULL, '1', '2017-01-26 23:54:36', '2017-01-26 23:54:36', '18f7a765-bc56-4369-908b-4e24bcee357a'),
 ('3', '1', 'Updates', '3', NULL, NULL, '1', '2017-01-26 23:54:36', '2017-01-26 23:54:36', '0ad013f5-69bc-46f4-bf5e-dd4edc1e840c'),
 ('4', '1', 'Feed', '4', NULL, '{\"url\":\"https:\\/\\/craftcms.com\\/news.rss\",\"title\":\"Craft News\"}', '1', '2017-01-26 23:54:36', '2017-01-26 23:54:36', 'be653ba7-d320-4142-9b20-dc760d638d05');


--
-- Constraints for tables
--


--
-- Constraints for table `assetfiles`
--
ALTER TABLE `assetfiles`
	ADD CONSTRAINT `assetfiles_folderId_fk` FOREIGN KEY (`folderId`) REFERENCES `assetfolders` (`id`) ON DELETE CASCADE,
	ADD CONSTRAINT `assetfiles_id_fk` FOREIGN KEY (`id`) REFERENCES `elements` (`id`) ON DELETE CASCADE,
	ADD CONSTRAINT `assetfiles_sourceId_fk` FOREIGN KEY (`sourceId`) REFERENCES `assetsources` (`id`) ON DELETE CASCADE;

--
-- Constraints for table `assetfolders`
--
ALTER TABLE `assetfolders`
	ADD CONSTRAINT `assetfolders_parentId_fk` FOREIGN KEY (`parentId`) REFERENCES `assetfolders` (`id`) ON DELETE CASCADE,
	ADD CONSTRAINT `assetfolders_sourceId_fk` FOREIGN KEY (`sourceId`) REFERENCES `assetsources` (`id`) ON DELETE CASCADE;

--
-- Constraints for table `assetindexdata`
--
ALTER TABLE `assetindexdata`
	ADD CONSTRAINT `assetindexdata_sourceId_fk` FOREIGN KEY (`sourceId`) REFERENCES `assetsources` (`id`) ON DELETE CASCADE;

--
-- Constraints for table `assetsources`
--
ALTER TABLE `assetsources`
	ADD CONSTRAINT `assetsources_fieldLayoutId_fk` FOREIGN KEY (`fieldLayoutId`) REFERENCES `fieldlayouts` (`id`) ON DELETE SET NULL;

--
-- Constraints for table `categories`
--
ALTER TABLE `categories`
	ADD CONSTRAINT `categories_groupId_fk` FOREIGN KEY (`groupId`) REFERENCES `categorygroups` (`id`) ON DELETE CASCADE,
	ADD CONSTRAINT `categories_id_fk` FOREIGN KEY (`id`) REFERENCES `elements` (`id`) ON DELETE CASCADE;

--
-- Constraints for table `categorygroups`
--
ALTER TABLE `categorygroups`
	ADD CONSTRAINT `categorygroups_fieldLayoutId_fk` FOREIGN KEY (`fieldLayoutId`) REFERENCES `fieldlayouts` (`id`) ON DELETE SET NULL,
	ADD CONSTRAINT `categorygroups_structureId_fk` FOREIGN KEY (`structureId`) REFERENCES `structures` (`id`) ON DELETE CASCADE;

--
-- Constraints for table `categorygroups_i18n`
--
ALTER TABLE `categorygroups_i18n`
	ADD CONSTRAINT `categorygroups_i18n_groupId_fk` FOREIGN KEY (`groupId`) REFERENCES `categorygroups` (`id`) ON DELETE CASCADE,
	ADD CONSTRAINT `categorygroups_i18n_locale_fk` FOREIGN KEY (`locale`) REFERENCES `locales` (`locale`) ON DELETE CASCADE ON UPDATE CASCADE;

--
-- Constraints for table `content`
--
ALTER TABLE `content`
	ADD CONSTRAINT `content_elementId_fk` FOREIGN KEY (`elementId`) REFERENCES `elements` (`id`) ON DELETE CASCADE,
	ADD CONSTRAINT `content_locale_fk` FOREIGN KEY (`locale`) REFERENCES `locales` (`locale`) ON DELETE CASCADE ON UPDATE CASCADE;

--
-- Constraints for table `elements_i18n`
--
ALTER TABLE `elements_i18n`
	ADD CONSTRAINT `elements_i18n_elementId_fk` FOREIGN KEY (`elementId`) REFERENCES `elements` (`id`) ON DELETE CASCADE,
	ADD CONSTRAINT `elements_i18n_locale_fk` FOREIGN KEY (`locale`) REFERENCES `locales` (`locale`) ON DELETE CASCADE ON UPDATE CASCADE;

--
-- Constraints for table `emailmessages`
--
ALTER TABLE `emailmessages`
	ADD CONSTRAINT `emailmessages_locale_fk` FOREIGN KEY (`locale`) REFERENCES `locales` (`locale`) ON DELETE CASCADE ON UPDATE CASCADE;

--
-- Constraints for table `entries`
--
ALTER TABLE `entries`
	ADD CONSTRAINT `entries_authorId_fk` FOREIGN KEY (`authorId`) REFERENCES `users` (`id`) ON DELETE CASCADE,
	ADD CONSTRAINT `entries_id_fk` FOREIGN KEY (`id`) REFERENCES `elements` (`id`) ON DELETE CASCADE,
	ADD CONSTRAINT `entries_sectionId_fk` FOREIGN KEY (`sectionId`) REFERENCES `sections` (`id`) ON DELETE CASCADE,
	ADD CONSTRAINT `entries_typeId_fk` FOREIGN KEY (`typeId`) REFERENCES `entrytypes` (`id`) ON DELETE CASCADE;

--
-- Constraints for table `entrydrafts`
--
ALTER TABLE `entrydrafts`
	ADD CONSTRAINT `entrydrafts_creatorId_fk` FOREIGN KEY (`creatorId`) REFERENCES `users` (`id`) ON DELETE CASCADE,
	ADD CONSTRAINT `entrydrafts_entryId_fk` FOREIGN KEY (`entryId`) REFERENCES `entries` (`id`) ON DELETE CASCADE,
	ADD CONSTRAINT `entrydrafts_locale_fk` FOREIGN KEY (`locale`) REFERENCES `locales` (`locale`) ON DELETE CASCADE ON UPDATE CASCADE,
	ADD CONSTRAINT `entrydrafts_sectionId_fk` FOREIGN KEY (`sectionId`) REFERENCES `sections` (`id`) ON DELETE CASCADE;

--
-- Constraints for table `entrytypes`
--
ALTER TABLE `entrytypes`
	ADD CONSTRAINT `entrytypes_fieldLayoutId_fk` FOREIGN KEY (`fieldLayoutId`) REFERENCES `fieldlayouts` (`id`) ON DELETE SET NULL,
	ADD CONSTRAINT `entrytypes_sectionId_fk` FOREIGN KEY (`sectionId`) REFERENCES `sections` (`id`) ON DELETE CASCADE;

--
-- Constraints for table `entryversions`
--
ALTER TABLE `entryversions`
	ADD CONSTRAINT `entryversions_creatorId_fk` FOREIGN KEY (`creatorId`) REFERENCES `users` (`id`) ON DELETE SET NULL,
	ADD CONSTRAINT `entryversions_entryId_fk` FOREIGN KEY (`entryId`) REFERENCES `entries` (`id`) ON DELETE CASCADE,
	ADD CONSTRAINT `entryversions_locale_fk` FOREIGN KEY (`locale`) REFERENCES `locales` (`locale`) ON DELETE CASCADE ON UPDATE CASCADE,
	ADD CONSTRAINT `entryversions_sectionId_fk` FOREIGN KEY (`sectionId`) REFERENCES `sections` (`id`) ON DELETE CASCADE;

--
-- Constraints for table `fieldlayoutfields`
--
ALTER TABLE `fieldlayoutfields`
	ADD CONSTRAINT `fieldlayoutfields_fieldId_fk` FOREIGN KEY (`fieldId`) REFERENCES `fields` (`id`) ON DELETE CASCADE,
	ADD CONSTRAINT `fieldlayoutfields_layoutId_fk` FOREIGN KEY (`layoutId`) REFERENCES `fieldlayouts` (`id`) ON DELETE CASCADE,
	ADD CONSTRAINT `fieldlayoutfields_tabId_fk` FOREIGN KEY (`tabId`) REFERENCES `fieldlayouttabs` (`id`) ON DELETE CASCADE;

--
-- Constraints for table `fieldlayouttabs`
--
ALTER TABLE `fieldlayouttabs`
	ADD CONSTRAINT `fieldlayouttabs_layoutId_fk` FOREIGN KEY (`layoutId`) REFERENCES `fieldlayouts` (`id`) ON DELETE CASCADE;

--
-- Constraints for table `fields`
--
ALTER TABLE `fields`
	ADD CONSTRAINT `fields_groupId_fk` FOREIGN KEY (`groupId`) REFERENCES `fieldgroups` (`id`) ON DELETE CASCADE;

--
-- Constraints for table `globalsets`
--
ALTER TABLE `globalsets`
	ADD CONSTRAINT `globalsets_fieldLayoutId_fk` FOREIGN KEY (`fieldLayoutId`) REFERENCES `fieldlayouts` (`id`) ON DELETE SET NULL,
	ADD CONSTRAINT `globalsets_id_fk` FOREIGN KEY (`id`) REFERENCES `elements` (`id`) ON DELETE CASCADE;

--
-- Constraints for table `matrixblocks`
--
ALTER TABLE `matrixblocks`
	ADD CONSTRAINT `matrixblocks_fieldId_fk` FOREIGN KEY (`fieldId`) REFERENCES `fields` (`id`) ON DELETE CASCADE,
	ADD CONSTRAINT `matrixblocks_id_fk` FOREIGN KEY (`id`) REFERENCES `elements` (`id`) ON DELETE CASCADE,
	ADD CONSTRAINT `matrixblocks_ownerId_fk` FOREIGN KEY (`ownerId`) REFERENCES `elements` (`id`) ON DELETE CASCADE,
	ADD CONSTRAINT `matrixblocks_ownerLocale_fk` FOREIGN KEY (`ownerLocale`) REFERENCES `locales` (`locale`) ON DELETE CASCADE ON UPDATE CASCADE,
	ADD CONSTRAINT `matrixblocks_typeId_fk` FOREIGN KEY (`typeId`) REFERENCES `matrixblocktypes` (`id`) ON DELETE CASCADE;

--
-- Constraints for table `matrixblocktypes`
--
ALTER TABLE `matrixblocktypes`
	ADD CONSTRAINT `matrixblocktypes_fieldId_fk` FOREIGN KEY (`fieldId`) REFERENCES `fields` (`id`) ON DELETE CASCADE,
	ADD CONSTRAINT `matrixblocktypes_fieldLayoutId_fk` FOREIGN KEY (`fieldLayoutId`) REFERENCES `fieldlayouts` (`id`) ON DELETE SET NULL;

--
-- Constraints for table `matrixcontent_navigationlink`
--
ALTER TABLE `matrixcontent_navigationlink`
	ADD CONSTRAINT `matrixcontent_navigationlink_elementId_fk` FOREIGN KEY (`elementId`) REFERENCES `elements` (`id`) ON DELETE CASCADE,
	ADD CONSTRAINT `matrixcontent_navigationlink_locale_fk` FOREIGN KEY (`locale`) REFERENCES `locales` (`locale`) ON DELETE CASCADE ON UPDATE CASCADE;

--
-- Constraints for table `matrixcontent_showmarketing`
--
ALTER TABLE `matrixcontent_showmarketing`
	ADD CONSTRAINT `matrixcontent_showmarketing_elementId_fk` FOREIGN KEY (`elementId`) REFERENCES `elements` (`id`) ON DELETE CASCADE,
	ADD CONSTRAINT `matrixcontent_showmarketing_locale_fk` FOREIGN KEY (`locale`) REFERENCES `locales` (`locale`) ON DELETE CASCADE ON UPDATE CASCADE;

--
-- Constraints for table `matrixcontent_showticketinformation`
--
ALTER TABLE `matrixcontent_showticketinformation`
	ADD CONSTRAINT `matrixcontent_showticketinformation_elementId_fk` FOREIGN KEY (`elementId`) REFERENCES `elements` (`id`) ON DELETE CASCADE,
	ADD CONSTRAINT `matrixcontent_showticketinformation_locale_fk` FOREIGN KEY (`locale`) REFERENCES `locales` (`locale`) ON DELETE CASCADE ON UPDATE CASCADE;

--
-- Constraints for table `matrixcontent_singlecontent`
--
ALTER TABLE `matrixcontent_singlecontent`
	ADD CONSTRAINT `matrixcontent_singlecontent_elementId_fk` FOREIGN KEY (`elementId`) REFERENCES `elements` (`id`) ON DELETE CASCADE,
	ADD CONSTRAINT `matrixcontent_singlecontent_locale_fk` FOREIGN KEY (`locale`) REFERENCES `locales` (`locale`) ON DELETE CASCADE ON UPDATE CASCADE;

--
-- Constraints for table `migrations`
--
ALTER TABLE `migrations`
	ADD CONSTRAINT `migrations_pluginId_fk` FOREIGN KEY (`pluginId`) REFERENCES `plugins` (`id`) ON DELETE CASCADE;

--
-- Constraints for table `relations`
--
ALTER TABLE `relations`
	ADD CONSTRAINT `relations_fieldId_fk` FOREIGN KEY (`fieldId`) REFERENCES `fields` (`id`) ON DELETE CASCADE,
	ADD CONSTRAINT `relations_sourceId_fk` FOREIGN KEY (`sourceId`) REFERENCES `elements` (`id`) ON DELETE CASCADE,
	ADD CONSTRAINT `relations_sourceLocale_fk` FOREIGN KEY (`sourceLocale`) REFERENCES `locales` (`locale`) ON DELETE CASCADE ON UPDATE CASCADE,
	ADD CONSTRAINT `relations_targetId_fk` FOREIGN KEY (`targetId`) REFERENCES `elements` (`id`) ON DELETE CASCADE;

--
-- Constraints for table `routes`
--
ALTER TABLE `routes`
	ADD CONSTRAINT `routes_locale_fk` FOREIGN KEY (`locale`) REFERENCES `locales` (`locale`) ON DELETE CASCADE ON UPDATE CASCADE;

--
-- Constraints for table `sections`
--
ALTER TABLE `sections`
	ADD CONSTRAINT `sections_structureId_fk` FOREIGN KEY (`structureId`) REFERENCES `structures` (`id`) ON DELETE SET NULL;

--
-- Constraints for table `sections_i18n`
--
ALTER TABLE `sections_i18n`
	ADD CONSTRAINT `sections_i18n_locale_fk` FOREIGN KEY (`locale`) REFERENCES `locales` (`locale`) ON DELETE CASCADE ON UPDATE CASCADE,
	ADD CONSTRAINT `sections_i18n_sectionId_fk` FOREIGN KEY (`sectionId`) REFERENCES `sections` (`id`) ON DELETE CASCADE;

--
-- Constraints for table `sessions`
--
ALTER TABLE `sessions`
	ADD CONSTRAINT `sessions_userId_fk` FOREIGN KEY (`userId`) REFERENCES `users` (`id`) ON DELETE CASCADE;

--
-- Constraints for table `shunnedmessages`
--
ALTER TABLE `shunnedmessages`
	ADD CONSTRAINT `shunnedmessages_userId_fk` FOREIGN KEY (`userId`) REFERENCES `users` (`id`) ON DELETE CASCADE;

--
-- Constraints for table `simplemap_maps`
--
ALTER TABLE `simplemap_maps`
	ADD CONSTRAINT `simplemap_maps_fieldId_fk` FOREIGN KEY (`fieldId`) REFERENCES `fields` (`id`) ON DELETE CASCADE,
	ADD CONSTRAINT `simplemap_maps_ownerId_fk` FOREIGN KEY (`ownerId`) REFERENCES `elements` (`id`) ON DELETE CASCADE,
	ADD CONSTRAINT `simplemap_maps_ownerLocale_fk` FOREIGN KEY (`ownerLocale`) REFERENCES `locales` (`locale`) ON DELETE CASCADE ON UPDATE CASCADE;

--
-- Constraints for table `structureelements`
--
ALTER TABLE `structureelements`
	ADD CONSTRAINT `structureelements_elementId_fk` FOREIGN KEY (`elementId`) REFERENCES `elements` (`id`) ON DELETE CASCADE,
	ADD CONSTRAINT `structureelements_structureId_fk` FOREIGN KEY (`structureId`) REFERENCES `structures` (`id`) ON DELETE CASCADE;

--
-- Constraints for table `taggroups`
--
ALTER TABLE `taggroups`
	ADD CONSTRAINT `taggroups_fieldLayoutId_fk` FOREIGN KEY (`fieldLayoutId`) REFERENCES `fieldlayouts` (`id`) ON DELETE SET NULL;

--
-- Constraints for table `tags`
--
ALTER TABLE `tags`
	ADD CONSTRAINT `tags_groupId_fk` FOREIGN KEY (`groupId`) REFERENCES `taggroups` (`id`) ON DELETE CASCADE,
	ADD CONSTRAINT `tags_id_fk` FOREIGN KEY (`id`) REFERENCES `elements` (`id`) ON DELETE CASCADE;

--
-- Constraints for table `templatecachecriteria`
--
ALTER TABLE `templatecachecriteria`
	ADD CONSTRAINT `templatecachecriteria_cacheId_fk` FOREIGN KEY (`cacheId`) REFERENCES `templatecaches` (`id`) ON DELETE CASCADE;

--
-- Constraints for table `templatecacheelements`
--
ALTER TABLE `templatecacheelements`
	ADD CONSTRAINT `templatecacheelements_cacheId_fk` FOREIGN KEY (`cacheId`) REFERENCES `templatecaches` (`id`) ON DELETE CASCADE,
	ADD CONSTRAINT `templatecacheelements_elementId_fk` FOREIGN KEY (`elementId`) REFERENCES `elements` (`id`) ON DELETE CASCADE;

--
-- Constraints for table `templatecaches`
--
ALTER TABLE `templatecaches`
	ADD CONSTRAINT `templatecaches_locale_fk` FOREIGN KEY (`locale`) REFERENCES `locales` (`locale`) ON DELETE CASCADE ON UPDATE CASCADE;

--
-- Constraints for table `usergroups_users`
--
ALTER TABLE `usergroups_users`
	ADD CONSTRAINT `usergroups_users_groupId_fk` FOREIGN KEY (`groupId`) REFERENCES `usergroups` (`id`) ON DELETE CASCADE,
	ADD CONSTRAINT `usergroups_users_userId_fk` FOREIGN KEY (`userId`) REFERENCES `users` (`id`) ON DELETE CASCADE;

--
-- Constraints for table `userpermissions_usergroups`
--
ALTER TABLE `userpermissions_usergroups`
	ADD CONSTRAINT `userpermissions_usergroups_groupId_fk` FOREIGN KEY (`groupId`) REFERENCES `usergroups` (`id`) ON DELETE CASCADE,
	ADD CONSTRAINT `userpermissions_usergroups_permissionId_fk` FOREIGN KEY (`permissionId`) REFERENCES `userpermissions` (`id`) ON DELETE CASCADE;

--
-- Constraints for table `userpermissions_users`
--
ALTER TABLE `userpermissions_users`
	ADD CONSTRAINT `userpermissions_users_permissionId_fk` FOREIGN KEY (`permissionId`) REFERENCES `userpermissions` (`id`) ON DELETE CASCADE,
	ADD CONSTRAINT `userpermissions_users_userId_fk` FOREIGN KEY (`userId`) REFERENCES `users` (`id`) ON DELETE CASCADE;

--
-- Constraints for table `users`
--
ALTER TABLE `users`
	ADD CONSTRAINT `users_id_fk` FOREIGN KEY (`id`) REFERENCES `elements` (`id`) ON DELETE CASCADE,
	ADD CONSTRAINT `users_preferredLocale_fk` FOREIGN KEY (`preferredLocale`) REFERENCES `locales` (`locale`) ON DELETE SET NULL ON UPDATE CASCADE;

--
-- Constraints for table `widgets`
--
ALTER TABLE `widgets`
	ADD CONSTRAINT `widgets_userId_fk` FOREIGN KEY (`userId`) REFERENCES `users` (`id`) ON DELETE CASCADE;

SET FOREIGN_KEY_CHECKS = 1;
